2026/08/21 18:31:01 - mmengine - INFO - 
------------------------------------------------------------
System environment:
    sys.platform: linux
    Python: 3.8.10 (default, Jun  4 2021, 15:09:15) [GCC 7.5.0]
    CUDA available: True
    MUSA available: False
    numpy_random_seed: 0
    GPU 0: NVIDIA GeForce RTX 4090 D
    CUDA_HOME: /usr/local/cuda
    NVCC: Cuda compilation tools, release 11.8, V11.8.89
    GCC: gcc (Ubuntu 9.4.0-1ubuntu1~20.04.1) 9.4.0
    PyTorch: 2.0.0+cu118
    PyTorch compiling details: PyTorch built with:
  - GCC 9.3
  - C++ Version: 201703
  - Intel(R) oneAPI Math Kernel Library Version 2022.2-Product Build 20220804 for Intel(R) 64 architecture applications
  - Intel(R) MKL-DNN v2.7.3 (Git Hash 6dbeffbae1f23cbbeae17adb7b5b13f1f37c080e)
  - OpenMP 201511 (a.k.a. OpenMP 4.5)
  - LAPACK is enabled (usually provided by MKL)
  - NNPACK is enabled
  - CPU capability usage: AVX2
  - CUDA Runtime 11.8
  - NVCC architecture flags: -gencode;arch=compute_37,code=sm_37;-gencode;arch=compute_50,code=sm_50;-gencode;arch=compute_60,code=sm_60;-gencode;arch=compute_70,code=sm_70;-gencode;arch=compute_75,code=sm_75;-gencode;arch=compute_80,code=sm_80;-gencode;arch=compute_86,code=sm_86;-gencode;arch=compute_90,code=sm_90
  - CuDNN 8.7
  - Magma 2.6.1
  - Build settings: BLAS_INFO=mkl, BUILD_TYPE=Release, CUDA_VERSION=11.8, CUDNN_VERSION=8.7.0, CXX_COMPILER=/opt/rh/devtoolset-9/root/usr/bin/c++, CXX_FLAGS= -D_GLIBCXX_USE_CXX11_ABI=0 -fabi-version=11 -Wno-deprecated -fvisibility-inlines-hidden -DUSE_PTHREADPOOL -DNDEBUG -DUSE_KINETO -DLIBKINETO_NOROCTRACER -DUSE_FBGEMM -DUSE_QNNPACK -DUSE_PYTORCH_QNNPACK -DUSE_XNNPACK -DSYMBOLICATE_MOBILE_DEBUG_HANDLE -O2 -fPIC -Wall -Wextra -Werror=return-type -Werror=non-virtual-dtor -Werror=bool-operation -Wnarrowing -Wno-missing-field-initializers -Wno-type-limits -Wno-array-bounds -Wno-unknown-pragmas -Wunused-local-typedefs -Wno-unused-parameter -Wno-unused-function -Wno-unused-result -Wno-strict-overflow -Wno-strict-aliasing -Wno-error=deprecated-declarations -Wno-stringop-overflow -Wno-psabi -Wno-error=pedantic -Wno-error=redundant-decls -Wno-error=old-style-cast -fdiagnostics-color=always -faligned-new -Wno-unused-but-set-variable -Wno-maybe-uninitialized -fno-math-errno -fno-trapping-math -Werror=format -Werror=cast-function-type -Wno-stringop-overflow, LAPACK_INFO=mkl, PERF_WITH_AVX=1, PERF_WITH_AVX2=1, PERF_WITH_AVX512=1, TORCH_DISABLE_GPU_ASSERTS=ON, TORCH_VERSION=2.0.0, USE_CUDA=ON, USE_CUDNN=ON, USE_EXCEPTION_PTR=1, USE_GFLAGS=OFF, USE_GLOG=OFF, USE_MKL=ON, USE_MKLDNN=ON, USE_MPI=OFF, USE_NCCL=1, USE_NNPACK=ON, USE_OPENMP=ON, USE_ROCM=OFF, 

    TorchVision: 0.15.1+cu118
    OpenCV: 4.9.0
    MMEngine: 0.10.7

Runtime environment:
    dist_cfg: {'backend': 'nccl'}
    seed: 0
    deterministic: True
    Distributed launcher: none
    Distributed training: False
    GPU number: 1
------------------------------------------------------------

2026/08/21 18:31:02 - mmengine - INFO - Config:
class_names = [
    'airplane',
    'bridge',
    'storage-tank',
    'ship',
    'swimming-pool',
    'vehicle',
    'person',
    'wind-mill',
]
data_root = 'data/AI-TOD-v2/'
dataset_type = 'CocoDataset'
default_hooks = dict(
    checkpoint=dict(
        interval=1, max_keep_ckpts=3, save_best='auto', type='CheckpointHook'),
    logger=dict(interval=50, type='LoggerHook'),
    param_scheduler=dict(type='ParamSchedulerHook'),
    sampler_seed=dict(type='DistSamplerSeedHook'),
    timer=dict(type='IterTimerHook'))
default_scope = 'mmdet'
input_size = (
    800,
    800,
)
launcher = 'none'
model = dict(
    backbone=dict(
        depth=50,
        frozen_stages=1,
        init_cfg=dict(
            checkpoint='data/pretrained/resnet50_msra-5891d200.pth',
            type='Pretrained'),
        norm_cfg=dict(requires_grad=True, type='BN'),
        norm_eval=True,
        num_stages=4,
        out_indices=(
            0,
            1,
            2,
            3,
        ),
        style='pytorch',
        type='ResNet'),
    bbox_head=dict(
        feat_channels=256,
        in_channels=256,
        loss_bbox=dict(loss_weight=1.0, type='GIoULoss'),
        loss_centerness=dict(
            loss_weight=1.0, type='CrossEntropyLoss', use_sigmoid=True),
        loss_cls=dict(
            alpha=0.25,
            gamma=2.0,
            loss_weight=1.0,
            type='FocalLoss',
            use_sigmoid=True),
        num_classes=8,
        regress_ranges=(
            (
                -1,
                32,
            ),
            (
                32,
                64,
            ),
            (
                64,
                128,
            ),
            (
                128,
                256,
            ),
            (
                256,
                100000000.0,
            ),
        ),
        stacked_convs=4,
        strides=[
            4,
            8,
            16,
            32,
            64,
        ],
        type='FCOSHead'),
    data_preprocessor=dict(
        bgr_to_rgb=True,
        mean=[
            123.675,
            116.28,
            103.53,
        ],
        pad_size_divisor=32,
        std=[
            58.395,
            57.12,
            57.375,
        ],
        type='DetDataPreprocessor'),
    neck=dict(
        add_extra_convs='on_output',
        in_channels=[
            256,
            512,
            1024,
            2048,
        ],
        num_outs=5,
        out_channels=256,
        relu_before_extra_convs=True,
        start_level=0,
        type='FPN'),
    test_cfg=dict(
        max_per_img=3000,
        min_bbox_size=0,
        nms=dict(iou_threshold=0.5, type='nms'),
        nms_pre=3000,
        score_thr=0.05),
    type='FCOS')
num_classes = 8
optim_wrapper = dict(
    clip_grad=dict(max_norm=35, norm_type=2),
    optimizer=dict(lr=0.005, momentum=0.9, type='SGD', weight_decay=0.0001),
    paramwise_cfg=dict(bias_decay_mult=0.0, bias_lr_mult=2.0),
    type='OptimWrapper')
param_scheduler = [
    dict(
        begin=0,
        by_epoch=False,
        end=250,
        start_factor=0.3333333333333333,
        type='LinearLR'),
    dict(
        begin=0,
        by_epoch=True,
        end=12,
        gamma=0.1,
        milestones=[
            8,
            11,
        ],
        type='MultiStepLR'),
]
randomness = dict(deterministic=True, seed=0)
test_cfg = dict(type='TestLoop')
test_dataloader = dict(
    batch_size=4,
    dataset=dict(
        ann_file='annotations/aitod_test_v1.json',
        data_prefix=dict(img='test/images/'),
        data_root='data/AI-TOD-v2/',
        metainfo=dict(classes=[
            'airplane',
            'bridge',
            'storage-tank',
            'ship',
            'swimming-pool',
            'vehicle',
            'person',
            'wind-mill',
        ]),
        pipeline=[
            dict(backend_args=None, type='LoadImageFromFile'),
            dict(keep_ratio=True, scale=(
                800,
                800,
            ), type='Resize'),
            dict(size_divisor=32, type='Pad'),
            dict(type='LoadAnnotations', with_bbox=True),
            dict(
                meta_keys=(
                    'img_id',
                    'img_path',
                    'ori_shape',
                    'img_shape',
                    'scale_factor',
                ),
                type='PackDetInputs'),
        ],
        test_mode=True,
        type='CocoDataset'),
    drop_last=False,
    num_workers=8,
    persistent_workers=True,
    pin_memory=True,
    sampler=dict(shuffle=False, type='DefaultSampler'))
test_evaluator = dict(
    ann_file='data/AI-TOD-v2/annotations/aitod_test_v1.json',
    format_only=False,
    metric='bbox',
    type='CocoMetric')
test_pipeline = [
    dict(backend_args=None, type='LoadImageFromFile'),
    dict(keep_ratio=True, scale=(
        800,
        800,
    ), type='Resize'),
    dict(size_divisor=32, type='Pad'),
    dict(type='LoadAnnotations', with_bbox=True),
    dict(
        meta_keys=(
            'img_id',
            'img_path',
            'ori_shape',
            'img_shape',
            'scale_factor',
        ),
        type='PackDetInputs'),
]
train_cfg = dict(max_epochs=12, type='EpochBasedTrainLoop', val_interval=4)
train_dataloader = dict(
    batch_sampler=dict(type='AspectRatioBatchSampler'),
    batch_size=4,
    dataset=dict(
        ann_file='annotations/aitod_train_v1.json',
        data_prefix=dict(img='train/images/'),
        data_root='data/AI-TOD-v2/',
        filter_cfg=dict(filter_empty_gt=True, min_size=2),
        metainfo=dict(classes=[
            'airplane',
            'bridge',
            'storage-tank',
            'ship',
            'swimming-pool',
            'vehicle',
            'person',
            'wind-mill',
        ]),
        pipeline=[
            dict(backend_args=None, type='LoadImageFromFile'),
            dict(type='LoadAnnotations', with_bbox=True),
            dict(keep_ratio=True, scale=(
                800,
                800,
            ), type='Resize'),
            dict(prob=0.5, type='RandomFlip'),
            dict(size_divisor=32, type='Pad'),
            dict(type='PackDetInputs'),
        ],
        type='CocoDataset'),
    num_workers=8,
    persistent_workers=True,
    pin_memory=True,
    sampler=dict(shuffle=True, type='DefaultSampler'))
train_pipeline = [
    dict(backend_args=None, type='LoadImageFromFile'),
    dict(type='LoadAnnotations', with_bbox=True),
    dict(keep_ratio=True, scale=(
        800,
        800,
    ), type='Resize'),
    dict(prob=0.5, type='RandomFlip'),
    dict(size_divisor=32, type='Pad'),
    dict(type='PackDetInputs'),
]
val_cfg = dict(type='ValLoop')
val_dataloader = dict(
    batch_size=4,
    dataset=dict(
        ann_file='annotations/aitod_val_v1.json',
        data_prefix=dict(img='val/images/'),
        data_root='data/AI-TOD-v2/',
        metainfo=dict(classes=[
            'airplane',
            'bridge',
            'storage-tank',
            'ship',
            'swimming-pool',
            'vehicle',
            'person',
            'wind-mill',
        ]),
        pipeline=[
            dict(backend_args=None, type='LoadImageFromFile'),
            dict(keep_ratio=True, scale=(
                800,
                800,
            ), type='Resize'),
            dict(size_divisor=32, type='Pad'),
            dict(type='LoadAnnotations', with_bbox=True),
            dict(
                meta_keys=(
                    'img_id',
                    'img_path',
                    'ori_shape',
                    'img_shape',
                    'scale_factor',
                ),
                type='PackDetInputs'),
        ],
        test_mode=True,
        type='CocoDataset'),
    drop_last=False,
    num_workers=8,
    persistent_workers=True,
    pin_memory=True,
    sampler=dict(shuffle=False, type='DefaultSampler'))
val_evaluator = dict(
    ann_file='data/AI-TOD-v2/annotations/aitod_val_v1.json',
    format_only=False,
    metric='bbox',
    type='CocoMetric')
val_pipeline = [
    dict(backend_args=None, type='LoadImageFromFile'),
    dict(keep_ratio=True, scale=(
        800,
        800,
    ), type='Resize'),
    dict(size_divisor=32, type='Pad'),
    dict(type='LoadAnnotations', with_bbox=True),
    dict(
        meta_keys=(
            'img_id',
            'img_path',
            'ori_shape',
            'img_shape',
            'scale_factor',
        ),
        type='PackDetInputs'),
]
work_dir = 'outputs/PRT-001/B1/seed0'

2026/08/21 18:31:05 - mmengine - INFO - Distributed training is not used, all SyncBatchNorm (SyncBN) layers in the model will be automatically reverted to BatchNormXd layers if they are used.
2026/08/21 18:31:05 - mmengine - INFO - Hooks will be executed in the following order:
before_run:
(VERY_HIGH   ) RuntimeInfoHook                    
(BELOW_NORMAL) LoggerHook                         
 -------------------- 
before_train:
(VERY_HIGH   ) RuntimeInfoHook                    
(NORMAL      ) IterTimerHook                      
(VERY_LOW    ) CheckpointHook                     
 -------------------- 
before_train_epoch:
(VERY_HIGH   ) RuntimeInfoHook                    
(NORMAL      ) IterTimerHook                      
(NORMAL      ) DistSamplerSeedHook                
 -------------------- 
before_train_iter:
(VERY_HIGH   ) RuntimeInfoHook                    
(NORMAL      ) IterTimerHook                      
 -------------------- 
after_train_iter:
(VERY_HIGH   ) RuntimeInfoHook                    
(NORMAL      ) IterTimerHook                      
(BELOW_NORMAL) LoggerHook                         
(LOW         ) ParamSchedulerHook                 
(VERY_LOW    ) CheckpointHook                     
 -------------------- 
after_train_epoch:
(NORMAL      ) IterTimerHook                      
(LOW         ) ParamSchedulerHook                 
(VERY_LOW    ) CheckpointHook                     
 -------------------- 
before_val:
(VERY_HIGH   ) RuntimeInfoHook                    
 -------------------- 
before_val_epoch:
(NORMAL      ) IterTimerHook                      
 -------------------- 
before_val_iter:
(NORMAL      ) IterTimerHook                      
 -------------------- 
after_val_iter:
(NORMAL      ) IterTimerHook                      
(BELOW_NORMAL) LoggerHook                         
 -------------------- 
after_val_epoch:
(VERY_HIGH   ) RuntimeInfoHook                    
(NORMAL      ) IterTimerHook                      
(BELOW_NORMAL) LoggerHook                         
(LOW         ) ParamSchedulerHook                 
(VERY_LOW    ) CheckpointHook                     
 -------------------- 
after_val:
(VERY_HIGH   ) RuntimeInfoHook                    
 -------------------- 
after_train:
(VERY_HIGH   ) RuntimeInfoHook                    
(VERY_LOW    ) CheckpointHook                     
 -------------------- 
before_test:
(VERY_HIGH   ) RuntimeInfoHook                    
 -------------------- 
before_test_epoch:
(NORMAL      ) IterTimerHook                      
 -------------------- 
before_test_iter:
(NORMAL      ) IterTimerHook                      
 -------------------- 
after_test_iter:
(NORMAL      ) IterTimerHook                      
(BELOW_NORMAL) LoggerHook                         
 -------------------- 
after_test_epoch:
(VERY_HIGH   ) RuntimeInfoHook                    
(NORMAL      ) IterTimerHook                      
(BELOW_NORMAL) LoggerHook                         
 -------------------- 
after_test:
(VERY_HIGH   ) RuntimeInfoHook                    
 -------------------- 
after_run:
(BELOW_NORMAL) LoggerHook                         
 -------------------- 
2026/08/21 18:31:11 - mmengine - WARNING - backbone.conv1.weight is skipped since its requires_grad=False
2026/08/21 18:31:11 - mmengine - WARNING - backbone.bn1.weight is skipped since its requires_grad=False
2026/08/21 18:31:11 - mmengine - WARNING - backbone.bn1.bias is skipped since its requires_grad=False
2026/08/21 18:31:11 - mmengine - WARNING - backbone.layer1.0.conv1.weight is skipped since its requires_grad=False
2026/08/21 18:31:11 - mmengine - WARNING - backbone.layer1.0.bn1.weight is skipped since its requires_grad=False
2026/08/21 18:31:11 - mmengine - WARNING - backbone.layer1.0.bn1.bias is skipped since its requires_grad=False
2026/08/21 18:31:11 - mmengine - WARNING - backbone.layer1.0.conv2.weight is skipped since its requires_grad=False
2026/08/21 18:31:11 - mmengine - WARNING - backbone.layer1.0.bn2.weight is skipped since its requires_grad=False
2026/08/21 18:31:11 - mmengine - WARNING - backbone.layer1.0.bn2.bias is skipped since its requires_grad=False
2026/08/21 18:31:11 - mmengine - WARNING - backbone.layer1.0.conv3.weight is skipped since its requires_grad=False
2026/08/21 18:31:11 - mmengine - WARNING - backbone.layer1.0.bn3.weight is skipped since its requires_grad=False
2026/08/21 18:31:11 - mmengine - WARNING - backbone.layer1.0.bn3.bias is skipped since its requires_grad=False
2026/08/21 18:31:11 - mmengine - WARNING - backbone.layer1.0.downsample.0.weight is skipped since its requires_grad=False
2026/08/21 18:31:11 - mmengine - WARNING - backbone.layer1.0.downsample.1.weight is skipped since its requires_grad=False
2026/08/21 18:31:11 - mmengine - WARNING - backbone.layer1.0.downsample.1.bias is skipped since its requires_grad=False
2026/08/21 18:31:11 - mmengine - WARNING - backbone.layer1.1.conv1.weight is skipped since its requires_grad=False
2026/08/21 18:31:11 - mmengine - WARNING - backbone.layer1.1.bn1.weight is skipped since its requires_grad=False
2026/08/21 18:31:11 - mmengine - WARNING - backbone.layer1.1.bn1.bias is skipped since its requires_grad=False
2026/08/21 18:31:11 - mmengine - WARNING - backbone.layer1.1.conv2.weight is skipped since its requires_grad=False
2026/08/21 18:31:11 - mmengine - WARNING - backbone.layer1.1.bn2.weight is skipped since its requires_grad=False
2026/08/21 18:31:11 - mmengine - WARNING - backbone.layer1.1.bn2.bias is skipped since its requires_grad=False
2026/08/21 18:31:11 - mmengine - WARNING - backbone.layer1.1.conv3.weight is skipped since its requires_grad=False
2026/08/21 18:31:11 - mmengine - WARNING - backbone.layer1.1.bn3.weight is skipped since its requires_grad=False
2026/08/21 18:31:11 - mmengine - WARNING - backbone.layer1.1.bn3.bias is skipped since its requires_grad=False
2026/08/21 18:31:11 - mmengine - WARNING - backbone.layer1.2.conv1.weight is skipped since its requires_grad=False
2026/08/21 18:31:11 - mmengine - WARNING - backbone.layer1.2.bn1.weight is skipped since its requires_grad=False
2026/08/21 18:31:11 - mmengine - WARNING - backbone.layer1.2.bn1.bias is skipped since its requires_grad=False
2026/08/21 18:31:11 - mmengine - WARNING - backbone.layer1.2.conv2.weight is skipped since its requires_grad=False
2026/08/21 18:31:11 - mmengine - WARNING - backbone.layer1.2.bn2.weight is skipped since its requires_grad=False
2026/08/21 18:31:11 - mmengine - WARNING - backbone.layer1.2.bn2.bias is skipped since its requires_grad=False
2026/08/21 18:31:11 - mmengine - WARNING - backbone.layer1.2.conv3.weight is skipped since its requires_grad=False
2026/08/21 18:31:11 - mmengine - WARNING - backbone.layer1.2.bn3.weight is skipped since its requires_grad=False
2026/08/21 18:31:11 - mmengine - WARNING - backbone.layer1.2.bn3.bias is skipped since its requires_grad=False
2026/08/21 18:31:11 - mmengine - INFO - paramwise_options -- backbone.layer2.0.bn1.bias:weight_decay=0.0
2026/08/21 18:31:11 - mmengine - INFO - paramwise_options -- backbone.layer2.0.bn2.bias:weight_decay=0.0
2026/08/21 18:31:11 - mmengine - INFO - paramwise_options -- backbone.layer2.0.bn3.bias:weight_decay=0.0
2026/08/21 18:31:11 - mmengine - INFO - paramwise_options -- backbone.layer2.0.downsample.1.bias:weight_decay=0.0
2026/08/21 18:31:11 - mmengine - INFO - paramwise_options -- backbone.layer2.1.bn1.bias:weight_decay=0.0
2026/08/21 18:31:11 - mmengine - INFO - paramwise_options -- backbone.layer2.1.bn2.bias:weight_decay=0.0
2026/08/21 18:31:11 - mmengine - INFO - paramwise_options -- backbone.layer2.1.bn3.bias:weight_decay=0.0
2026/08/21 18:31:11 - mmengine - INFO - paramwise_options -- backbone.layer2.2.bn1.bias:weight_decay=0.0
2026/08/21 18:31:11 - mmengine - INFO - paramwise_options -- backbone.layer2.2.bn2.bias:weight_decay=0.0
2026/08/21 18:31:11 - mmengine - INFO - paramwise_options -- backbone.layer2.2.bn3.bias:weight_decay=0.0
2026/08/21 18:31:11 - mmengine - INFO - paramwise_options -- backbone.layer2.3.bn1.bias:weight_decay=0.0
2026/08/21 18:31:11 - mmengine - INFO - paramwise_options -- backbone.layer2.3.bn2.bias:weight_decay=0.0
2026/08/21 18:31:11 - mmengine - INFO - paramwise_options -- backbone.layer2.3.bn3.bias:weight_decay=0.0
2026/08/21 18:31:11 - mmengine - INFO - paramwise_options -- backbone.layer3.0.bn1.bias:weight_decay=0.0
2026/08/21 18:31:11 - mmengine - INFO - paramwise_options -- backbone.layer3.0.bn2.bias:weight_decay=0.0
2026/08/21 18:31:11 - mmengine - INFO - paramwise_options -- backbone.layer3.0.bn3.bias:weight_decay=0.0
2026/08/21 18:31:11 - mmengine - INFO - paramwise_options -- backbone.layer3.0.downsample.1.bias:weight_decay=0.0
2026/08/21 18:31:11 - mmengine - INFO - paramwise_options -- backbone.layer3.1.bn1.bias:weight_decay=0.0
2026/08/21 18:31:11 - mmengine - INFO - paramwise_options -- backbone.layer3.1.bn2.bias:weight_decay=0.0
2026/08/21 18:31:11 - mmengine - INFO - paramwise_options -- backbone.layer3.1.bn3.bias:weight_decay=0.0
2026/08/21 18:31:11 - mmengine - INFO - paramwise_options -- backbone.layer3.2.bn1.bias:weight_decay=0.0
2026/08/21 18:31:11 - mmengine - INFO - paramwise_options -- backbone.layer3.2.bn2.bias:weight_decay=0.0
2026/08/21 18:31:11 - mmengine - INFO - paramwise_options -- backbone.layer3.2.bn3.bias:weight_decay=0.0
2026/08/21 18:31:11 - mmengine - INFO - paramwise_options -- backbone.layer3.3.bn1.bias:weight_decay=0.0
2026/08/21 18:31:11 - mmengine - INFO - paramwise_options -- backbone.layer3.3.bn2.bias:weight_decay=0.0
2026/08/21 18:31:11 - mmengine - INFO - paramwise_options -- backbone.layer3.3.bn3.bias:weight_decay=0.0
2026/08/21 18:31:11 - mmengine - INFO - paramwise_options -- backbone.layer3.4.bn1.bias:weight_decay=0.0
2026/08/21 18:31:11 - mmengine - INFO - paramwise_options -- backbone.layer3.4.bn2.bias:weight_decay=0.0
2026/08/21 18:31:11 - mmengine - INFO - paramwise_options -- backbone.layer3.4.bn3.bias:weight_decay=0.0
2026/08/21 18:31:11 - mmengine - INFO - paramwise_options -- backbone.layer3.5.bn1.bias:weight_decay=0.0
2026/08/21 18:31:11 - mmengine - INFO - paramwise_options -- backbone.layer3.5.bn2.bias:weight_decay=0.0
2026/08/21 18:31:11 - mmengine - INFO - paramwise_options -- backbone.layer3.5.bn3.bias:weight_decay=0.0
2026/08/21 18:31:11 - mmengine - INFO - paramwise_options -- backbone.layer4.0.bn1.bias:weight_decay=0.0
2026/08/21 18:31:11 - mmengine - INFO - paramwise_options -- backbone.layer4.0.bn2.bias:weight_decay=0.0
2026/08/21 18:31:11 - mmengine - INFO - paramwise_options -- backbone.layer4.0.bn3.bias:weight_decay=0.0
2026/08/21 18:31:11 - mmengine - INFO - paramwise_options -- backbone.layer4.0.downsample.1.bias:weight_decay=0.0
2026/08/21 18:31:11 - mmengine - INFO - paramwise_options -- backbone.layer4.1.bn1.bias:weight_decay=0.0
2026/08/21 18:31:11 - mmengine - INFO - paramwise_options -- backbone.layer4.1.bn2.bias:weight_decay=0.0
2026/08/21 18:31:11 - mmengine - INFO - paramwise_options -- backbone.layer4.1.bn3.bias:weight_decay=0.0
2026/08/21 18:31:11 - mmengine - INFO - paramwise_options -- backbone.layer4.2.bn1.bias:weight_decay=0.0
2026/08/21 18:31:11 - mmengine - INFO - paramwise_options -- backbone.layer4.2.bn2.bias:weight_decay=0.0
2026/08/21 18:31:11 - mmengine - INFO - paramwise_options -- backbone.layer4.2.bn3.bias:weight_decay=0.0
2026/08/21 18:31:11 - mmengine - INFO - paramwise_options -- neck.lateral_convs.0.conv.bias:lr=0.01
2026/08/21 18:31:11 - mmengine - INFO - paramwise_options -- neck.lateral_convs.0.conv.bias:weight_decay=0.0
2026/08/21 18:31:11 - mmengine - INFO - paramwise_options -- neck.lateral_convs.1.conv.bias:lr=0.01
2026/08/21 18:31:11 - mmengine - INFO - paramwise_options -- neck.lateral_convs.1.conv.bias:weight_decay=0.0
2026/08/21 18:31:11 - mmengine - INFO - paramwise_options -- neck.lateral_convs.2.conv.bias:lr=0.01
2026/08/21 18:31:11 - mmengine - INFO - paramwise_options -- neck.lateral_convs.2.conv.bias:weight_decay=0.0
2026/08/21 18:31:11 - mmengine - INFO - paramwise_options -- neck.lateral_convs.3.conv.bias:lr=0.01
2026/08/21 18:31:11 - mmengine - INFO - paramwise_options -- neck.lateral_convs.3.conv.bias:weight_decay=0.0
2026/08/21 18:31:11 - mmengine - INFO - paramwise_options -- neck.fpn_convs.0.conv.bias:lr=0.01
2026/08/21 18:31:11 - mmengine - INFO - paramwise_options -- neck.fpn_convs.0.conv.bias:weight_decay=0.0
2026/08/21 18:31:11 - mmengine - INFO - paramwise_options -- neck.fpn_convs.1.conv.bias:lr=0.01
2026/08/21 18:31:11 - mmengine - INFO - paramwise_options -- neck.fpn_convs.1.conv.bias:weight_decay=0.0
2026/08/21 18:31:11 - mmengine - INFO - paramwise_options -- neck.fpn_convs.2.conv.bias:lr=0.01
2026/08/21 18:31:11 - mmengine - INFO - paramwise_options -- neck.fpn_convs.2.conv.bias:weight_decay=0.0
2026/08/21 18:31:11 - mmengine - INFO - paramwise_options -- neck.fpn_convs.3.conv.bias:lr=0.01
2026/08/21 18:31:11 - mmengine - INFO - paramwise_options -- neck.fpn_convs.3.conv.bias:weight_decay=0.0
2026/08/21 18:31:11 - mmengine - INFO - paramwise_options -- neck.fpn_convs.4.conv.bias:lr=0.01
2026/08/21 18:31:11 - mmengine - INFO - paramwise_options -- neck.fpn_convs.4.conv.bias:weight_decay=0.0
2026/08/21 18:31:11 - mmengine - INFO - paramwise_options -- bbox_head.cls_convs.0.gn.bias:weight_decay=0.0
2026/08/21 18:31:11 - mmengine - INFO - paramwise_options -- bbox_head.cls_convs.1.gn.bias:weight_decay=0.0
2026/08/21 18:31:11 - mmengine - INFO - paramwise_options -- bbox_head.cls_convs.2.gn.bias:weight_decay=0.0
2026/08/21 18:31:11 - mmengine - INFO - paramwise_options -- bbox_head.cls_convs.3.gn.bias:weight_decay=0.0
2026/08/21 18:31:11 - mmengine - INFO - paramwise_options -- bbox_head.reg_convs.0.gn.bias:weight_decay=0.0
2026/08/21 18:31:11 - mmengine - INFO - paramwise_options -- bbox_head.reg_convs.1.gn.bias:weight_decay=0.0
2026/08/21 18:31:11 - mmengine - INFO - paramwise_options -- bbox_head.reg_convs.2.gn.bias:weight_decay=0.0
2026/08/21 18:31:11 - mmengine - INFO - paramwise_options -- bbox_head.reg_convs.3.gn.bias:weight_decay=0.0
2026/08/21 18:31:11 - mmengine - INFO - paramwise_options -- bbox_head.conv_cls.bias:lr=0.01
2026/08/21 18:31:11 - mmengine - INFO - paramwise_options -- bbox_head.conv_cls.bias:weight_decay=0.0
2026/08/21 18:31:11 - mmengine - INFO - paramwise_options -- bbox_head.conv_reg.bias:lr=0.01
2026/08/21 18:31:11 - mmengine - INFO - paramwise_options -- bbox_head.conv_reg.bias:weight_decay=0.0
2026/08/21 18:31:11 - mmengine - INFO - paramwise_options -- bbox_head.conv_centerness.bias:lr=0.01
2026/08/21 18:31:11 - mmengine - INFO - paramwise_options -- bbox_head.conv_centerness.bias:weight_decay=0.0
2026/08/21 18:31:13 - mmengine - INFO - load model from: data/pretrained/resnet50_msra-5891d200.pth
2026/08/21 18:31:13 - mmengine - INFO - Loads checkpoint by local backend from path: data/pretrained/resnet50_msra-5891d200.pth
2026/08/21 18:31:13 - mmengine - WARNING - The model and loaded state dict do not match exactly

unexpected key in source state_dict: conv1.bias

Name of parameter - Initialization information

backbone.conv1.weight - torch.Size([64, 3, 7, 7]): 
PretrainedInit: load from data/pretrained/resnet50_msra-5891d200.pth 

backbone.bn1.weight - torch.Size([64]): 
PretrainedInit: load from data/pretrained/resnet50_msra-5891d200.pth 

backbone.bn1.bias - torch.Size([64]): 
PretrainedInit: load from data/pretrained/resnet50_msra-5891d200.pth 

backbone.layer1.0.conv1.weight - torch.Size([64, 64, 1, 1]): 
PretrainedInit: load from data/pretrained/resnet50_msra-5891d200.pth 

backbone.layer1.0.bn1.weight - torch.Size([64]): 
PretrainedInit: load from data/pretrained/resnet50_msra-5891d200.pth 

backbone.layer1.0.bn1.bias - torch.Size([64]): 
PretrainedInit: load from data/pretrained/resnet50_msra-5891d200.pth 

backbone.layer1.0.conv2.weight - torch.Size([64, 64, 3, 3]): 
PretrainedInit: load from data/pretrained/resnet50_msra-5891d200.pth 

backbone.layer1.0.bn2.weight - torch.Size([64]): 
PretrainedInit: load from data/pretrained/resnet50_msra-5891d200.pth 

backbone.layer1.0.bn2.bias - torch.Size([64]): 
PretrainedInit: load from data/pretrained/resnet50_msra-5891d200.pth 

backbone.layer1.0.conv3.weight - torch.Size([256, 64, 1, 1]): 
PretrainedInit: load from data/pretrained/resnet50_msra-5891d200.pth 

backbone.layer1.0.bn3.weight - torch.Size([256]): 
PretrainedInit: load from data/pretrained/resnet50_msra-5891d200.pth 

backbone.layer1.0.bn3.bias - torch.Size([256]): 
PretrainedInit: load from data/pretrained/resnet50_msra-5891d200.pth 

backbone.layer1.0.downsample.0.weight - torch.Size([256, 64, 1, 1]): 
PretrainedInit: load from data/pretrained/resnet50_msra-5891d200.pth 

backbone.layer1.0.downsample.1.weight - torch.Size([256]): 
PretrainedInit: load from data/pretrained/resnet50_msra-5891d200.pth 

backbone.layer1.0.downsample.1.bias - torch.Size([256]): 
PretrainedInit: load from data/pretrained/resnet50_msra-5891d200.pth 

backbone.layer1.1.conv1.weight - torch.Size([64, 256, 1, 1]): 
PretrainedInit: load from data/pretrained/resnet50_msra-5891d200.pth 

backbone.layer1.1.bn1.weight - torch.Size([64]): 
PretrainedInit: load from data/pretrained/resnet50_msra-5891d200.pth 

backbone.layer1.1.bn1.bias - torch.Size([64]): 
PretrainedInit: load from data/pretrained/resnet50_msra-5891d200.pth 

backbone.layer1.1.conv2.weight - torch.Size([64, 64, 3, 3]): 
PretrainedInit: load from data/pretrained/resnet50_msra-5891d200.pth 

backbone.layer1.1.bn2.weight - torch.Size([64]): 
PretrainedInit: load from data/pretrained/resnet50_msra-5891d200.pth 

backbone.layer1.1.bn2.bias - torch.Size([64]): 
PretrainedInit: load from data/pretrained/resnet50_msra-5891d200.pth 

backbone.layer1.1.conv3.weight - torch.Size([256, 64, 1, 1]): 
PretrainedInit: load from data/pretrained/resnet50_msra-5891d200.pth 

backbone.layer1.1.bn3.weight - torch.Size([256]): 
PretrainedInit: load from data/pretrained/resnet50_msra-5891d200.pth 

backbone.layer1.1.bn3.bias - torch.Size([256]): 
PretrainedInit: load from data/pretrained/resnet50_msra-5891d200.pth 

backbone.layer1.2.conv1.weight - torch.Size([64, 256, 1, 1]): 
PretrainedInit: load from data/pretrained/resnet50_msra-5891d200.pth 

backbone.layer1.2.bn1.weight - torch.Size([64]): 
PretrainedInit: load from data/pretrained/resnet50_msra-5891d200.pth 

backbone.layer1.2.bn1.bias - torch.Size([64]): 
PretrainedInit: load from data/pretrained/resnet50_msra-5891d200.pth 

backbone.layer1.2.conv2.weight - torch.Size([64, 64, 3, 3]): 
PretrainedInit: load from data/pretrained/resnet50_msra-5891d200.pth 

backbone.layer1.2.bn2.weight - torch.Size([64]): 
PretrainedInit: load from data/pretrained/resnet50_msra-5891d200.pth 

backbone.layer1.2.bn2.bias - torch.Size([64]): 
PretrainedInit: load from data/pretrained/resnet50_msra-5891d200.pth 

backbone.layer1.2.conv3.weight - torch.Size([256, 64, 1, 1]): 
PretrainedInit: load from data/pretrained/resnet50_msra-5891d200.pth 

backbone.layer1.2.bn3.weight - torch.Size([256]): 
PretrainedInit: load from data/pretrained/resnet50_msra-5891d200.pth 

backbone.layer1.2.bn3.bias - torch.Size([256]): 
PretrainedInit: load from data/pretrained/resnet50_msra-5891d200.pth 

backbone.layer2.0.conv1.weight - torch.Size([128, 256, 1, 1]): 
PretrainedInit: load from data/pretrained/resnet50_msra-5891d200.pth 

backbone.layer2.0.bn1.weight - torch.Size([128]): 
PretrainedInit: load from data/pretrained/resnet50_msra-5891d200.pth 

backbone.layer2.0.bn1.bias - torch.Size([128]): 
PretrainedInit: load from data/pretrained/resnet50_msra-5891d200.pth 

backbone.layer2.0.conv2.weight - torch.Size([128, 128, 3, 3]): 
PretrainedInit: load from data/pretrained/resnet50_msra-5891d200.pth 

backbone.layer2.0.bn2.weight - torch.Size([128]): 
PretrainedInit: load from data/pretrained/resnet50_msra-5891d200.pth 

backbone.layer2.0.bn2.bias - torch.Size([128]): 
PretrainedInit: load from data/pretrained/resnet50_msra-5891d200.pth 

backbone.layer2.0.conv3.weight - torch.Size([512, 128, 1, 1]): 
PretrainedInit: load from data/pretrained/resnet50_msra-5891d200.pth 

backbone.layer2.0.bn3.weight - torch.Size([512]): 
PretrainedInit: load from data/pretrained/resnet50_msra-5891d200.pth 

backbone.layer2.0.bn3.bias - torch.Size([512]): 
PretrainedInit: load from data/pretrained/resnet50_msra-5891d200.pth 

backbone.layer2.0.downsample.0.weight - torch.Size([512, 256, 1, 1]): 
PretrainedInit: load from data/pretrained/resnet50_msra-5891d200.pth 

backbone.layer2.0.downsample.1.weight - torch.Size([512]): 
PretrainedInit: load from data/pretrained/resnet50_msra-5891d200.pth 

backbone.layer2.0.downsample.1.bias - torch.Size([512]): 
PretrainedInit: load from data/pretrained/resnet50_msra-5891d200.pth 

backbone.layer2.1.conv1.weight - torch.Size([128, 512, 1, 1]): 
PretrainedInit: load from data/pretrained/resnet50_msra-5891d200.pth 

backbone.layer2.1.bn1.weight - torch.Size([128]): 
PretrainedInit: load from data/pretrained/resnet50_msra-5891d200.pth 

backbone.layer2.1.bn1.bias - torch.Size([128]): 
PretrainedInit: load from data/pretrained/resnet50_msra-5891d200.pth 

backbone.layer2.1.conv2.weight - torch.Size([128, 128, 3, 3]): 
PretrainedInit: load from data/pretrained/resnet50_msra-5891d200.pth 

backbone.layer2.1.bn2.weight - torch.Size([128]): 
PretrainedInit: load from data/pretrained/resnet50_msra-5891d200.pth 

backbone.layer2.1.bn2.bias - torch.Size([128]): 
PretrainedInit: load from data/pretrained/resnet50_msra-5891d200.pth 

backbone.layer2.1.conv3.weight - torch.Size([512, 128, 1, 1]): 
PretrainedInit: load from data/pretrained/resnet50_msra-5891d200.pth 

backbone.layer2.1.bn3.weight - torch.Size([512]): 
PretrainedInit: load from data/pretrained/resnet50_msra-5891d200.pth 

backbone.layer2.1.bn3.bias - torch.Size([512]): 
PretrainedInit: load from data/pretrained/resnet50_msra-5891d200.pth 

backbone.layer2.2.conv1.weight - torch.Size([128, 512, 1, 1]): 
PretrainedInit: load from data/pretrained/resnet50_msra-5891d200.pth 

backbone.layer2.2.bn1.weight - torch.Size([128]): 
PretrainedInit: load from data/pretrained/resnet50_msra-5891d200.pth 

backbone.layer2.2.bn1.bias - torch.Size([128]): 
PretrainedInit: load from data/pretrained/resnet50_msra-5891d200.pth 

backbone.layer2.2.conv2.weight - torch.Size([128, 128, 3, 3]): 
PretrainedInit: load from data/pretrained/resnet50_msra-5891d200.pth 

backbone.layer2.2.bn2.weight - torch.Size([128]): 
PretrainedInit: load from data/pretrained/resnet50_msra-5891d200.pth 

backbone.layer2.2.bn2.bias - torch.Size([128]): 
PretrainedInit: load from data/pretrained/resnet50_msra-5891d200.pth 

backbone.layer2.2.conv3.weight - torch.Size([512, 128, 1, 1]): 
PretrainedInit: load from data/pretrained/resnet50_msra-5891d200.pth 

backbone.layer2.2.bn3.weight - torch.Size([512]): 
PretrainedInit: load from data/pretrained/resnet50_msra-5891d200.pth 

backbone.layer2.2.bn3.bias - torch.Size([512]): 
PretrainedInit: load from data/pretrained/resnet50_msra-5891d200.pth 

backbone.layer2.3.conv1.weight - torch.Size([128, 512, 1, 1]): 
PretrainedInit: load from data/pretrained/resnet50_msra-5891d200.pth 

backbone.layer2.3.bn1.weight - torch.Size([128]): 
PretrainedInit: load from data/pretrained/resnet50_msra-5891d200.pth 

backbone.layer2.3.bn1.bias - torch.Size([128]): 
PretrainedInit: load from data/pretrained/resnet50_msra-5891d200.pth 

backbone.layer2.3.conv2.weight - torch.Size([128, 128, 3, 3]): 
PretrainedInit: load from data/pretrained/resnet50_msra-5891d200.pth 

backbone.layer2.3.bn2.weight - torch.Size([128]): 
PretrainedInit: load from data/pretrained/resnet50_msra-5891d200.pth 

backbone.layer2.3.bn2.bias - torch.Size([128]): 
PretrainedInit: load from data/pretrained/resnet50_msra-5891d200.pth 

backbone.layer2.3.conv3.weight - torch.Size([512, 128, 1, 1]): 
PretrainedInit: load from data/pretrained/resnet50_msra-5891d200.pth 

backbone.layer2.3.bn3.weight - torch.Size([512]): 
PretrainedInit: load from data/pretrained/resnet50_msra-5891d200.pth 

backbone.layer2.3.bn3.bias - torch.Size([512]): 
PretrainedInit: load from data/pretrained/resnet50_msra-5891d200.pth 

backbone.layer3.0.conv1.weight - torch.Size([256, 512, 1, 1]): 
PretrainedInit: load from data/pretrained/resnet50_msra-5891d200.pth 

backbone.layer3.0.bn1.weight - torch.Size([256]): 
PretrainedInit: load from data/pretrained/resnet50_msra-5891d200.pth 

backbone.layer3.0.bn1.bias - torch.Size([256]): 
PretrainedInit: load from data/pretrained/resnet50_msra-5891d200.pth 

backbone.layer3.0.conv2.weight - torch.Size([256, 256, 3, 3]): 
PretrainedInit: load from data/pretrained/resnet50_msra-5891d200.pth 

backbone.layer3.0.bn2.weight - torch.Size([256]): 
PretrainedInit: load from data/pretrained/resnet50_msra-5891d200.pth 

backbone.layer3.0.bn2.bias - torch.Size([256]): 
PretrainedInit: load from data/pretrained/resnet50_msra-5891d200.pth 

backbone.layer3.0.conv3.weight - torch.Size([1024, 256, 1, 1]): 
PretrainedInit: load from data/pretrained/resnet50_msra-5891d200.pth 

backbone.layer3.0.bn3.weight - torch.Size([1024]): 
PretrainedInit: load from data/pretrained/resnet50_msra-5891d200.pth 

backbone.layer3.0.bn3.bias - torch.Size([1024]): 
PretrainedInit: load from data/pretrained/resnet50_msra-5891d200.pth 

backbone.layer3.0.downsample.0.weight - torch.Size([1024, 512, 1, 1]): 
PretrainedInit: load from data/pretrained/resnet50_msra-5891d200.pth 

backbone.layer3.0.downsample.1.weight - torch.Size([1024]): 
PretrainedInit: load from data/pretrained/resnet50_msra-5891d200.pth 

backbone.layer3.0.downsample.1.bias - torch.Size([1024]): 
PretrainedInit: load from data/pretrained/resnet50_msra-5891d200.pth 

backbone.layer3.1.conv1.weight - torch.Size([256, 1024, 1, 1]): 
PretrainedInit: load from data/pretrained/resnet50_msra-5891d200.pth 

backbone.layer3.1.bn1.weight - torch.Size([256]): 
PretrainedInit: load from data/pretrained/resnet50_msra-5891d200.pth 

backbone.layer3.1.bn1.bias - torch.Size([256]): 
PretrainedInit: load from data/pretrained/resnet50_msra-5891d200.pth 

backbone.layer3.1.conv2.weight - torch.Size([256, 256, 3, 3]): 
PretrainedInit: load from data/pretrained/resnet50_msra-5891d200.pth 

backbone.layer3.1.bn2.weight - torch.Size([256]): 
PretrainedInit: load from data/pretrained/resnet50_msra-5891d200.pth 

backbone.layer3.1.bn2.bias - torch.Size([256]): 
PretrainedInit: load from data/pretrained/resnet50_msra-5891d200.pth 

backbone.layer3.1.conv3.weight - torch.Size([1024, 256, 1, 1]): 
PretrainedInit: load from data/pretrained/resnet50_msra-5891d200.pth 

backbone.layer3.1.bn3.weight - torch.Size([1024]): 
PretrainedInit: load from data/pretrained/resnet50_msra-5891d200.pth 

backbone.layer3.1.bn3.bias - torch.Size([1024]): 
PretrainedInit: load from data/pretrained/resnet50_msra-5891d200.pth 

backbone.layer3.2.conv1.weight - torch.Size([256, 1024, 1, 1]): 
PretrainedInit: load from data/pretrained/resnet50_msra-5891d200.pth 

backbone.layer3.2.bn1.weight - torch.Size([256]): 
PretrainedInit: load from data/pretrained/resnet50_msra-5891d200.pth 

backbone.layer3.2.bn1.bias - torch.Size([256]): 
PretrainedInit: load from data/pretrained/resnet50_msra-5891d200.pth 

backbone.layer3.2.conv2.weight - torch.Size([256, 256, 3, 3]): 
PretrainedInit: load from data/pretrained/resnet50_msra-5891d200.pth 

backbone.layer3.2.bn2.weight - torch.Size([256]): 
PretrainedInit: load from data/pretrained/resnet50_msra-5891d200.pth 

backbone.layer3.2.bn2.bias - torch.Size([256]): 
PretrainedInit: load from data/pretrained/resnet50_msra-5891d200.pth 

backbone.layer3.2.conv3.weight - torch.Size([1024, 256, 1, 1]): 
PretrainedInit: load from data/pretrained/resnet50_msra-5891d200.pth 

backbone.layer3.2.bn3.weight - torch.Size([1024]): 
PretrainedInit: load from data/pretrained/resnet50_msra-5891d200.pth 

backbone.layer3.2.bn3.bias - torch.Size([1024]): 
PretrainedInit: load from data/pretrained/resnet50_msra-5891d200.pth 

backbone.layer3.3.conv1.weight - torch.Size([256, 1024, 1, 1]): 
PretrainedInit: load from data/pretrained/resnet50_msra-5891d200.pth 

backbone.layer3.3.bn1.weight - torch.Size([256]): 
PretrainedInit: load from data/pretrained/resnet50_msra-5891d200.pth 

backbone.layer3.3.bn1.bias - torch.Size([256]): 
PretrainedInit: load from data/pretrained/resnet50_msra-5891d200.pth 

backbone.layer3.3.conv2.weight - torch.Size([256, 256, 3, 3]): 
PretrainedInit: load from data/pretrained/resnet50_msra-5891d200.pth 

backbone.layer3.3.bn2.weight - torch.Size([256]): 
PretrainedInit: load from data/pretrained/resnet50_msra-5891d200.pth 

backbone.layer3.3.bn2.bias - torch.Size([256]): 
PretrainedInit: load from data/pretrained/resnet50_msra-5891d200.pth 

backbone.layer3.3.conv3.weight - torch.Size([1024, 256, 1, 1]): 
PretrainedInit: load from data/pretrained/resnet50_msra-5891d200.pth 

backbone.layer3.3.bn3.weight - torch.Size([1024]): 
PretrainedInit: load from data/pretrained/resnet50_msra-5891d200.pth 

backbone.layer3.3.bn3.bias - torch.Size([1024]): 
PretrainedInit: load from data/pretrained/resnet50_msra-5891d200.pth 

backbone.layer3.4.conv1.weight - torch.Size([256, 1024, 1, 1]): 
PretrainedInit: load from data/pretrained/resnet50_msra-5891d200.pth 

backbone.layer3.4.bn1.weight - torch.Size([256]): 
PretrainedInit: load from data/pretrained/resnet50_msra-5891d200.pth 

backbone.layer3.4.bn1.bias - torch.Size([256]): 
PretrainedInit: load from data/pretrained/resnet50_msra-5891d200.pth 

backbone.layer3.4.conv2.weight - torch.Size([256, 256, 3, 3]): 
PretrainedInit: load from data/pretrained/resnet50_msra-5891d200.pth 

backbone.layer3.4.bn2.weight - torch.Size([256]): 
PretrainedInit: load from data/pretrained/resnet50_msra-5891d200.pth 

backbone.layer3.4.bn2.bias - torch.Size([256]): 
PretrainedInit: load from data/pretrained/resnet50_msra-5891d200.pth 

backbone.layer3.4.conv3.weight - torch.Size([1024, 256, 1, 1]): 
PretrainedInit: load from data/pretrained/resnet50_msra-5891d200.pth 

backbone.layer3.4.bn3.weight - torch.Size([1024]): 
PretrainedInit: load from data/pretrained/resnet50_msra-5891d200.pth 

backbone.layer3.4.bn3.bias - torch.Size([1024]): 
PretrainedInit: load from data/pretrained/resnet50_msra-5891d200.pth 

backbone.layer3.5.conv1.weight - torch.Size([256, 1024, 1, 1]): 
PretrainedInit: load from data/pretrained/resnet50_msra-5891d200.pth 

backbone.layer3.5.bn1.weight - torch.Size([256]): 
PretrainedInit: load from data/pretrained/resnet50_msra-5891d200.pth 

backbone.layer3.5.bn1.bias - torch.Size([256]): 
PretrainedInit: load from data/pretrained/resnet50_msra-5891d200.pth 

backbone.layer3.5.conv2.weight - torch.Size([256, 256, 3, 3]): 
PretrainedInit: load from data/pretrained/resnet50_msra-5891d200.pth 

backbone.layer3.5.bn2.weight - torch.Size([256]): 
PretrainedInit: load from data/pretrained/resnet50_msra-5891d200.pth 

backbone.layer3.5.bn2.bias - torch.Size([256]): 
PretrainedInit: load from data/pretrained/resnet50_msra-5891d200.pth 

backbone.layer3.5.conv3.weight - torch.Size([1024, 256, 1, 1]): 
PretrainedInit: load from data/pretrained/resnet50_msra-5891d200.pth 

backbone.layer3.5.bn3.weight - torch.Size([1024]): 
PretrainedInit: load from data/pretrained/resnet50_msra-5891d200.pth 

backbone.layer3.5.bn3.bias - torch.Size([1024]): 
PretrainedInit: load from data/pretrained/resnet50_msra-5891d200.pth 

backbone.layer4.0.conv1.weight - torch.Size([512, 1024, 1, 1]): 
PretrainedInit: load from data/pretrained/resnet50_msra-5891d200.pth 

backbone.layer4.0.bn1.weight - torch.Size([512]): 
PretrainedInit: load from data/pretrained/resnet50_msra-5891d200.pth 

backbone.layer4.0.bn1.bias - torch.Size([512]): 
PretrainedInit: load from data/pretrained/resnet50_msra-5891d200.pth 

backbone.layer4.0.conv2.weight - torch.Size([512, 512, 3, 3]): 
PretrainedInit: load from data/pretrained/resnet50_msra-5891d200.pth 

backbone.layer4.0.bn2.weight - torch.Size([512]): 
PretrainedInit: load from data/pretrained/resnet50_msra-5891d200.pth 

backbone.layer4.0.bn2.bias - torch.Size([512]): 
PretrainedInit: load from data/pretrained/resnet50_msra-5891d200.pth 

backbone.layer4.0.conv3.weight - torch.Size([2048, 512, 1, 1]): 
PretrainedInit: load from data/pretrained/resnet50_msra-5891d200.pth 

backbone.layer4.0.bn3.weight - torch.Size([2048]): 
PretrainedInit: load from data/pretrained/resnet50_msra-5891d200.pth 

backbone.layer4.0.bn3.bias - torch.Size([2048]): 
PretrainedInit: load from data/pretrained/resnet50_msra-5891d200.pth 

backbone.layer4.0.downsample.0.weight - torch.Size([2048, 1024, 1, 1]): 
PretrainedInit: load from data/pretrained/resnet50_msra-5891d200.pth 

backbone.layer4.0.downsample.1.weight - torch.Size([2048]): 
PretrainedInit: load from data/pretrained/resnet50_msra-5891d200.pth 

backbone.layer4.0.downsample.1.bias - torch.Size([2048]): 
PretrainedInit: load from data/pretrained/resnet50_msra-5891d200.pth 

backbone.layer4.1.conv1.weight - torch.Size([512, 2048, 1, 1]): 
PretrainedInit: load from data/pretrained/resnet50_msra-5891d200.pth 

backbone.layer4.1.bn1.weight - torch.Size([512]): 
PretrainedInit: load from data/pretrained/resnet50_msra-5891d200.pth 

backbone.layer4.1.bn1.bias - torch.Size([512]): 
PretrainedInit: load from data/pretrained/resnet50_msra-5891d200.pth 

backbone.layer4.1.conv2.weight - torch.Size([512, 512, 3, 3]): 
PretrainedInit: load from data/pretrained/resnet50_msra-5891d200.pth 

backbone.layer4.1.bn2.weight - torch.Size([512]): 
PretrainedInit: load from data/pretrained/resnet50_msra-5891d200.pth 

backbone.layer4.1.bn2.bias - torch.Size([512]): 
PretrainedInit: load from data/pretrained/resnet50_msra-5891d200.pth 

backbone.layer4.1.conv3.weight - torch.Size([2048, 512, 1, 1]): 
PretrainedInit: load from data/pretrained/resnet50_msra-5891d200.pth 

backbone.layer4.1.bn3.weight - torch.Size([2048]): 
PretrainedInit: load from data/pretrained/resnet50_msra-5891d200.pth 

backbone.layer4.1.bn3.bias - torch.Size([2048]): 
PretrainedInit: load from data/pretrained/resnet50_msra-5891d200.pth 

backbone.layer4.2.conv1.weight - torch.Size([512, 2048, 1, 1]): 
PretrainedInit: load from data/pretrained/resnet50_msra-5891d200.pth 

backbone.layer4.2.bn1.weight - torch.Size([512]): 
PretrainedInit: load from data/pretrained/resnet50_msra-5891d200.pth 

backbone.layer4.2.bn1.bias - torch.Size([512]): 
PretrainedInit: load from data/pretrained/resnet50_msra-5891d200.pth 

backbone.layer4.2.conv2.weight - torch.Size([512, 512, 3, 3]): 
PretrainedInit: load from data/pretrained/resnet50_msra-5891d200.pth 

backbone.layer4.2.bn2.weight - torch.Size([512]): 
PretrainedInit: load from data/pretrained/resnet50_msra-5891d200.pth 

backbone.layer4.2.bn2.bias - torch.Size([512]): 
PretrainedInit: load from data/pretrained/resnet50_msra-5891d200.pth 

backbone.layer4.2.conv3.weight - torch.Size([2048, 512, 1, 1]): 
PretrainedInit: load from data/pretrained/resnet50_msra-5891d200.pth 

backbone.layer4.2.bn3.weight - torch.Size([2048]): 
PretrainedInit: load from data/pretrained/resnet50_msra-5891d200.pth 

backbone.layer4.2.bn3.bias - torch.Size([2048]): 
PretrainedInit: load from data/pretrained/resnet50_msra-5891d200.pth 

neck.lateral_convs.0.conv.weight - torch.Size([256, 256, 1, 1]): 
XavierInit: gain=1, distribution=uniform, bias=0 

neck.lateral_convs.0.conv.bias - torch.Size([256]): 
The value is the same before and after calling `init_weights` of FCOS  

neck.lateral_convs.1.conv.weight - torch.Size([256, 512, 1, 1]): 
XavierInit: gain=1, distribution=uniform, bias=0 

neck.lateral_convs.1.conv.bias - torch.Size([256]): 
The value is the same before and after calling `init_weights` of FCOS  

neck.lateral_convs.2.conv.weight - torch.Size([256, 1024, 1, 1]): 
XavierInit: gain=1, distribution=uniform, bias=0 

neck.lateral_convs.2.conv.bias - torch.Size([256]): 
The value is the same before and after calling `init_weights` of FCOS  

neck.lateral_convs.3.conv.weight - torch.Size([256, 2048, 1, 1]): 
XavierInit: gain=1, distribution=uniform, bias=0 

neck.lateral_convs.3.conv.bias - torch.Size([256]): 
The value is the same before and after calling `init_weights` of FCOS  

neck.fpn_convs.0.conv.weight - torch.Size([256, 256, 3, 3]): 
XavierInit: gain=1, distribution=uniform, bias=0 

neck.fpn_convs.0.conv.bias - torch.Size([256]): 
The value is the same before and after calling `init_weights` of FCOS  

neck.fpn_convs.1.conv.weight - torch.Size([256, 256, 3, 3]): 
XavierInit: gain=1, distribution=uniform, bias=0 

neck.fpn_convs.1.conv.bias - torch.Size([256]): 
The value is the same before and after calling `init_weights` of FCOS  

neck.fpn_convs.2.conv.weight - torch.Size([256, 256, 3, 3]): 
XavierInit: gain=1, distribution=uniform, bias=0 

neck.fpn_convs.2.conv.bias - torch.Size([256]): 
The value is the same before and after calling `init_weights` of FCOS  

neck.fpn_convs.3.conv.weight - torch.Size([256, 256, 3, 3]): 
XavierInit: gain=1, distribution=uniform, bias=0 

neck.fpn_convs.3.conv.bias - torch.Size([256]): 
The value is the same before and after calling `init_weights` of FCOS  

neck.fpn_convs.4.conv.weight - torch.Size([256, 256, 3, 3]): 
XavierInit: gain=1, distribution=uniform, bias=0 

neck.fpn_convs.4.conv.bias - torch.Size([256]): 
The value is the same before and after calling `init_weights` of FCOS  

bbox_head.cls_convs.0.conv.weight - torch.Size([256, 256, 3, 3]): 
NormalInit: mean=0, std=0.01, bias=0 

bbox_head.cls_convs.0.gn.weight - torch.Size([256]): 
The value is the same before and after calling `init_weights` of FCOS  

bbox_head.cls_convs.0.gn.bias - torch.Size([256]): 
The value is the same before and after calling `init_weights` of FCOS  

bbox_head.cls_convs.1.conv.weight - torch.Size([256, 256, 3, 3]): 
NormalInit: mean=0, std=0.01, bias=0 

bbox_head.cls_convs.1.gn.weight - torch.Size([256]): 
The value is the same before and after calling `init_weights` of FCOS  

bbox_head.cls_convs.1.gn.bias - torch.Size([256]): 
The value is the same before and after calling `init_weights` of FCOS  

bbox_head.cls_convs.2.conv.weight - torch.Size([256, 256, 3, 3]): 
NormalInit: mean=0, std=0.01, bias=0 

bbox_head.cls_convs.2.gn.weight - torch.Size([256]): 
The value is the same before and after calling `init_weights` of FCOS  

bbox_head.cls_convs.2.gn.bias - torch.Size([256]): 
The value is the same before and after calling `init_weights` of FCOS  

bbox_head.cls_convs.3.conv.weight - torch.Size([256, 256, 3, 3]): 
NormalInit: mean=0, std=0.01, bias=0 

bbox_head.cls_convs.3.gn.weight - torch.Size([256]): 
The value is the same before and after calling `init_weights` of FCOS  

bbox_head.cls_convs.3.gn.bias - torch.Size([256]): 
The value is the same before and after calling `init_weights` of FCOS  

bbox_head.reg_convs.0.conv.weight - torch.Size([256, 256, 3, 3]): 
NormalInit: mean=0, std=0.01, bias=0 

bbox_head.reg_convs.0.gn.weight - torch.Size([256]): 
The value is the same before and after calling `init_weights` of FCOS  

bbox_head.reg_convs.0.gn.bias - torch.Size([256]): 
The value is the same before and after calling `init_weights` of FCOS  

bbox_head.reg_convs.1.conv.weight - torch.Size([256, 256, 3, 3]): 
NormalInit: mean=0, std=0.01, bias=0 

bbox_head.reg_convs.1.gn.weight - torch.Size([256]): 
The value is the same before and after calling `init_weights` of FCOS  

bbox_head.reg_convs.1.gn.bias - torch.Size([256]): 
The value is the same before and after calling `init_weights` of FCOS  

bbox_head.reg_convs.2.conv.weight - torch.Size([256, 256, 3, 3]): 
NormalInit: mean=0, std=0.01, bias=0 

bbox_head.reg_convs.2.gn.weight - torch.Size([256]): 
The value is the same before and after calling `init_weights` of FCOS  

bbox_head.reg_convs.2.gn.bias - torch.Size([256]): 
The value is the same before and after calling `init_weights` of FCOS  

bbox_head.reg_convs.3.conv.weight - torch.Size([256, 256, 3, 3]): 
NormalInit: mean=0, std=0.01, bias=0 

bbox_head.reg_convs.3.gn.weight - torch.Size([256]): 
The value is the same before and after calling `init_weights` of FCOS  

bbox_head.reg_convs.3.gn.bias - torch.Size([256]): 
The value is the same before and after calling `init_weights` of FCOS  

bbox_head.conv_cls.weight - torch.Size([8, 256, 3, 3]): 
NormalInit: mean=0, std=0.01, bias=-4.59511985013459 

bbox_head.conv_cls.bias - torch.Size([8]): 
NormalInit: mean=0, std=0.01, bias=-4.59511985013459 

bbox_head.conv_reg.weight - torch.Size([4, 256, 3, 3]): 
NormalInit: mean=0, std=0.01, bias=0 

bbox_head.conv_reg.bias - torch.Size([4]): 
NormalInit: mean=0, std=0.01, bias=0 

bbox_head.conv_centerness.weight - torch.Size([1, 256, 3, 3]): 
NormalInit: mean=0, std=0.01, bias=0 

bbox_head.conv_centerness.bias - torch.Size([1]): 
NormalInit: mean=0, std=0.01, bias=0 

bbox_head.scales.0.scale - torch.Size([]): 
The value is the same before and after calling `init_weights` of FCOS  

bbox_head.scales.1.scale - torch.Size([]): 
The value is the same before and after calling `init_weights` of FCOS  

bbox_head.scales.2.scale - torch.Size([]): 
The value is the same before and after calling `init_weights` of FCOS  

bbox_head.scales.3.scale - torch.Size([]): 
The value is the same before and after calling `init_weights` of FCOS  

bbox_head.scales.4.scale - torch.Size([]): 
The value is the same before and after calling `init_weights` of FCOS  
2026/08/21 18:31:13 - mmengine - WARNING - "FileClient" will be deprecated in future. Please use io functions in https://mmengine.readthedocs.io/en/latest/api/fileio.html#file-io
2026/08/21 18:31:13 - mmengine - WARNING - "HardDiskBackend" is the alias of "LocalBackend" and the former will be deprecated in future.
2026/08/21 18:31:13 - mmengine - INFO - Checkpoints will be saved to /root/tiny-object-research/outputs/PRT-001/B1/seed0.
2026/08/21 18:31:30 - mmengine - INFO - Epoch(train)  [1][  50/2804]  base_lr: 2.3226e-03 lr: 2.3226e-03  eta: 3:13:54  time: 0.3149  data_time: 0.0026  memory: 6882  grad_norm: 12.8254  loss: 2.4625  loss_cls: 1.1097  loss_bbox: 0.6884  loss_centerness: 0.6644
2026/08/21 18:31:46 - mmengine - INFO - Epoch(train)  [1][ 100/2804]  base_lr: 2.9920e-03 lr: 2.9920e-03  eta: 3:05:24  time: 0.3165  data_time: 0.0026  memory: 7795  grad_norm: 17.3091  loss: 2.2857  loss_cls: 0.9122  loss_bbox: 0.7024  loss_centerness: 0.6711
2026/08/21 18:32:02 - mmengine - INFO - Epoch(train)  [1][ 150/2804]  base_lr: 3.6613e-03 lr: 3.6613e-03  eta: 3:02:32  time: 0.3326  data_time: 0.0025  memory: 7117  grad_norm: 15.4399  loss: 2.3037  loss_cls: 0.9713  loss_bbox: 0.6653  loss_centerness: 0.6671
2026/08/21 18:32:18 - mmengine - INFO - Epoch(train)  [1][ 200/2804]  base_lr: 4.3307e-03 lr: 4.3307e-03  eta: 3:00:41  time: 0.3173  data_time: 0.0026  memory: 7058  grad_norm: 16.5080  loss: 2.7093  loss_cls: 1.3556  loss_bbox: 0.6846  loss_centerness: 0.6692
2026/08/21 18:32:34 - mmengine - INFO - Epoch(train)  [1][ 250/2804]  base_lr: 5.0000e-03 lr: 5.0000e-03  eta: 2:59:37  time: 0.3129  data_time: 0.0025  memory: 7893  grad_norm: 15.6073  loss: 2.4756  loss_cls: 1.1138  loss_bbox: 0.6937  loss_centerness: 0.6680
2026/08/21 18:32:49 - mmengine - INFO - Epoch(train)  [1][ 300/2804]  base_lr: 5.0000e-03 lr: 5.0000e-03  eta: 2:58:25  time: 0.3102  data_time: 0.0017  memory: 9107  grad_norm: 4.5912  loss: 2.3100  loss_cls: 0.9359  loss_bbox: 0.6978  loss_centerness: 0.6763
2026/08/21 18:33:05 - mmengine - INFO - Epoch(train)  [1][ 350/2804]  base_lr: 5.0000e-03 lr: 5.0000e-03  eta: 2:57:40  time: 0.3103  data_time: 0.0016  memory: 7493  grad_norm: 2.3142  loss: 2.3215  loss_cls: 0.8207  loss_bbox: 0.6905  loss_centerness: 0.8104
2026/08/21 18:33:21 - mmengine - INFO - Epoch(train)  [1][ 400/2804]  base_lr: 5.0000e-03 lr: 5.0000e-03  eta: 2:57:07  time: 0.3280  data_time: 0.0021  memory: 8118  grad_norm: 2.0265  loss: 2.2457  loss_cls: 0.8912  loss_bbox: 0.6858  loss_centerness: 0.6687
2026/08/21 18:33:37 - mmengine - INFO - Epoch(train)  [1][ 450/2804]  base_lr: 5.0000e-03 lr: 5.0000e-03  eta: 2:56:34  time: 0.3133  data_time: 0.0017  memory: 7539  grad_norm: 1.6886  loss: 2.2144  loss_cls: 0.8626  loss_bbox: 0.6863  loss_centerness: 0.6655
2026/08/21 18:33:52 - mmengine - INFO - Epoch(train)  [1][ 500/2804]  base_lr: 5.0000e-03 lr: 5.0000e-03  eta: 2:56:00  time: 0.3149  data_time: 0.0020  memory: 9114  grad_norm: 1.5982  loss: 2.2531  loss_cls: 0.8731  loss_bbox: 0.7142  loss_centerness: 0.6657
2026/08/21 18:34:08 - mmengine - INFO - Epoch(train)  [1][ 550/2804]  base_lr: 5.0000e-03 lr: 5.0000e-03  eta: 2:55:36  time: 0.3130  data_time: 0.0015  memory: 7493  grad_norm: 1.9913  loss: 2.2486  loss_cls: 0.8797  loss_bbox: 0.7081  loss_centerness: 0.6608
2026/08/21 18:34:24 - mmengine - INFO - Epoch(train)  [1][ 600/2804]  base_lr: 5.0000e-03 lr: 5.0000e-03  eta: 2:55:08  time: 0.3119  data_time: 0.0016  memory: 6914  grad_norm: 1.4976  loss: 2.2653  loss_cls: 0.9256  loss_bbox: 0.6766  loss_centerness: 0.6631
2026/08/21 18:34:40 - mmengine - INFO - Epoch(train)  [1][ 650/2804]  base_lr: 5.0000e-03 lr: 5.0000e-03  eta: 2:54:41  time: 0.3174  data_time: 0.0019  memory: 7317  grad_norm: 1.5853  loss: 2.1544  loss_cls: 0.8356  loss_bbox: 0.6573  loss_centerness: 0.6615
2026/08/21 18:34:55 - mmengine - INFO - Epoch(train)  [1][ 700/2804]  base_lr: 5.0000e-03 lr: 5.0000e-03  eta: 2:54:18  time: 0.3147  data_time: 0.0018  memory: 9043  grad_norm: 2.1743  loss: 2.4469  loss_cls: 1.1011  loss_bbox: 0.6844  loss_centerness: 0.6614
2026/08/21 18:35:11 - mmengine - INFO - Epoch(train)  [1][ 750/2804]  base_lr: 5.0000e-03 lr: 5.0000e-03  eta: 2:54:06  time: 0.3183  data_time: 0.0019  memory: 7781  grad_norm: 1.7511  loss: 2.1877  loss_cls: 0.8281  loss_bbox: 0.6953  loss_centerness: 0.6644
2026/08/21 18:35:27 - mmengine - INFO - Epoch(train)  [1][ 800/2804]  base_lr: 5.0000e-03 lr: 5.0000e-03  eta: 2:53:43  time: 0.3120  data_time: 0.0017  memory: 7047  grad_norm: 1.2104  loss: 2.1173  loss_cls: 0.7660  loss_bbox: 0.6854  loss_centerness: 0.6658
2026/08/21 18:35:43 - mmengine - INFO - Epoch(train)  [1][ 850/2804]  base_lr: 5.0000e-03 lr: 5.0000e-03  eta: 2:53:18  time: 0.3127  data_time: 0.0017  memory: 7067  grad_norm: 1.4481  loss: 2.1766  loss_cls: 0.8414  loss_bbox: 0.6738  loss_centerness: 0.6614
2026/08/21 18:35:58 - mmengine - INFO - Epoch(train)  [1][ 900/2804]  base_lr: 5.0000e-03 lr: 5.0000e-03  eta: 2:52:59  time: 0.3179  data_time: 0.0021  memory: 7859  grad_norm: 1.7048  loss: 2.2444  loss_cls: 0.9195  loss_bbox: 0.6606  loss_centerness: 0.6643
2026/08/21 18:36:14 - mmengine - INFO - Epoch(train)  [1][ 950/2804]  base_lr: 5.0000e-03 lr: 5.0000e-03  eta: 2:52:49  time: 0.3230  data_time: 0.0022  memory: 9062  grad_norm: 1.1245  loss: 2.1343  loss_cls: 0.7716  loss_bbox: 0.6973  loss_centerness: 0.6654
2026/08/21 18:36:31 - mmengine - INFO - Exp name: fcos_r50_fpn_p2p6_aitodv2_20260821_183100
2026/08/21 18:36:31 - mmengine - INFO - Epoch(train)  [1][1000/2804]  base_lr: 5.0000e-03 lr: 5.0000e-03  eta: 2:52:50  time: 0.3276  data_time: 0.0023  memory: 7543  grad_norm: 1.4310  loss: 2.2349  loss_cls: 0.8818  loss_bbox: 0.6832  loss_centerness: 0.6698
2026/08/21 18:36:47 - mmengine - INFO - Epoch(train)  [1][1050/2804]  base_lr: 5.0000e-03 lr: 5.0000e-03  eta: 2:52:52  time: 0.3233  data_time: 0.0018  memory: 7473  grad_norm: 1.1741  loss: 2.0897  loss_cls: 0.7912  loss_bbox: 0.6366  loss_centerness: 0.6619
2026/08/21 18:37:04 - mmengine - INFO - Epoch(train)  [1][1100/2804]  base_lr: 5.0000e-03 lr: 5.0000e-03  eta: 2:52:45  time: 0.3208  data_time: 0.0018  memory: 7645  grad_norm: 1.2644  loss: 2.2177  loss_cls: 0.8855  loss_bbox: 0.6691  loss_centerness: 0.6631
2026/08/21 18:37:20 - mmengine - INFO - Epoch(train)  [1][1150/2804]  base_lr: 5.0000e-03 lr: 5.0000e-03  eta: 2:52:44  time: 0.3315  data_time: 0.0026  memory: 7322  grad_norm: 1.6020  loss: 2.2125  loss_cls: 0.8716  loss_bbox: 0.6766  loss_centerness: 0.6642
2026/08/21 18:37:37 - mmengine - INFO - Epoch(train)  [1][1200/2804]  base_lr: 5.0000e-03 lr: 5.0000e-03  eta: 2:52:45  time: 0.3237  data_time: 0.0023  memory: 7493  grad_norm: 1.2060  loss: 2.0531  loss_cls: 0.7220  loss_bbox: 0.6700  loss_centerness: 0.6611
2026/08/21 18:37:53 - mmengine - INFO - Epoch(train)  [1][1250/2804]  base_lr: 5.0000e-03 lr: 5.0000e-03  eta: 2:52:34  time: 0.3213  data_time: 0.0021  memory: 7507  grad_norm: 1.7095  loss: 2.1292  loss_cls: 0.7943  loss_bbox: 0.6752  loss_centerness: 0.6597
2026/08/21 18:38:09 - mmengine - INFO - Epoch(train)  [1][1300/2804]  base_lr: 5.0000e-03 lr: 5.0000e-03  eta: 2:52:27  time: 0.3161  data_time: 0.0020  memory: 7977  grad_norm: 1.3381  loss: 2.1055  loss_cls: 0.7640  loss_bbox: 0.6771  loss_centerness: 0.6645
2026/08/21 18:38:25 - mmengine - INFO - Epoch(train)  [1][1350/2804]  base_lr: 5.0000e-03 lr: 5.0000e-03  eta: 2:52:18  time: 0.3148  data_time: 0.0020  memory: 8772  grad_norm: 2.3802  loss: 2.1149  loss_cls: 0.7897  loss_bbox: 0.6613  loss_centerness: 0.6638
2026/08/21 18:38:41 - mmengine - INFO - Epoch(train)  [1][1400/2804]  base_lr: 5.0000e-03 lr: 5.0000e-03  eta: 2:51:57  time: 0.3132  data_time: 0.0018  memory: 9802  grad_norm: 1.5997  loss: 2.3041  loss_cls: 0.9476  loss_bbox: 0.6953  loss_centerness: 0.6612
2026/08/21 18:38:57 - mmengine - INFO - Epoch(train)  [1][1450/2804]  base_lr: 5.0000e-03 lr: 5.0000e-03  eta: 2:51:47  time: 0.3270  data_time: 0.0026  memory: 7304  grad_norm: 2.0629  loss: 2.0692  loss_cls: 0.7435  loss_bbox: 0.6648  loss_centerness: 0.6609
2026/08/21 18:39:14 - mmengine - INFO - Epoch(train)  [1][1500/2804]  base_lr: 5.0000e-03 lr: 5.0000e-03  eta: 2:51:37  time: 0.3217  data_time: 0.0020  memory: 9049  grad_norm: 1.5830  loss: 2.0206  loss_cls: 0.6689  loss_bbox: 0.6893  loss_centerness: 0.6624
2026/08/21 18:39:30 - mmengine - INFO - Epoch(train)  [1][1550/2804]  base_lr: 5.0000e-03 lr: 5.0000e-03  eta: 2:51:21  time: 0.3193  data_time: 0.0023  memory: 9632  grad_norm: 1.9131  loss: 2.1171  loss_cls: 0.7878  loss_bbox: 0.6649  loss_centerness: 0.6645
2026/08/21 18:39:45 - mmengine - INFO - Epoch(train)  [1][1600/2804]  base_lr: 5.0000e-03 lr: 5.0000e-03  eta: 2:51:01  time: 0.3177  data_time: 0.0018  memory: 7574  grad_norm: 2.7565  loss: 2.1340  loss_cls: 0.8312  loss_bbox: 0.6413  loss_centerness: 0.6616
2026/08/21 18:40:01 - mmengine - INFO - Epoch(train)  [1][1650/2804]  base_lr: 5.0000e-03 lr: 5.0000e-03  eta: 2:50:43  time: 0.3187  data_time: 0.0018  memory: 10697  grad_norm: 2.4979  loss: 2.1702  loss_cls: 0.7902  loss_bbox: 0.7200  loss_centerness: 0.6599
2026/08/21 18:40:17 - mmengine - INFO - Epoch(train)  [1][1700/2804]  base_lr: 5.0000e-03 lr: 5.0000e-03  eta: 2:50:24  time: 0.2929  data_time: 0.0017  memory: 9950  grad_norm: 2.0968  loss: 2.0665  loss_cls: 0.6954  loss_bbox: 0.7052  loss_centerness: 0.6659
2026/08/21 18:40:33 - mmengine - INFO - Epoch(train)  [1][1750/2804]  base_lr: 5.0000e-03 lr: 5.0000e-03  eta: 2:50:05  time: 0.3175  data_time: 0.0018  memory: 7371  grad_norm: 2.3741  loss: 1.9926  loss_cls: 0.6756  loss_bbox: 0.6570  loss_centerness: 0.6600
2026/08/21 18:40:49 - mmengine - INFO - Epoch(train)  [1][1800/2804]  base_lr: 5.0000e-03 lr: 5.0000e-03  eta: 2:49:43  time: 0.3019  data_time: 0.0016  memory: 7165  grad_norm: 2.1401  loss: 1.9990  loss_cls: 0.6780  loss_bbox: 0.6565  loss_centerness: 0.6646
2026/08/21 18:41:05 - mmengine - INFO - Epoch(train)  [1][1850/2804]  base_lr: 5.0000e-03 lr: 5.0000e-03  eta: 2:49:27  time: 0.3107  data_time: 0.0018  memory: 7935  grad_norm: 1.6892  loss: 1.8724  loss_cls: 0.5816  loss_bbox: 0.6262  loss_centerness: 0.6646
2026/08/21 18:41:21 - mmengine - INFO - Epoch(train)  [1][1900/2804]  base_lr: 5.0000e-03 lr: 5.0000e-03  eta: 2:49:15  time: 0.3207  data_time: 0.0020  memory: 6838  grad_norm: 2.4303  loss: 1.9133  loss_cls: 0.6143  loss_bbox: 0.6371  loss_centerness: 0.6618
2026/08/21 18:41:38 - mmengine - INFO - Epoch(train)  [1][1950/2804]  base_lr: 5.0000e-03 lr: 5.0000e-03  eta: 2:49:08  time: 0.3226  data_time: 0.0020  memory: 7279  grad_norm: 1.6190  loss: 1.8101  loss_cls: 0.5318  loss_bbox: 0.6153  loss_centerness: 0.6630
2026/08/21 18:41:54 - mmengine - INFO - Exp name: fcos_r50_fpn_p2p6_aitodv2_20260821_183100
2026/08/21 18:41:54 - mmengine - INFO - Epoch(train)  [1][2000/2804]  base_lr: 5.0000e-03 lr: 5.0000e-03  eta: 2:48:59  time: 0.3268  data_time: 0.0021  memory: 7713  grad_norm: 4.0145  loss: 2.0314  loss_cls: 0.7026  loss_bbox: 0.6644  loss_centerness: 0.6645
2026/08/21 18:42:10 - mmengine - INFO - Epoch(train)  [1][2050/2804]  base_lr: 5.0000e-03 lr: 5.0000e-03  eta: 2:48:46  time: 0.3331  data_time: 0.0024  memory: 7272  grad_norm: 2.3152  loss: 1.9185  loss_cls: 0.6261  loss_bbox: 0.6300  loss_centerness: 0.6624
2026/08/21 18:42:26 - mmengine - INFO - Epoch(train)  [1][2100/2804]  base_lr: 5.0000e-03 lr: 5.0000e-03  eta: 2:48:34  time: 0.3343  data_time: 0.0020  memory: 7817  grad_norm: 2.1082  loss: 1.8807  loss_cls: 0.5889  loss_bbox: 0.6276  loss_centerness: 0.6642
2026/08/21 18:42:43 - mmengine - INFO - Epoch(train)  [1][2150/2804]  base_lr: 5.0000e-03 lr: 5.0000e-03  eta: 2:48:28  time: 0.3263  data_time: 0.0026  memory: 7008  grad_norm: 2.1836  loss: 1.8627  loss_cls: 0.5867  loss_bbox: 0.6136  loss_centerness: 0.6624
2026/08/21 18:43:00 - mmengine - INFO - Epoch(train)  [1][2200/2804]  base_lr: 5.0000e-03 lr: 5.0000e-03  eta: 2:48:22  time: 0.3235  data_time: 0.0019  memory: 10130  grad_norm: 2.2253  loss: 1.8578  loss_cls: 0.6087  loss_bbox: 0.5909  loss_centerness: 0.6582
2026/08/21 18:43:16 - mmengine - INFO - Epoch(train)  [1][2250/2804]  base_lr: 5.0000e-03 lr: 5.0000e-03  eta: 2:48:09  time: 0.3271  data_time: 0.0020  memory: 8187  grad_norm: 4.5433  loss: 2.0819  loss_cls: 0.7582  loss_bbox: 0.6583  loss_centerness: 0.6654
2026/08/21 18:43:32 - mmengine - INFO - Epoch(train)  [1][2300/2804]  base_lr: 5.0000e-03 lr: 5.0000e-03  eta: 2:47:56  time: 0.3292  data_time: 0.0025  memory: 7385  grad_norm: 1.8678  loss: 1.8181  loss_cls: 0.5292  loss_bbox: 0.6250  loss_centerness: 0.6639
2026/08/21 18:43:48 - mmengine - INFO - Epoch(train)  [1][2350/2804]  base_lr: 5.0000e-03 lr: 5.0000e-03  eta: 2:47:38  time: 0.3189  data_time: 0.0019  memory: 6934  grad_norm: 5.1546  loss: 2.0006  loss_cls: 0.7446  loss_bbox: 0.5943  loss_centerness: 0.6617
2026/08/21 18:44:04 - mmengine - INFO - Epoch(train)  [1][2400/2804]  base_lr: 5.0000e-03 lr: 5.0000e-03  eta: 2:47:20  time: 0.3175  data_time: 0.0019  memory: 7465  grad_norm: 1.9795  loss: 1.8357  loss_cls: 0.5313  loss_bbox: 0.6418  loss_centerness: 0.6626
2026/08/21 18:44:20 - mmengine - INFO - Epoch(train)  [1][2450/2804]  base_lr: 5.0000e-03 lr: 5.0000e-03  eta: 2:47:01  time: 0.3145  data_time: 0.0017  memory: 9717  grad_norm: 2.6862  loss: 1.8705  loss_cls: 0.6303  loss_bbox: 0.5753  loss_centerness: 0.6648
2026/08/21 18:44:36 - mmengine - INFO - Epoch(train)  [1][2500/2804]  base_lr: 5.0000e-03 lr: 5.0000e-03  eta: 2:46:42  time: 0.3177  data_time: 0.0017  memory: 6830  grad_norm: 2.3696  loss: 1.9331  loss_cls: 0.6640  loss_bbox: 0.6076  loss_centerness: 0.6615
2026/08/21 18:44:52 - mmengine - INFO - Epoch(train)  [1][2550/2804]  base_lr: 5.0000e-03 lr: 5.0000e-03  eta: 2:46:25  time: 0.3198  data_time: 0.0018  memory: 7631  grad_norm: 3.2241  loss: 1.8857  loss_cls: 0.6329  loss_bbox: 0.5928  loss_centerness: 0.6601
2026/08/21 18:45:08 - mmengine - INFO - Epoch(train)  [1][2600/2804]  base_lr: 5.0000e-03 lr: 5.0000e-03  eta: 2:46:06  time: 0.3172  data_time: 0.0017  memory: 7022  grad_norm: 2.3264  loss: 1.8760  loss_cls: 0.6232  loss_bbox: 0.5916  loss_centerness: 0.6613
2026/08/21 18:45:24 - mmengine - INFO - Epoch(train)  [1][2650/2804]  base_lr: 5.0000e-03 lr: 5.0000e-03  eta: 2:45:48  time: 0.3279  data_time: 0.0022  memory: 7784  grad_norm: 2.7278  loss: 1.9760  loss_cls: 0.6919  loss_bbox: 0.6216  loss_centerness: 0.6625
2026/08/21 18:45:40 - mmengine - INFO - Epoch(train)  [1][2700/2804]  base_lr: 5.0000e-03 lr: 5.0000e-03  eta: 2:45:30  time: 0.3193  data_time: 0.0017  memory: 7940  grad_norm: 2.5091  loss: 1.8387  loss_cls: 0.5877  loss_bbox: 0.5880  loss_centerness: 0.6630
2026/08/21 18:45:55 - mmengine - INFO - Epoch(train)  [1][2750/2804]  base_lr: 5.0000e-03 lr: 5.0000e-03  eta: 2:45:12  time: 0.3195  data_time: 0.0019  memory: 6990  grad_norm: 2.8247  loss: 1.8633  loss_cls: 0.5925  loss_bbox: 0.6036  loss_centerness: 0.6672
2026/08/21 18:46:11 - mmengine - INFO - Epoch(train)  [1][2800/2804]  base_lr: 5.0000e-03 lr: 5.0000e-03  eta: 2:44:53  time: 0.3129  data_time: 0.0013  memory: 6967  grad_norm: 2.0119  loss: 1.6774  loss_cls: 0.4128  loss_bbox: 0.6009  loss_centerness: 0.6637
2026/08/21 18:46:13 - mmengine - INFO - Exp name: fcos_r50_fpn_p2p6_aitodv2_20260821_183100
2026/08/21 18:46:13 - mmengine - INFO - Saving checkpoint at 1 epochs
2026/08/21 18:46:30 - mmengine - INFO - Epoch(train)  [2][  50/2804]  base_lr: 5.0000e-03 lr: 5.0000e-03  eta: 2:44:39  time: 0.3131  data_time: 0.0020  memory: 9800  grad_norm: 3.9639  loss: 2.0778  loss_cls: 0.7786  loss_bbox: 0.6329  loss_centerness: 0.6663
2026/08/21 18:46:46 - mmengine - INFO - Epoch(train)  [2][ 100/2804]  base_lr: 5.0000e-03 lr: 5.0000e-03  eta: 2:44:20  time: 0.3186  data_time: 0.0017  memory: 7538  grad_norm: 2.2849  loss: 1.7866  loss_cls: 0.5190  loss_bbox: 0.6080  loss_centerness: 0.6597
2026/08/21 18:47:02 - mmengine - INFO - Epoch(train)  [2][ 150/2804]  base_lr: 5.0000e-03 lr: 5.0000e-03  eta: 2:44:03  time: 0.3217  data_time: 0.0020  memory: 7055  grad_norm: 2.8261  loss: 1.8629  loss_cls: 0.5828  loss_bbox: 0.6166  loss_centerness: 0.6635
2026/08/21 18:47:17 - mmengine - INFO - Exp name: fcos_r50_fpn_p2p6_aitodv2_20260821_183100
2026/08/21 18:47:18 - mmengine - INFO - Epoch(train)  [2][ 200/2804]  base_lr: 5.0000e-03 lr: 5.0000e-03  eta: 2:43:45  time: 0.3150  data_time: 0.0018  memory: 8773  grad_norm: 2.3051  loss: 1.8589  loss_cls: 0.5939  loss_bbox: 0.6027  loss_centerness: 0.6623
2026/08/21 18:47:34 - mmengine - INFO - Epoch(train)  [2][ 250/2804]  base_lr: 5.0000e-03 lr: 5.0000e-03  eta: 2:43:27  time: 0.3156  data_time: 0.0018  memory: 7081  grad_norm: 2.1986  loss: 1.8398  loss_cls: 0.5608  loss_bbox: 0.6145  loss_centerness: 0.6645
2026/08/21 18:47:50 - mmengine - INFO - Epoch(train)  [2][ 300/2804]  base_lr: 5.0000e-03 lr: 5.0000e-03  eta: 2:43:11  time: 0.3213  data_time: 0.0018  memory: 8189  grad_norm: 1.6601  loss: 2.0343  loss_cls: 0.7578  loss_bbox: 0.6136  loss_centerness: 0.6628
2026/08/21 18:48:06 - mmengine - INFO - Epoch(train)  [2][ 350/2804]  base_lr: 5.0000e-03 lr: 5.0000e-03  eta: 2:42:54  time: 0.3163  data_time: 0.0020  memory: 9048  grad_norm: 2.3391  loss: 1.9827  loss_cls: 0.7016  loss_bbox: 0.6179  loss_centerness: 0.6632
2026/08/21 18:48:22 - mmengine - INFO - Epoch(train)  [2][ 400/2804]  base_lr: 5.0000e-03 lr: 5.0000e-03  eta: 2:42:37  time: 0.3210  data_time: 0.0024  memory: 7864  grad_norm: 2.2898  loss: 1.8141  loss_cls: 0.5667  loss_bbox: 0.5842  loss_centerness: 0.6632
2026/08/21 18:48:38 - mmengine - INFO - Epoch(train)  [2][ 450/2804]  base_lr: 5.0000e-03 lr: 5.0000e-03  eta: 2:42:19  time: 0.3148  data_time: 0.0018  memory: 10130  grad_norm: 2.4643  loss: 1.9323  loss_cls: 0.6572  loss_bbox: 0.6143  loss_centerness: 0.6608
2026/08/21 18:48:53 - mmengine - INFO - Epoch(train)  [2][ 500/2804]  base_lr: 5.0000e-03 lr: 5.0000e-03  eta: 2:42:02  time: 0.3217  data_time: 0.0017  memory: 8533  grad_norm: 2.0135  loss: 1.7933  loss_cls: 0.5401  loss_bbox: 0.5954  loss_centerness: 0.6578
2026/08/21 18:49:09 - mmengine - INFO - Epoch(train)  [2][ 550/2804]  base_lr: 5.0000e-03 lr: 5.0000e-03  eta: 2:41:46  time: 0.3360  data_time: 0.0019  memory: 7387  grad_norm: 2.3412  loss: 1.7689  loss_cls: 0.5478  loss_bbox: 0.5616  loss_centerness: 0.6596
2026/08/21 18:49:26 - mmengine - INFO - Epoch(train)  [2][ 600/2804]  base_lr: 5.0000e-03 lr: 5.0000e-03  eta: 2:41:35  time: 0.3456  data_time: 0.0023  memory: 7712  grad_norm: 1.7142  loss: 1.7202  loss_cls: 0.4793  loss_bbox: 0.5780  loss_centerness: 0.6629
2026/08/21 18:49:42 - mmengine - INFO - Epoch(train)  [2][ 650/2804]  base_lr: 5.0000e-03 lr: 5.0000e-03  eta: 2:41:18  time: 0.3129  data_time: 0.0018  memory: 7290  grad_norm: 1.9333  loss: 1.8554  loss_cls: 0.5986  loss_bbox: 0.5948  loss_centerness: 0.6620
2026/08/21 18:49:58 - mmengine - INFO - Epoch(train)  [2][ 700/2804]  base_lr: 5.0000e-03 lr: 5.0000e-03  eta: 2:41:02  time: 0.3227  data_time: 0.0022  memory: 9114  grad_norm: 2.2352  loss: 1.8364  loss_cls: 0.6017  loss_bbox: 0.5733  loss_centerness: 0.6613
2026/08/21 18:50:14 - mmengine - INFO - Epoch(train)  [2][ 750/2804]  base_lr: 5.0000e-03 lr: 5.0000e-03  eta: 2:40:41  time: 0.2960  data_time: 0.0017  memory: 10694  grad_norm: 2.3128  loss: 1.7604  loss_cls: 0.5384  loss_bbox: 0.5605  loss_centerness: 0.6615
2026/08/21 18:50:30 - mmengine - INFO - Epoch(train)  [2][ 800/2804]  base_lr: 5.0000e-03 lr: 5.0000e-03  eta: 2:40:25  time: 0.3201  data_time: 0.0018  memory: 7072  grad_norm: 3.0383  loss: 1.8756  loss_cls: 0.6351  loss_bbox: 0.5820  loss_centerness: 0.6585
2026/08/21 18:50:46 - mmengine - INFO - Epoch(train)  [2][ 850/2804]  base_lr: 5.0000e-03 lr: 5.0000e-03  eta: 2:40:09  time: 0.3171  data_time: 0.0018  memory: 8114  grad_norm: 2.0286  loss: 1.8486  loss_cls: 0.5848  loss_bbox: 0.6029  loss_centerness: 0.6608
2026/08/21 18:51:01 - mmengine - INFO - Epoch(train)  [2][ 900/2804]  base_lr: 5.0000e-03 lr: 5.0000e-03  eta: 2:39:52  time: 0.3165  data_time: 0.0021  memory: 7937  grad_norm: 2.6849  loss: 1.9100  loss_cls: 0.6487  loss_bbox: 0.6004  loss_centerness: 0.6609
2026/08/21 18:51:17 - mmengine - INFO - Epoch(train)  [2][ 950/2804]  base_lr: 5.0000e-03 lr: 5.0000e-03  eta: 2:39:34  time: 0.3120  data_time: 0.0017  memory: 7795  grad_norm: 2.6962  loss: 1.9569  loss_cls: 0.7187  loss_bbox: 0.5771  loss_centerness: 0.6611
2026/08/21 18:51:33 - mmengine - INFO - Epoch(train)  [2][1000/2804]  base_lr: 5.0000e-03 lr: 5.0000e-03  eta: 2:39:16  time: 0.3155  data_time: 0.0016  memory: 7045  grad_norm: 5.4276  loss: 2.2098  loss_cls: 0.9024  loss_bbox: 0.6424  loss_centerness: 0.6650
2026/08/21 18:51:49 - mmengine - INFO - Epoch(train)  [2][1050/2804]  base_lr: 5.0000e-03 lr: 5.0000e-03  eta: 2:39:00  time: 0.3077  data_time: 0.0018  memory: 7859  grad_norm: 1.7361  loss: 1.9659  loss_cls: 0.6974  loss_bbox: 0.6071  loss_centerness: 0.6614
2026/08/21 18:52:05 - mmengine - INFO - Epoch(train)  [2][1100/2804]  base_lr: 5.0000e-03 lr: 5.0000e-03  eta: 2:38:40  time: 0.3131  data_time: 0.0018  memory: 9952  grad_norm: 3.0669  loss: 1.9130  loss_cls: 0.6751  loss_bbox: 0.5773  loss_centerness: 0.6606
2026/08/21 18:52:20 - mmengine - INFO - Epoch(train)  [2][1150/2804]  base_lr: 5.0000e-03 lr: 5.0000e-03  eta: 2:38:21  time: 0.3060  data_time: 0.0017  memory: 7104  grad_norm: 3.0441  loss: 1.9123  loss_cls: 0.6742  loss_bbox: 0.5719  loss_centerness: 0.6663
2026/08/21 18:52:35 - mmengine - INFO - Exp name: fcos_r50_fpn_p2p6_aitodv2_20260821_183100
2026/08/21 18:52:36 - mmengine - INFO - Epoch(train)  [2][1200/2804]  base_lr: 5.0000e-03 lr: 5.0000e-03  eta: 2:38:03  time: 0.3179  data_time: 0.0018  memory: 7088  grad_norm: 3.5243  loss: 1.9908  loss_cls: 0.7190  loss_bbox: 0.6119  loss_centerness: 0.6599
2026/08/21 18:52:52 - mmengine - INFO - Epoch(train)  [2][1250/2804]  base_lr: 5.0000e-03 lr: 5.0000e-03  eta: 2:37:46  time: 0.3156  data_time: 0.0017  memory: 9062  grad_norm: 1.7780  loss: 1.7873  loss_cls: 0.5350  loss_bbox: 0.5915  loss_centerness: 0.6608
2026/08/21 18:53:08 - mmengine - INFO - Epoch(train)  [2][1300/2804]  base_lr: 5.0000e-03 lr: 5.0000e-03  eta: 2:37:30  time: 0.3208  data_time: 0.0020  memory: 6823  grad_norm: 2.2755  loss: 1.8846  loss_cls: 0.6557  loss_bbox: 0.5660  loss_centerness: 0.6629
2026/08/21 18:53:24 - mmengine - INFO - Epoch(train)  [2][1350/2804]  base_lr: 5.0000e-03 lr: 5.0000e-03  eta: 2:37:15  time: 0.3179  data_time: 0.0018  memory: 7297  grad_norm: 1.7693  loss: 1.7530  loss_cls: 0.5297  loss_bbox: 0.5655  loss_centerness: 0.6579
2026/08/21 18:53:40 - mmengine - INFO - Epoch(train)  [2][1400/2804]  base_lr: 5.0000e-03 lr: 5.0000e-03  eta: 2:37:00  time: 0.3360  data_time: 0.0018  memory: 9713  grad_norm: 2.2947  loss: 1.7865  loss_cls: 0.5705  loss_bbox: 0.5557  loss_centerness: 0.6604
2026/08/21 18:53:56 - mmengine - INFO - Epoch(train)  [2][1450/2804]  base_lr: 5.0000e-03 lr: 5.0000e-03  eta: 2:36:42  time: 0.3149  data_time: 0.0019  memory: 7981  grad_norm: 2.1931  loss: 1.9051  loss_cls: 0.6597  loss_bbox: 0.5820  loss_centerness: 0.6634
2026/08/21 18:54:11 - mmengine - INFO - Epoch(train)  [2][1500/2804]  base_lr: 5.0000e-03 lr: 5.0000e-03  eta: 2:36:25  time: 0.3129  data_time: 0.0017  memory: 7254  grad_norm: 1.4431  loss: 1.7729  loss_cls: 0.4982  loss_bbox: 0.6128  loss_centerness: 0.6619
2026/08/21 18:54:27 - mmengine - INFO - Epoch(train)  [2][1550/2804]  base_lr: 5.0000e-03 lr: 5.0000e-03  eta: 2:36:06  time: 0.3148  data_time: 0.0016  memory: 7152  grad_norm: 1.8996  loss: 1.7279  loss_cls: 0.4667  loss_bbox: 0.6003  loss_centerness: 0.6609
2026/08/21 18:54:43 - mmengine - INFO - Epoch(train)  [2][1600/2804]  base_lr: 5.0000e-03 lr: 5.0000e-03  eta: 2:35:49  time: 0.3152  data_time: 0.0016  memory: 6956  grad_norm: 1.8101  loss: 1.8020  loss_cls: 0.5464  loss_bbox: 0.5906  loss_centerness: 0.6650
2026/08/21 18:54:59 - mmengine - INFO - Epoch(train)  [2][1650/2804]  base_lr: 5.0000e-03 lr: 5.0000e-03  eta: 2:35:31  time: 0.3115  data_time: 0.0018  memory: 7346  grad_norm: 1.9306  loss: 1.8993  loss_cls: 0.6517  loss_bbox: 0.5852  loss_centerness: 0.6624
2026/08/21 18:55:14 - mmengine - INFO - Epoch(train)  [2][1700/2804]  base_lr: 5.0000e-03 lr: 5.0000e-03  eta: 2:35:13  time: 0.3111  data_time: 0.0015  memory: 7305  grad_norm: 2.4076  loss: 1.8305  loss_cls: 0.5682  loss_bbox: 0.6024  loss_centerness: 0.6599
2026/08/21 18:55:30 - mmengine - INFO - Epoch(train)  [2][1750/2804]  base_lr: 5.0000e-03 lr: 5.0000e-03  eta: 2:34:54  time: 0.3124  data_time: 0.0016  memory: 7342  grad_norm: 3.9255  loss: 1.9554  loss_cls: 0.7008  loss_bbox: 0.5958  loss_centerness: 0.6588
2026/08/21 18:55:45 - mmengine - INFO - Epoch(train)  [2][1800/2804]  base_lr: 5.0000e-03 lr: 5.0000e-03  eta: 2:34:36  time: 0.3121  data_time: 0.0017  memory: 7416  grad_norm: 1.6420  loss: 1.7198  loss_cls: 0.4890  loss_bbox: 0.5686  loss_centerness: 0.6622
2026/08/21 18:56:01 - mmengine - INFO - Epoch(train)  [2][1850/2804]  base_lr: 5.0000e-03 lr: 5.0000e-03  eta: 2:34:18  time: 0.3092  data_time: 0.0017  memory: 7871  grad_norm: 2.9177  loss: 1.8060  loss_cls: 0.6059  loss_bbox: 0.5406  loss_centerness: 0.6594
2026/08/21 18:56:17 - mmengine - INFO - Epoch(train)  [2][1900/2804]  base_lr: 5.0000e-03 lr: 5.0000e-03  eta: 2:34:00  time: 0.3118  data_time: 0.0019  memory: 7545  grad_norm: 2.4010  loss: 1.8919  loss_cls: 0.5684  loss_bbox: 0.6596  loss_centerness: 0.6640
2026/08/21 18:56:32 - mmengine - INFO - Epoch(train)  [2][1950/2804]  base_lr: 5.0000e-03 lr: 5.0000e-03  eta: 2:33:42  time: 0.3130  data_time: 0.0016  memory: 6919  grad_norm: 2.5820  loss: 1.8181  loss_cls: 0.5930  loss_bbox: 0.5660  loss_centerness: 0.6590
2026/08/21 18:56:48 - mmengine - INFO - Epoch(train)  [2][2000/2804]  base_lr: 5.0000e-03 lr: 5.0000e-03  eta: 2:33:25  time: 0.3166  data_time: 0.0016  memory: 7374  grad_norm: 2.0325  loss: 1.8710  loss_cls: 0.5740  loss_bbox: 0.6331  loss_centerness: 0.6639
2026/08/21 18:57:04 - mmengine - INFO - Epoch(train)  [2][2050/2804]  base_lr: 5.0000e-03 lr: 5.0000e-03  eta: 2:33:09  time: 0.3190  data_time: 0.0018  memory: 7406  grad_norm: 1.7439  loss: 1.8359  loss_cls: 0.5849  loss_bbox: 0.5862  loss_centerness: 0.6648
2026/08/21 18:57:20 - mmengine - INFO - Epoch(train)  [2][2100/2804]  base_lr: 5.0000e-03 lr: 5.0000e-03  eta: 2:32:51  time: 0.3149  data_time: 0.0018  memory: 7505  grad_norm: 2.2393  loss: 1.9175  loss_cls: 0.6496  loss_bbox: 0.6058  loss_centerness: 0.6621
2026/08/21 18:57:35 - mmengine - INFO - Epoch(train)  [2][2150/2804]  base_lr: 5.0000e-03 lr: 5.0000e-03  eta: 2:32:34  time: 0.3201  data_time: 0.0025  memory: 7497  grad_norm: 2.4505  loss: 1.7827  loss_cls: 0.5441  loss_bbox: 0.5801  loss_centerness: 0.6585
2026/08/21 18:57:50 - mmengine - INFO - Exp name: fcos_r50_fpn_p2p6_aitodv2_20260821_183100
2026/08/21 18:57:51 - mmengine - INFO - Epoch(train)  [2][2200/2804]  base_lr: 5.0000e-03 lr: 5.0000e-03  eta: 2:32:18  time: 0.3207  data_time: 0.0018  memory: 9043  grad_norm: 2.1070  loss: 1.8683  loss_cls: 0.6208  loss_bbox: 0.5883  loss_centerness: 0.6592
2026/08/21 18:58:07 - mmengine - INFO - Epoch(train)  [2][2250/2804]  base_lr: 5.0000e-03 lr: 5.0000e-03  eta: 2:32:02  time: 0.3154  data_time: 0.0016  memory: 7001  grad_norm: 2.1108  loss: 1.9734  loss_cls: 0.7212  loss_bbox: 0.5888  loss_centerness: 0.6635
2026/08/21 18:58:23 - mmengine - INFO - Epoch(train)  [2][2300/2804]  base_lr: 5.0000e-03 lr: 5.0000e-03  eta: 2:31:45  time: 0.3145  data_time: 0.0017  memory: 7894  grad_norm: 2.3607  loss: 1.7763  loss_cls: 0.5659  loss_bbox: 0.5522  loss_centerness: 0.6583
2026/08/21 18:58:39 - mmengine - INFO - Epoch(train)  [2][2350/2804]  base_lr: 5.0000e-03 lr: 5.0000e-03  eta: 2:31:28  time: 0.3201  data_time: 0.0018  memory: 7030  grad_norm: 2.0802  loss: 1.8202  loss_cls: 0.5679  loss_bbox: 0.5885  loss_centerness: 0.6638
2026/08/21 18:58:54 - mmengine - INFO - Epoch(train)  [2][2400/2804]  base_lr: 5.0000e-03 lr: 5.0000e-03  eta: 2:31:10  time: 0.3113  data_time: 0.0015  memory: 7554  grad_norm: 1.6520  loss: 1.7909  loss_cls: 0.5401  loss_bbox: 0.5919  loss_centerness: 0.6589
2026/08/21 18:59:10 - mmengine - INFO - Epoch(train)  [2][2450/2804]  base_lr: 5.0000e-03 lr: 5.0000e-03  eta: 2:30:52  time: 0.3119  data_time: 0.0017  memory: 7221  grad_norm: 5.6164  loss: 1.9967  loss_cls: 0.7495  loss_bbox: 0.5845  loss_centerness: 0.6628
2026/08/21 18:59:26 - mmengine - INFO - Epoch(train)  [2][2500/2804]  base_lr: 5.0000e-03 lr: 5.0000e-03  eta: 2:30:35  time: 0.3148  data_time: 0.0015  memory: 7100  grad_norm: 1.6757  loss: 1.7361  loss_cls: 0.5036  loss_bbox: 0.5698  loss_centerness: 0.6626
2026/08/21 18:59:41 - mmengine - INFO - Epoch(train)  [2][2550/2804]  base_lr: 5.0000e-03 lr: 5.0000e-03  eta: 2:30:17  time: 0.3107  data_time: 0.0016  memory: 8475  grad_norm: 2.3748  loss: 2.0243  loss_cls: 0.7749  loss_bbox: 0.5867  loss_centerness: 0.6626
2026/08/21 18:59:57 - mmengine - INFO - Epoch(train)  [2][2600/2804]  base_lr: 5.0000e-03 lr: 5.0000e-03  eta: 2:30:00  time: 0.3121  data_time: 0.0016  memory: 7131  grad_norm: 2.0961  loss: 1.8883  loss_cls: 0.6194  loss_bbox: 0.6140  loss_centerness: 0.6549
2026/08/21 19:00:12 - mmengine - INFO - Epoch(train)  [2][2650/2804]  base_lr: 5.0000e-03 lr: 5.0000e-03  eta: 2:29:42  time: 0.3030  data_time: 0.0016  memory: 9108  grad_norm: 2.1603  loss: 1.7073  loss_cls: 0.4802  loss_bbox: 0.5678  loss_centerness: 0.6594
2026/08/21 19:00:28 - mmengine - INFO - Epoch(train)  [2][2700/2804]  base_lr: 5.0000e-03 lr: 5.0000e-03  eta: 2:29:22  time: 0.3078  data_time: 0.0017  memory: 7280  grad_norm: 2.4439  loss: 1.7826  loss_cls: 0.5513  loss_bbox: 0.5719  loss_centerness: 0.6595
2026/08/21 19:00:43 - mmengine - INFO - Epoch(train)  [2][2750/2804]  base_lr: 5.0000e-03 lr: 5.0000e-03  eta: 2:29:04  time: 0.3102  data_time: 0.0016  memory: 7304  grad_norm: 1.8102  loss: 1.7699  loss_cls: 0.5350  loss_bbox: 0.5755  loss_centerness: 0.6594
2026/08/21 19:00:59 - mmengine - INFO - Epoch(train)  [2][2800/2804]  base_lr: 5.0000e-03 lr: 5.0000e-03  eta: 2:28:47  time: 0.3116  data_time: 0.0012  memory: 7941  grad_norm: 2.2997  loss: 1.7469  loss_cls: 0.5335  loss_bbox: 0.5548  loss_centerness: 0.6587
2026/08/21 19:01:00 - mmengine - INFO - Exp name: fcos_r50_fpn_p2p6_aitodv2_20260821_183100
2026/08/21 19:01:00 - mmengine - INFO - Saving checkpoint at 2 epochs
2026/08/21 19:01:18 - mmengine - INFO - Epoch(train)  [3][  50/2804]  base_lr: 5.0000e-03 lr: 5.0000e-03  eta: 2:28:30  time: 0.3128  data_time: 0.0016  memory: 7798  grad_norm: 1.8762  loss: 1.6707  loss_cls: 0.4239  loss_bbox: 0.5856  loss_centerness: 0.6612
2026/08/21 19:01:33 - mmengine - INFO - Epoch(train)  [3][ 100/2804]  base_lr: 5.0000e-03 lr: 5.0000e-03  eta: 2:28:14  time: 0.3152  data_time: 0.0018  memory: 7374  grad_norm: 1.7880  loss: 1.6295  loss_cls: 0.4164  loss_bbox: 0.5539  loss_centerness: 0.6592
2026/08/21 19:01:49 - mmengine - INFO - Epoch(train)  [3][ 150/2804]  base_lr: 5.0000e-03 lr: 5.0000e-03  eta: 2:27:58  time: 0.3271  data_time: 0.0017  memory: 7573  grad_norm: 1.7669  loss: 1.6855  loss_cls: 0.4770  loss_bbox: 0.5510  loss_centerness: 0.6574
2026/08/21 19:02:05 - mmengine - INFO - Epoch(train)  [3][ 200/2804]  base_lr: 5.0000e-03 lr: 5.0000e-03  eta: 2:27:41  time: 0.3181  data_time: 0.0019  memory: 10129  grad_norm: 1.9882  loss: 1.8473  loss_cls: 0.6173  loss_bbox: 0.5700  loss_centerness: 0.6599
2026/08/21 19:02:21 - mmengine - INFO - Epoch(train)  [3][ 250/2804]  base_lr: 5.0000e-03 lr: 5.0000e-03  eta: 2:27:25  time: 0.3146  data_time: 0.0018  memory: 7894  grad_norm: 1.7614  loss: 1.7006  loss_cls: 0.5251  loss_bbox: 0.5148  loss_centerness: 0.6607
2026/08/21 19:02:37 - mmengine - INFO - Epoch(train)  [3][ 300/2804]  base_lr: 5.0000e-03 lr: 5.0000e-03  eta: 2:27:09  time: 0.3141  data_time: 0.0016  memory: 7256  grad_norm: 2.9499  loss: 1.7707  loss_cls: 0.5710  loss_bbox: 0.5416  loss_centerness: 0.6581
2026/08/21 19:02:53 - mmengine - INFO - Epoch(train)  [3][ 350/2804]  base_lr: 5.0000e-03 lr: 5.0000e-03  eta: 2:26:52  time: 0.3110  data_time: 0.0016  memory: 7134  grad_norm: 1.7809  loss: 1.7133  loss_cls: 0.5111  loss_bbox: 0.5447  loss_centerness: 0.6575
2026/08/21 19:03:06 - mmengine - INFO - Exp name: fcos_r50_fpn_p2p6_aitodv2_20260821_183100
2026/08/21 19:03:08 - mmengine - INFO - Epoch(train)  [3][ 400/2804]  base_lr: 5.0000e-03 lr: 5.0000e-03  eta: 2:26:35  time: 0.3134  data_time: 0.0018  memory: 7417  grad_norm: 2.0286  loss: 1.7532  loss_cls: 0.5223  loss_bbox: 0.5706  loss_centerness: 0.6603
2026/08/21 19:03:24 - mmengine - INFO - Epoch(train)  [3][ 450/2804]  base_lr: 5.0000e-03 lr: 5.0000e-03  eta: 2:26:18  time: 0.3120  data_time: 0.0016  memory: 8475  grad_norm: 1.6207  loss: 1.7900  loss_cls: 0.5503  loss_bbox: 0.5808  loss_centerness: 0.6588
2026/08/21 19:03:39 - mmengine - INFO - Epoch(train)  [3][ 500/2804]  base_lr: 5.0000e-03 lr: 5.0000e-03  eta: 2:26:01  time: 0.3116  data_time: 0.0018  memory: 7642  grad_norm: 1.9546  loss: 1.8285  loss_cls: 0.6058  loss_bbox: 0.5609  loss_centerness: 0.6618
2026/08/21 19:03:55 - mmengine - INFO - Epoch(train)  [3][ 550/2804]  base_lr: 5.0000e-03 lr: 5.0000e-03  eta: 2:25:44  time: 0.3129  data_time: 0.0017  memory: 9951  grad_norm: 2.1987  loss: 1.7674  loss_cls: 0.5024  loss_bbox: 0.6059  loss_centerness: 0.6591
2026/08/21 19:04:11 - mmengine - INFO - Epoch(train)  [3][ 600/2804]  base_lr: 5.0000e-03 lr: 5.0000e-03  eta: 2:25:27  time: 0.3123  data_time: 0.0016  memory: 7109  grad_norm: 2.1709  loss: 1.6963  loss_cls: 0.5148  loss_bbox: 0.5227  loss_centerness: 0.6588
2026/08/21 19:04:26 - mmengine - INFO - Epoch(train)  [3][ 650/2804]  base_lr: 5.0000e-03 lr: 5.0000e-03  eta: 2:25:09  time: 0.3164  data_time: 0.0017  memory: 6977  grad_norm: 2.3632  loss: 1.8528  loss_cls: 0.5792  loss_bbox: 0.6156  loss_centerness: 0.6580
2026/08/21 19:04:42 - mmengine - INFO - Epoch(train)  [3][ 700/2804]  base_lr: 5.0000e-03 lr: 5.0000e-03  eta: 2:24:52  time: 0.3110  data_time: 0.0019  memory: 7979  grad_norm: 1.8911  loss: 1.8988  loss_cls: 0.6504  loss_bbox: 0.5878  loss_centerness: 0.6606
2026/08/21 19:04:58 - mmengine - INFO - Epoch(train)  [3][ 750/2804]  base_lr: 5.0000e-03 lr: 5.0000e-03  eta: 2:24:35  time: 0.3130  data_time: 0.0018  memory: 9635  grad_norm: 2.2953  loss: 1.8913  loss_cls: 0.6614  loss_bbox: 0.5697  loss_centerness: 0.6602
2026/08/21 19:05:13 - mmengine - INFO - Epoch(train)  [3][ 800/2804]  base_lr: 5.0000e-03 lr: 5.0000e-03  eta: 2:24:19  time: 0.3195  data_time: 0.0016  memory: 7563  grad_norm: 2.6617  loss: 1.8627  loss_cls: 0.6494  loss_bbox: 0.5514  loss_centerness: 0.6619
2026/08/21 19:05:29 - mmengine - INFO - Epoch(train)  [3][ 850/2804]  base_lr: 5.0000e-03 lr: 5.0000e-03  eta: 2:24:02  time: 0.3141  data_time: 0.0017  memory: 7043  grad_norm: 1.8275  loss: 1.7280  loss_cls: 0.5256  loss_bbox: 0.5403  loss_centerness: 0.6622
2026/08/21 19:05:45 - mmengine - INFO - Epoch(train)  [3][ 900/2804]  base_lr: 5.0000e-03 lr: 5.0000e-03  eta: 2:23:45  time: 0.3119  data_time: 0.0016  memory: 9042  grad_norm: 2.2691  loss: 1.6991  loss_cls: 0.5069  loss_bbox: 0.5370  loss_centerness: 0.6552
2026/08/21 19:06:01 - mmengine - INFO - Epoch(train)  [3][ 950/2804]  base_lr: 5.0000e-03 lr: 5.0000e-03  eta: 2:23:30  time: 0.3150  data_time: 0.0018  memory: 7026  grad_norm: 1.8066  loss: 1.7994  loss_cls: 0.5947  loss_bbox: 0.5495  loss_centerness: 0.6551
2026/08/21 19:06:16 - mmengine - INFO - Epoch(train)  [3][1000/2804]  base_lr: 5.0000e-03 lr: 5.0000e-03  eta: 2:23:13  time: 0.3152  data_time: 0.0017  memory: 6999  grad_norm: 3.1998  loss: 1.8846  loss_cls: 0.6221  loss_bbox: 0.6000  loss_centerness: 0.6625
2026/08/21 19:06:33 - mmengine - INFO - Epoch(train)  [3][1050/2804]  base_lr: 5.0000e-03 lr: 5.0000e-03  eta: 2:22:58  time: 0.3222  data_time: 0.0023  memory: 7937  grad_norm: 1.3998  loss: 1.6677  loss_cls: 0.4455  loss_bbox: 0.5640  loss_centerness: 0.6582
2026/08/21 19:06:48 - mmengine - INFO - Epoch(train)  [3][1100/2804]  base_lr: 5.0000e-03 lr: 5.0000e-03  eta: 2:22:41  time: 0.3137  data_time: 0.0018  memory: 7038  grad_norm: 1.7268  loss: 1.6824  loss_cls: 0.4745  loss_bbox: 0.5521  loss_centerness: 0.6558
2026/08/21 19:07:04 - mmengine - INFO - Epoch(train)  [3][1150/2804]  base_lr: 5.0000e-03 lr: 5.0000e-03  eta: 2:22:25  time: 0.3177  data_time: 0.0019  memory: 7544  grad_norm: 2.5918  loss: 1.7675  loss_cls: 0.5541  loss_bbox: 0.5577  loss_centerness: 0.6557
2026/08/21 19:07:20 - mmengine - INFO - Epoch(train)  [3][1200/2804]  base_lr: 5.0000e-03 lr: 5.0000e-03  eta: 2:22:08  time: 0.3128  data_time: 0.0018  memory: 9115  grad_norm: 2.3558  loss: 1.7420  loss_cls: 0.4952  loss_bbox: 0.5933  loss_centerness: 0.6535
2026/08/21 19:07:35 - mmengine - INFO - Epoch(train)  [3][1250/2804]  base_lr: 5.0000e-03 lr: 5.0000e-03  eta: 2:21:51  time: 0.3115  data_time: 0.0018  memory: 9108  grad_norm: 1.6858  loss: 1.7578  loss_cls: 0.5015  loss_bbox: 0.5999  loss_centerness: 0.6564
2026/08/21 19:07:51 - mmengine - INFO - Epoch(train)  [3][1300/2804]  base_lr: 5.0000e-03 lr: 5.0000e-03  eta: 2:21:34  time: 0.3170  data_time: 0.0018  memory: 10694  grad_norm: 2.1746  loss: 1.6782  loss_cls: 0.4605  loss_bbox: 0.5578  loss_centerness: 0.6599
2026/08/21 19:08:07 - mmengine - INFO - Epoch(train)  [3][1350/2804]  base_lr: 5.0000e-03 lr: 5.0000e-03  eta: 2:21:18  time: 0.3118  data_time: 0.0017  memory: 7492  grad_norm: 2.3101  loss: 1.7092  loss_cls: 0.5179  loss_bbox: 0.5364  loss_centerness: 0.6549
2026/08/21 19:08:20 - mmengine - INFO - Exp name: fcos_r50_fpn_p2p6_aitodv2_20260821_183100
2026/08/21 19:08:22 - mmengine - INFO - Epoch(train)  [3][1400/2804]  base_lr: 5.0000e-03 lr: 5.0000e-03  eta: 2:21:01  time: 0.3158  data_time: 0.0016  memory: 7492  grad_norm: 1.8135  loss: 1.6833  loss_cls: 0.4616  loss_bbox: 0.5622  loss_centerness: 0.6595
2026/08/21 19:08:38 - mmengine - INFO - Epoch(train)  [3][1450/2804]  base_lr: 5.0000e-03 lr: 5.0000e-03  eta: 2:20:46  time: 0.3200  data_time: 0.0018  memory: 7540  grad_norm: 2.1818  loss: 1.8857  loss_cls: 0.6474  loss_bbox: 0.5828  loss_centerness: 0.6555
2026/08/21 19:08:54 - mmengine - INFO - Epoch(train)  [3][1500/2804]  base_lr: 5.0000e-03 lr: 5.0000e-03  eta: 2:20:30  time: 0.3131  data_time: 0.0016  memory: 7195  grad_norm: 1.7332  loss: 1.6840  loss_cls: 0.4847  loss_bbox: 0.5463  loss_centerness: 0.6530
2026/08/21 19:09:10 - mmengine - INFO - Epoch(train)  [3][1550/2804]  base_lr: 5.0000e-03 lr: 5.0000e-03  eta: 2:20:13  time: 0.3153  data_time: 0.0018  memory: 7635  grad_norm: 1.9118  loss: 1.7468  loss_cls: 0.5126  loss_bbox: 0.5773  loss_centerness: 0.6569
2026/08/21 19:09:26 - mmengine - INFO - Epoch(train)  [3][1600/2804]  base_lr: 5.0000e-03 lr: 5.0000e-03  eta: 2:19:58  time: 0.3193  data_time: 0.0017  memory: 7126  grad_norm: 2.3720  loss: 1.7229  loss_cls: 0.5082  loss_bbox: 0.5587  loss_centerness: 0.6560
2026/08/21 19:09:42 - mmengine - INFO - Epoch(train)  [3][1650/2804]  base_lr: 5.0000e-03 lr: 5.0000e-03  eta: 2:19:41  time: 0.3146  data_time: 0.0016  memory: 7782  grad_norm: 2.3188  loss: 1.9085  loss_cls: 0.6759  loss_bbox: 0.5747  loss_centerness: 0.6579
2026/08/21 19:09:57 - mmengine - INFO - Epoch(train)  [3][1700/2804]  base_lr: 5.0000e-03 lr: 5.0000e-03  eta: 2:19:25  time: 0.3145  data_time: 0.0018  memory: 7016  grad_norm: 2.2997  loss: 1.8029  loss_cls: 0.5722  loss_bbox: 0.5720  loss_centerness: 0.6587
2026/08/21 19:10:13 - mmengine - INFO - Epoch(train)  [3][1750/2804]  base_lr: 5.0000e-03 lr: 5.0000e-03  eta: 2:19:09  time: 0.3145  data_time: 0.0017  memory: 7870  grad_norm: 2.6654  loss: 1.7324  loss_cls: 0.5227  loss_bbox: 0.5509  loss_centerness: 0.6588
2026/08/21 19:10:29 - mmengine - INFO - Epoch(train)  [3][1800/2804]  base_lr: 5.0000e-03 lr: 5.0000e-03  eta: 2:18:53  time: 0.3182  data_time: 0.0015  memory: 7170  grad_norm: 2.3018  loss: 1.7306  loss_cls: 0.4832  loss_bbox: 0.5916  loss_centerness: 0.6558
2026/08/21 19:10:45 - mmengine - INFO - Epoch(train)  [3][1850/2804]  base_lr: 5.0000e-03 lr: 5.0000e-03  eta: 2:18:36  time: 0.3121  data_time: 0.0017  memory: 7267  grad_norm: 2.4121  loss: 1.7930  loss_cls: 0.5624  loss_bbox: 0.5803  loss_centerness: 0.6504
2026/08/21 19:11:00 - mmengine - INFO - Epoch(train)  [3][1900/2804]  base_lr: 5.0000e-03 lr: 5.0000e-03  eta: 2:18:20  time: 0.3111  data_time: 0.0016  memory: 7364  grad_norm: 2.6895  loss: 1.8509  loss_cls: 0.5753  loss_bbox: 0.6176  loss_centerness: 0.6579
2026/08/21 19:11:16 - mmengine - INFO - Epoch(train)  [3][1950/2804]  base_lr: 5.0000e-03 lr: 5.0000e-03  eta: 2:18:03  time: 0.3111  data_time: 0.0017  memory: 7299  grad_norm: 2.6453  loss: 1.9178  loss_cls: 0.6642  loss_bbox: 0.5974  loss_centerness: 0.6563
2026/08/21 19:11:32 - mmengine - INFO - Epoch(train)  [3][2000/2804]  base_lr: 5.0000e-03 lr: 5.0000e-03  eta: 2:17:46  time: 0.3129  data_time: 0.0016  memory: 7696  grad_norm: 2.2062  loss: 1.7743  loss_cls: 0.5353  loss_bbox: 0.5807  loss_centerness: 0.6584
2026/08/21 19:11:47 - mmengine - INFO - Epoch(train)  [3][2050/2804]  base_lr: 5.0000e-03 lr: 5.0000e-03  eta: 2:17:29  time: 0.3122  data_time: 0.0015  memory: 6933  grad_norm: 2.4669  loss: 1.6270  loss_cls: 0.4550  loss_bbox: 0.5202  loss_centerness: 0.6518
2026/08/21 19:12:03 - mmengine - INFO - Epoch(train)  [3][2100/2804]  base_lr: 5.0000e-03 lr: 5.0000e-03  eta: 2:17:12  time: 0.3114  data_time: 0.0015  memory: 7346  grad_norm: 1.9151  loss: 1.7665  loss_cls: 0.5380  loss_bbox: 0.5758  loss_centerness: 0.6526
2026/08/21 19:12:18 - mmengine - INFO - Epoch(train)  [3][2150/2804]  base_lr: 5.0000e-03 lr: 5.0000e-03  eta: 2:16:56  time: 0.3107  data_time: 0.0018  memory: 9047  grad_norm: 1.9894  loss: 1.6785  loss_cls: 0.5020  loss_bbox: 0.5263  loss_centerness: 0.6502
2026/08/21 19:12:34 - mmengine - INFO - Epoch(train)  [3][2200/2804]  base_lr: 5.0000e-03 lr: 5.0000e-03  eta: 2:16:39  time: 0.3113  data_time: 0.0017  memory: 8118  grad_norm: 2.7485  loss: 1.8030  loss_cls: 0.5660  loss_bbox: 0.5868  loss_centerness: 0.6502
2026/08/21 19:12:50 - mmengine - INFO - Epoch(train)  [3][2250/2804]  base_lr: 5.0000e-03 lr: 5.0000e-03  eta: 2:16:22  time: 0.3114  data_time: 0.0016  memory: 9062  grad_norm: 2.0490  loss: 1.6422  loss_cls: 0.4481  loss_bbox: 0.5441  loss_centerness: 0.6500
2026/08/21 19:13:05 - mmengine - INFO - Epoch(train)  [3][2300/2804]  base_lr: 5.0000e-03 lr: 5.0000e-03  eta: 2:16:06  time: 0.3131  data_time: 0.0017  memory: 7332  grad_norm: 2.8673  loss: 1.7590  loss_cls: 0.5349  loss_bbox: 0.5762  loss_centerness: 0.6479
2026/08/21 19:13:21 - mmengine - INFO - Epoch(train)  [3][2350/2804]  base_lr: 5.0000e-03 lr: 5.0000e-03  eta: 2:15:49  time: 0.3108  data_time: 0.0018  memory: 7784  grad_norm: 3.0710  loss: 1.7702  loss_cls: 0.5445  loss_bbox: 0.5715  loss_centerness: 0.6542
2026/08/21 19:13:34 - mmengine - INFO - Exp name: fcos_r50_fpn_p2p6_aitodv2_20260821_183100
2026/08/21 19:13:37 - mmengine - INFO - Epoch(train)  [3][2400/2804]  base_lr: 5.0000e-03 lr: 5.0000e-03  eta: 2:15:33  time: 0.3129  data_time: 0.0016  memory: 9803  grad_norm: 1.7060  loss: 1.7171  loss_cls: 0.4852  loss_bbox: 0.5784  loss_centerness: 0.6535
2026/08/21 19:13:52 - mmengine - INFO - Epoch(train)  [3][2450/2804]  base_lr: 5.0000e-03 lr: 5.0000e-03  eta: 2:15:17  time: 0.3112  data_time: 0.0016  memory: 7236  grad_norm: 2.3971  loss: 1.6638  loss_cls: 0.4835  loss_bbox: 0.5307  loss_centerness: 0.6497
2026/08/21 19:14:08 - mmengine - INFO - Epoch(train)  [3][2500/2804]  base_lr: 5.0000e-03 lr: 5.0000e-03  eta: 2:15:00  time: 0.3137  data_time: 0.0017  memory: 7067  grad_norm: 2.0913  loss: 1.7340  loss_cls: 0.5350  loss_bbox: 0.5438  loss_centerness: 0.6552
2026/08/21 19:14:24 - mmengine - INFO - Epoch(train)  [3][2550/2804]  base_lr: 5.0000e-03 lr: 5.0000e-03  eta: 2:14:44  time: 0.3129  data_time: 0.0017  memory: 8188  grad_norm: 2.5292  loss: 1.7940  loss_cls: 0.5400  loss_bbox: 0.6003  loss_centerness: 0.6536
2026/08/21 19:14:39 - mmengine - INFO - Epoch(train)  [3][2600/2804]  base_lr: 5.0000e-03 lr: 5.0000e-03  eta: 2:14:27  time: 0.3129  data_time: 0.0019  memory: 9716  grad_norm: 2.3121  loss: 1.8135  loss_cls: 0.5857  loss_bbox: 0.5753  loss_centerness: 0.6526
2026/08/21 19:14:55 - mmengine - INFO - Epoch(train)  [3][2650/2804]  base_lr: 5.0000e-03 lr: 5.0000e-03  eta: 2:14:11  time: 0.3134  data_time: 0.0017  memory: 7861  grad_norm: 2.2196  loss: 1.7752  loss_cls: 0.6217  loss_bbox: 0.4965  loss_centerness: 0.6570
2026/08/21 19:15:11 - mmengine - INFO - Epoch(train)  [3][2700/2804]  base_lr: 5.0000e-03 lr: 5.0000e-03  eta: 2:13:54  time: 0.3120  data_time: 0.0017  memory: 7712  grad_norm: 2.0600  loss: 1.6899  loss_cls: 0.5118  loss_bbox: 0.5251  loss_centerness: 0.6531
2026/08/21 19:15:26 - mmengine - INFO - Epoch(train)  [3][2750/2804]  base_lr: 5.0000e-03 lr: 5.0000e-03  eta: 2:13:38  time: 0.3123  data_time: 0.0017  memory: 8772  grad_norm: 2.1049  loss: 1.7058  loss_cls: 0.4680  loss_bbox: 0.5795  loss_centerness: 0.6584
2026/08/21 19:15:42 - mmengine - INFO - Epoch(train)  [3][2800/2804]  base_lr: 5.0000e-03 lr: 5.0000e-03  eta: 2:13:21  time: 0.3084  data_time: 0.0012  memory: 6970  grad_norm: 2.4539  loss: 1.7784  loss_cls: 0.5985  loss_bbox: 0.5256  loss_centerness: 0.6542
2026/08/21 19:15:43 - mmengine - INFO - Exp name: fcos_r50_fpn_p2p6_aitodv2_20260821_183100
2026/08/21 19:15:43 - mmengine - INFO - Saving checkpoint at 3 epochs
2026/08/21 19:16:00 - mmengine - INFO - Epoch(train)  [4][  50/2804]  base_lr: 5.0000e-03 lr: 5.0000e-03  eta: 2:13:04  time: 0.3126  data_time: 0.0016  memory: 7342  grad_norm: 2.4068  loss: 1.9125  loss_cls: 0.6875  loss_bbox: 0.5661  loss_centerness: 0.6588
2026/08/21 19:16:16 - mmengine - INFO - Epoch(train)  [4][ 100/2804]  base_lr: 5.0000e-03 lr: 5.0000e-03  eta: 2:12:47  time: 0.3140  data_time: 0.0017  memory: 7977  grad_norm: 2.1474  loss: 1.8418  loss_cls: 0.6218  loss_bbox: 0.5669  loss_centerness: 0.6532
2026/08/21 19:16:32 - mmengine - INFO - Epoch(train)  [4][ 150/2804]  base_lr: 5.0000e-03 lr: 5.0000e-03  eta: 2:12:31  time: 0.3104  data_time: 0.0016  memory: 7493  grad_norm: 2.9730  loss: 1.8223  loss_cls: 0.6045  loss_bbox: 0.5683  loss_centerness: 0.6496
2026/08/21 19:16:47 - mmengine - INFO - Epoch(train)  [4][ 200/2804]  base_lr: 5.0000e-03 lr: 5.0000e-03  eta: 2:12:14  time: 0.3138  data_time: 0.0016  memory: 7045  grad_norm: 2.0085  loss: 1.7371  loss_cls: 0.5400  loss_bbox: 0.5415  loss_centerness: 0.6556
2026/08/21 19:17:03 - mmengine - INFO - Epoch(train)  [4][ 250/2804]  base_lr: 5.0000e-03 lr: 5.0000e-03  eta: 2:11:58  time: 0.3123  data_time: 0.0019  memory: 7509  grad_norm: 1.8730  loss: 1.6721  loss_cls: 0.4686  loss_bbox: 0.5535  loss_centerness: 0.6500
2026/08/21 19:17:18 - mmengine - INFO - Epoch(train)  [4][ 300/2804]  base_lr: 5.0000e-03 lr: 5.0000e-03  eta: 2:11:41  time: 0.3099  data_time: 0.0017  memory: 8770  grad_norm: 2.7647  loss: 1.8725  loss_cls: 0.6274  loss_bbox: 0.5901  loss_centerness: 0.6549
2026/08/21 19:17:34 - mmengine - INFO - Epoch(train)  [4][ 350/2804]  base_lr: 5.0000e-03 lr: 5.0000e-03  eta: 2:11:24  time: 0.3117  data_time: 0.0017  memory: 7890  grad_norm: 2.0296  loss: 1.7244  loss_cls: 0.5402  loss_bbox: 0.5313  loss_centerness: 0.6529
2026/08/21 19:17:50 - mmengine - INFO - Epoch(train)  [4][ 400/2804]  base_lr: 5.0000e-03 lr: 5.0000e-03  eta: 2:11:08  time: 0.3157  data_time: 0.0017  memory: 7036  grad_norm: 2.1471  loss: 1.8487  loss_cls: 0.6231  loss_bbox: 0.5654  loss_centerness: 0.6602
2026/08/21 19:18:05 - mmengine - INFO - Epoch(train)  [4][ 450/2804]  base_lr: 5.0000e-03 lr: 5.0000e-03  eta: 2:10:52  time: 0.3138  data_time: 0.0018  memory: 6936  grad_norm: 1.9836  loss: 1.8157  loss_cls: 0.5640  loss_bbox: 0.5973  loss_centerness: 0.6544
2026/08/21 19:18:21 - mmengine - INFO - Epoch(train)  [4][ 500/2804]  base_lr: 5.0000e-03 lr: 5.0000e-03  eta: 2:10:35  time: 0.3121  data_time: 0.0017  memory: 7195  grad_norm: 4.9065  loss: 1.8857  loss_cls: 0.6383  loss_bbox: 0.5960  loss_centerness: 0.6514
2026/08/21 19:18:37 - mmengine - INFO - Epoch(train)  [4][ 550/2804]  base_lr: 5.0000e-03 lr: 5.0000e-03  eta: 2:10:19  time: 0.3127  data_time: 0.0016  memory: 7784  grad_norm: 2.7190  loss: 1.7301  loss_cls: 0.5236  loss_bbox: 0.5509  loss_centerness: 0.6556
2026/08/21 19:18:49 - mmengine - INFO - Exp name: fcos_r50_fpn_p2p6_aitodv2_20260821_183100
2026/08/21 19:18:53 - mmengine - INFO - Epoch(train)  [4][ 600/2804]  base_lr: 5.0000e-03 lr: 5.0000e-03  eta: 2:10:03  time: 0.3172  data_time: 0.0017  memory: 7345  grad_norm: 1.6866  loss: 1.7250  loss_cls: 0.4778  loss_bbox: 0.5925  loss_centerness: 0.6547
2026/08/21 19:19:09 - mmengine - INFO - Epoch(train)  [4][ 650/2804]  base_lr: 5.0000e-03 lr: 5.0000e-03  eta: 2:09:48  time: 0.3166  data_time: 0.0017  memory: 9064  grad_norm: 2.0985  loss: 1.7028  loss_cls: 0.5033  loss_bbox: 0.5478  loss_centerness: 0.6517
2026/08/21 19:19:24 - mmengine - INFO - Epoch(train)  [4][ 700/2804]  base_lr: 5.0000e-03 lr: 5.0000e-03  eta: 2:09:32  time: 0.3149  data_time: 0.0016  memory: 7874  grad_norm: 2.4521  loss: 1.7682  loss_cls: 0.5591  loss_bbox: 0.5539  loss_centerness: 0.6552
2026/08/21 19:19:40 - mmengine - INFO - Epoch(train)  [4][ 750/2804]  base_lr: 5.0000e-03 lr: 5.0000e-03  eta: 2:09:16  time: 0.3127  data_time: 0.0018  memory: 7574  grad_norm: 2.1025  loss: 1.6440  loss_cls: 0.4332  loss_bbox: 0.5599  loss_centerness: 0.6510
2026/08/21 19:19:56 - mmengine - INFO - Epoch(train)  [4][ 800/2804]  base_lr: 5.0000e-03 lr: 5.0000e-03  eta: 2:09:00  time: 0.3139  data_time: 0.0018  memory: 7505  grad_norm: 1.8266  loss: 1.5989  loss_cls: 0.4458  loss_bbox: 0.5097  loss_centerness: 0.6434
2026/08/21 19:20:11 - mmengine - INFO - Epoch(train)  [4][ 850/2804]  base_lr: 5.0000e-03 lr: 5.0000e-03  eta: 2:08:43  time: 0.3108  data_time: 0.0017  memory: 8187  grad_norm: 2.4696  loss: 1.7917  loss_cls: 0.5527  loss_bbox: 0.5898  loss_centerness: 0.6492
2026/08/21 19:20:27 - mmengine - INFO - Epoch(train)  [4][ 900/2804]  base_lr: 5.0000e-03 lr: 5.0000e-03  eta: 2:08:26  time: 0.3111  data_time: 0.0016  memory: 7027  grad_norm: 2.0274  loss: 1.6322  loss_cls: 0.4304  loss_bbox: 0.5511  loss_centerness: 0.6507
2026/08/21 19:20:43 - mmengine - INFO - Epoch(train)  [4][ 950/2804]  base_lr: 5.0000e-03 lr: 5.0000e-03  eta: 2:08:10  time: 0.3116  data_time: 0.0017  memory: 7864  grad_norm: 3.3656  loss: 1.6968  loss_cls: 0.5402  loss_bbox: 0.5156  loss_centerness: 0.6410
2026/08/21 19:20:58 - mmengine - INFO - Epoch(train)  [4][1000/2804]  base_lr: 5.0000e-03 lr: 5.0000e-03  eta: 2:07:54  time: 0.3145  data_time: 0.0018  memory: 9716  grad_norm: 1.9799  loss: 1.6502  loss_cls: 0.4428  loss_bbox: 0.5548  loss_centerness: 0.6526
2026/08/21 19:21:14 - mmengine - INFO - Epoch(train)  [4][1050/2804]  base_lr: 5.0000e-03 lr: 5.0000e-03  eta: 2:07:37  time: 0.3121  data_time: 0.0017  memory: 7558  grad_norm: 2.0223  loss: 1.6607  loss_cls: 0.4939  loss_bbox: 0.5206  loss_centerness: 0.6462
2026/08/21 19:21:29 - mmengine - INFO - Epoch(train)  [4][1100/2804]  base_lr: 5.0000e-03 lr: 5.0000e-03  eta: 2:07:21  time: 0.3103  data_time: 0.0015  memory: 7403  grad_norm: 2.8908  loss: 1.6699  loss_cls: 0.4694  loss_bbox: 0.5578  loss_centerness: 0.6427
2026/08/21 19:21:45 - mmengine - INFO - Epoch(train)  [4][1150/2804]  base_lr: 5.0000e-03 lr: 5.0000e-03  eta: 2:07:05  time: 0.3102  data_time: 0.0016  memory: 8530  grad_norm: 3.1756  loss: 1.8643  loss_cls: 0.6581  loss_bbox: 0.5590  loss_centerness: 0.6472
2026/08/21 19:22:01 - mmengine - INFO - Epoch(train)  [4][1200/2804]  base_lr: 5.0000e-03 lr: 5.0000e-03  eta: 2:06:48  time: 0.3155  data_time: 0.0016  memory: 7106  grad_norm: 3.1116  loss: 1.7567  loss_cls: 0.5945  loss_bbox: 0.5201  loss_centerness: 0.6421
2026/08/21 19:22:17 - mmengine - INFO - Epoch(train)  [4][1250/2804]  base_lr: 5.0000e-03 lr: 5.0000e-03  eta: 2:06:33  time: 0.3194  data_time: 0.0017  memory: 10129  grad_norm: 2.6781  loss: 1.7277  loss_cls: 0.5548  loss_bbox: 0.5241  loss_centerness: 0.6488
2026/08/21 19:22:32 - mmengine - INFO - Epoch(train)  [4][1300/2804]  base_lr: 5.0000e-03 lr: 5.0000e-03  eta: 2:06:17  time: 0.3143  data_time: 0.0016  memory: 7005  grad_norm: 2.8970  loss: 1.7702  loss_cls: 0.5719  loss_bbox: 0.5430  loss_centerness: 0.6553
2026/08/21 19:22:48 - mmengine - INFO - Epoch(train)  [4][1350/2804]  base_lr: 5.0000e-03 lr: 5.0000e-03  eta: 2:06:01  time: 0.3151  data_time: 0.0017  memory: 7459  grad_norm: 2.4288  loss: 1.8165  loss_cls: 0.5966  loss_bbox: 0.5686  loss_centerness: 0.6512
2026/08/21 19:23:04 - mmengine - INFO - Epoch(train)  [4][1400/2804]  base_lr: 5.0000e-03 lr: 5.0000e-03  eta: 2:05:45  time: 0.3151  data_time: 0.0017  memory: 7065  grad_norm: 2.3966  loss: 1.7263  loss_cls: 0.4994  loss_bbox: 0.5743  loss_centerness: 0.6527
2026/08/21 19:23:20 - mmengine - INFO - Epoch(train)  [4][1450/2804]  base_lr: 5.0000e-03 lr: 5.0000e-03  eta: 2:05:30  time: 0.3190  data_time: 0.0018  memory: 9952  grad_norm: 3.4266  loss: 1.8514  loss_cls: 0.6488  loss_bbox: 0.5455  loss_centerness: 0.6571
2026/08/21 19:23:36 - mmengine - INFO - Epoch(train)  [4][1500/2804]  base_lr: 5.0000e-03 lr: 5.0000e-03  eta: 2:05:14  time: 0.3132  data_time: 0.0016  memory: 7798  grad_norm: 4.1216  loss: 1.7870  loss_cls: 0.6095  loss_bbox: 0.5314  loss_centerness: 0.6461
2026/08/21 19:23:52 - mmengine - INFO - Epoch(train)  [4][1550/2804]  base_lr: 5.0000e-03 lr: 5.0000e-03  eta: 2:04:58  time: 0.3153  data_time: 0.0016  memory: 10694  grad_norm: 2.3253  loss: 1.5851  loss_cls: 0.4542  loss_bbox: 0.4875  loss_centerness: 0.6435
2026/08/21 19:24:04 - mmengine - INFO - Exp name: fcos_r50_fpn_p2p6_aitodv2_20260821_183100
2026/08/21 19:24:08 - mmengine - INFO - Epoch(train)  [4][1600/2804]  base_lr: 5.0000e-03 lr: 5.0000e-03  eta: 2:04:42  time: 0.3176  data_time: 0.0017  memory: 7027  grad_norm: 1.9204  loss: 1.7357  loss_cls: 0.5479  loss_bbox: 0.5391  loss_centerness: 0.6487
2026/08/21 19:24:23 - mmengine - INFO - Epoch(train)  [4][1650/2804]  base_lr: 5.0000e-03 lr: 5.0000e-03  eta: 2:04:26  time: 0.3128  data_time: 0.0016  memory: 6999  grad_norm: 1.9956  loss: 1.6505  loss_cls: 0.4415  loss_bbox: 0.5579  loss_centerness: 0.6512
2026/08/21 19:24:39 - mmengine - INFO - Epoch(train)  [4][1700/2804]  base_lr: 5.0000e-03 lr: 5.0000e-03  eta: 2:04:10  time: 0.3128  data_time: 0.0015  memory: 7861  grad_norm: 2.1778  loss: 1.6746  loss_cls: 0.4829  loss_bbox: 0.5423  loss_centerness: 0.6494
2026/08/21 19:24:55 - mmengine - INFO - Epoch(train)  [4][1750/2804]  base_lr: 5.0000e-03 lr: 5.0000e-03  eta: 2:03:53  time: 0.3106  data_time: 0.0017  memory: 7096  grad_norm: 1.9412  loss: 1.5311  loss_cls: 0.3904  loss_bbox: 0.4990  loss_centerness: 0.6417
2026/08/21 19:25:10 - mmengine - INFO - Epoch(train)  [4][1800/2804]  base_lr: 5.0000e-03 lr: 5.0000e-03  eta: 2:03:37  time: 0.3122  data_time: 0.0017  memory: 7696  grad_norm: 2.4584  loss: 1.5624  loss_cls: 0.4312  loss_bbox: 0.4884  loss_centerness: 0.6428
2026/08/21 19:25:26 - mmengine - INFO - Epoch(train)  [4][1850/2804]  base_lr: 5.0000e-03 lr: 5.0000e-03  eta: 2:03:21  time: 0.3136  data_time: 0.0017  memory: 8117  grad_norm: 2.0859  loss: 1.6839  loss_cls: 0.5118  loss_bbox: 0.5243  loss_centerness: 0.6478
2026/08/21 19:25:41 - mmengine - INFO - Epoch(train)  [4][1900/2804]  base_lr: 5.0000e-03 lr: 5.0000e-03  eta: 2:03:05  time: 0.3119  data_time: 0.0017  memory: 7817  grad_norm: 2.8254  loss: 1.7952  loss_cls: 0.5787  loss_bbox: 0.5665  loss_centerness: 0.6500
2026/08/21 19:25:57 - mmengine - INFO - Epoch(train)  [4][1950/2804]  base_lr: 5.0000e-03 lr: 5.0000e-03  eta: 2:02:48  time: 0.3118  data_time: 0.0016  memory: 7404  grad_norm: 2.6144  loss: 1.7012  loss_cls: 0.5204  loss_bbox: 0.5331  loss_centerness: 0.6478
2026/08/21 19:26:13 - mmengine - INFO - Epoch(train)  [4][2000/2804]  base_lr: 5.0000e-03 lr: 5.0000e-03  eta: 2:02:32  time: 0.3106  data_time: 0.0015  memory: 9804  grad_norm: 2.9617  loss: 1.7420  loss_cls: 0.5854  loss_bbox: 0.5067  loss_centerness: 0.6500
2026/08/21 19:26:28 - mmengine - INFO - Epoch(train)  [4][2050/2804]  base_lr: 5.0000e-03 lr: 5.0000e-03  eta: 2:02:16  time: 0.3121  data_time: 0.0018  memory: 6898  grad_norm: 2.5016  loss: 1.6599  loss_cls: 0.4958  loss_bbox: 0.5206  loss_centerness: 0.6435
2026/08/21 19:26:44 - mmengine - INFO - Epoch(train)  [4][2100/2804]  base_lr: 5.0000e-03 lr: 5.0000e-03  eta: 2:01:59  time: 0.3108  data_time: 0.0016  memory: 9044  grad_norm: 2.0348  loss: 1.6626  loss_cls: 0.4923  loss_bbox: 0.5252  loss_centerness: 0.6450
2026/08/21 19:26:59 - mmengine - INFO - Epoch(train)  [4][2150/2804]  base_lr: 5.0000e-03 lr: 5.0000e-03  eta: 2:01:43  time: 0.3129  data_time: 0.0018  memory: 7105  grad_norm: 2.7887  loss: 1.7166  loss_cls: 0.5310  loss_bbox: 0.5394  loss_centerness: 0.6462
2026/08/21 19:27:15 - mmengine - INFO - Epoch(train)  [4][2200/2804]  base_lr: 5.0000e-03 lr: 5.0000e-03  eta: 2:01:27  time: 0.3139  data_time: 0.0016  memory: 7493  grad_norm: 2.4920  loss: 1.6369  loss_cls: 0.4787  loss_bbox: 0.5136  loss_centerness: 0.6446
2026/08/21 19:27:31 - mmengine - INFO - Epoch(train)  [4][2250/2804]  base_lr: 5.0000e-03 lr: 5.0000e-03  eta: 2:01:11  time: 0.3169  data_time: 0.0016  memory: 9633  grad_norm: 1.7907  loss: 1.6392  loss_cls: 0.4708  loss_bbox: 0.5239  loss_centerness: 0.6446
2026/08/21 19:27:46 - mmengine - INFO - Epoch(train)  [4][2300/2804]  base_lr: 5.0000e-03 lr: 5.0000e-03  eta: 2:00:54  time: 0.3143  data_time: 0.0016  memory: 7343  grad_norm: 2.5087  loss: 1.7563  loss_cls: 0.5947  loss_bbox: 0.5129  loss_centerness: 0.6487
2026/08/21 19:28:02 - mmengine - INFO - Epoch(train)  [4][2350/2804]  base_lr: 5.0000e-03 lr: 5.0000e-03  eta: 2:00:38  time: 0.3132  data_time: 0.0016  memory: 7128  grad_norm: 2.5400  loss: 1.5839  loss_cls: 0.4341  loss_bbox: 0.5018  loss_centerness: 0.6480
2026/08/21 19:28:18 - mmengine - INFO - Epoch(train)  [4][2400/2804]  base_lr: 5.0000e-03 lr: 5.0000e-03  eta: 2:00:22  time: 0.3096  data_time: 0.0015  memory: 9108  grad_norm: 2.1882  loss: 1.6408  loss_cls: 0.4889  loss_bbox: 0.5068  loss_centerness: 0.6451
2026/08/21 19:28:33 - mmengine - INFO - Epoch(train)  [4][2450/2804]  base_lr: 5.0000e-03 lr: 5.0000e-03  eta: 2:00:06  time: 0.3118  data_time: 0.0015  memory: 9114  grad_norm: 2.2922  loss: 1.6419  loss_cls: 0.5140  loss_bbox: 0.4862  loss_centerness: 0.6417
2026/08/21 19:28:49 - mmengine - INFO - Epoch(train)  [4][2500/2804]  base_lr: 5.0000e-03 lr: 5.0000e-03  eta: 1:59:50  time: 0.3223  data_time: 0.0017  memory: 7499  grad_norm: 2.2005  loss: 1.5764  loss_cls: 0.4375  loss_bbox: 0.5008  loss_centerness: 0.6381
2026/08/21 19:29:04 - mmengine - INFO - Epoch(train)  [4][2550/2804]  base_lr: 5.0000e-03 lr: 5.0000e-03  eta: 1:59:33  time: 0.3113  data_time: 0.0014  memory: 6936  grad_norm: 3.1655  loss: 1.7151  loss_cls: 0.5571  loss_bbox: 0.5179  loss_centerness: 0.6401
2026/08/21 19:29:16 - mmengine - INFO - Exp name: fcos_r50_fpn_p2p6_aitodv2_20260821_183100
2026/08/21 19:29:20 - mmengine - INFO - Epoch(train)  [4][2600/2804]  base_lr: 5.0000e-03 lr: 5.0000e-03  eta: 1:59:17  time: 0.3103  data_time: 0.0015  memory: 9049  grad_norm: 2.0954  loss: 1.7012  loss_cls: 0.5233  loss_bbox: 0.5320  loss_centerness: 0.6459
2026/08/21 19:29:36 - mmengine - INFO - Epoch(train)  [4][2650/2804]  base_lr: 5.0000e-03 lr: 5.0000e-03  eta: 1:59:01  time: 0.3119  data_time: 0.0015  memory: 7224  grad_norm: 2.3869  loss: 1.6448  loss_cls: 0.4770  loss_bbox: 0.5211  loss_centerness: 0.6467
2026/08/21 19:29:51 - mmengine - INFO - Epoch(train)  [4][2700/2804]  base_lr: 5.0000e-03 lr: 5.0000e-03  eta: 1:58:44  time: 0.3096  data_time: 0.0017  memory: 7387  grad_norm: 2.3641  loss: 1.6438  loss_cls: 0.4892  loss_bbox: 0.5068  loss_centerness: 0.6478
2026/08/21 19:30:07 - mmengine - INFO - Epoch(train)  [4][2750/2804]  base_lr: 5.0000e-03 lr: 5.0000e-03  eta: 1:58:29  time: 0.3121  data_time: 0.0019  memory: 7941  grad_norm: 3.0980  loss: 1.6170  loss_cls: 0.4712  loss_bbox: 0.5033  loss_centerness: 0.6426
2026/08/21 19:30:23 - mmengine - INFO - Epoch(train)  [4][2800/2804]  base_lr: 5.0000e-03 lr: 5.0000e-03  eta: 1:58:13  time: 0.3096  data_time: 0.0010  memory: 7198  grad_norm: 2.5082  loss: 1.6597  loss_cls: 0.4947  loss_bbox: 0.5113  loss_centerness: 0.6537
2026/08/21 19:30:24 - mmengine - INFO - Exp name: fcos_r50_fpn_p2p6_aitodv2_20260821_183100
2026/08/21 19:30:24 - mmengine - INFO - Saving checkpoint at 4 epochs
2026/08/21 19:30:30 - mmengine - INFO - Epoch(val)  [4][ 50/701]    eta: 0:01:02  time: 0.0809  data_time: 0.0003  memory: 6972  
2026/08/21 19:30:34 - mmengine - INFO - Epoch(val)  [4][100/701]    eta: 0:00:53  time: 0.0811  data_time: 0.0003  memory: 1120  
2026/08/21 19:30:38 - mmengine - INFO - Epoch(val)  [4][150/701]    eta: 0:00:47  time: 0.0813  data_time: 0.0003  memory: 1120  
2026/08/21 19:30:42 - mmengine - INFO - Epoch(val)  [4][200/701]    eta: 0:00:42  time: 0.0810  data_time: 0.0003  memory: 1120  
2026/08/21 19:30:46 - mmengine - INFO - Epoch(val)  [4][250/701]    eta: 0:00:37  time: 0.0808  data_time: 0.0003  memory: 1120  
2026/08/21 19:30:50 - mmengine - INFO - Epoch(val)  [4][300/701]    eta: 0:00:33  time: 0.0809  data_time: 0.0003  memory: 1120  
2026/08/21 19:30:54 - mmengine - INFO - Epoch(val)  [4][350/701]    eta: 0:00:29  time: 0.0812  data_time: 0.0003  memory: 1120  
2026/08/21 19:30:58 - mmengine - INFO - Epoch(val)  [4][400/701]    eta: 0:00:24  time: 0.0812  data_time: 0.0003  memory: 1120  
2026/08/21 19:31:02 - mmengine - INFO - Epoch(val)  [4][450/701]    eta: 0:00:20  time: 0.0812  data_time: 0.0004  memory: 1120  
2026/08/21 19:31:06 - mmengine - INFO - Epoch(val)  [4][500/701]    eta: 0:00:16  time: 0.0810  data_time: 0.0003  memory: 1120  
2026/08/21 19:31:10 - mmengine - INFO - Epoch(val)  [4][550/701]    eta: 0:00:12  time: 0.0810  data_time: 0.0003  memory: 1120  
2026/08/21 19:31:15 - mmengine - INFO - Epoch(val)  [4][600/701]    eta: 0:00:08  time: 0.0810  data_time: 0.0003  memory: 1120  
2026/08/21 19:31:19 - mmengine - INFO - Epoch(val)  [4][650/701]    eta: 0:00:04  time: 0.0810  data_time: 0.0003  memory: 1120  
2026/08/21 19:31:23 - mmengine - INFO - Epoch(val)  [4][700/701]    eta: 0:00:00  time: 0.0808  data_time: 0.0002  memory: 1120  
2026/08/21 19:31:54 - mmengine - INFO - Evaluating bbox...
2026/08/21 19:44:45 - mmengine - INFO - bbox_mAP_copypaste: 0.007 0.031 0.002 0.008 0.003 -1.000
2026/08/21 19:44:46 - mmengine - INFO - Epoch(val) [4][701/701]    coco/bbox_mAP: 0.0070  coco/bbox_mAP_50: 0.0310  coco/bbox_mAP_75: 0.0020  coco/bbox_mAP_s: 0.0080  coco/bbox_mAP_m: 0.0030  coco/bbox_mAP_l: -1.0000  data_time: 0.0011  time: 0.0825
2026/08/21 19:44:48 - mmengine - INFO - The best checkpoint with 0.0070 coco/bbox_mAP at 4 epoch is saved to best_coco_bbox_mAP_epoch_4.pth.
2026/08/21 19:45:05 - mmengine - INFO - Epoch(train)  [5][  50/2804]  base_lr: 5.0000e-03 lr: 5.0000e-03  eta: 1:57:54  time: 0.3001  data_time: 0.0019  memory: 7030  grad_norm: 2.6405  loss: 1.6896  loss_cls: 0.5110  loss_bbox: 0.5309  loss_centerness: 0.6478
2026/08/21 19:45:19 - mmengine - INFO - Epoch(train)  [5][ 100/2804]  base_lr: 5.0000e-03 lr: 5.0000e-03  eta: 1:57:36  time: 0.2923  data_time: 0.0016  memory: 10694  grad_norm: 2.3376  loss: 1.5952  loss_cls: 0.4221  loss_bbox: 0.5302  loss_centerness: 0.6430
2026/08/21 19:45:34 - mmengine - INFO - Epoch(train)  [5][ 150/2804]  base_lr: 5.0000e-03 lr: 5.0000e-03  eta: 1:57:18  time: 0.3005  data_time: 0.0016  memory: 7642  grad_norm: 3.2540  loss: 1.6754  loss_cls: 0.5461  loss_bbox: 0.4897  loss_centerness: 0.6395
2026/08/21 19:45:50 - mmengine - INFO - Epoch(train)  [5][ 200/2804]  base_lr: 5.0000e-03 lr: 5.0000e-03  eta: 1:57:02  time: 0.3128  data_time: 0.0020  memory: 7170  grad_norm: 2.6079  loss: 1.6767  loss_cls: 0.5375  loss_bbox: 0.4993  loss_centerness: 0.6399
2026/08/21 19:46:06 - mmengine - INFO - Epoch(train)  [5][ 250/2804]  base_lr: 5.0000e-03 lr: 5.0000e-03  eta: 1:56:46  time: 0.3103  data_time: 0.0019  memory: 9108  grad_norm: 2.2841  loss: 1.5835  loss_cls: 0.4439  loss_bbox: 0.4945  loss_centerness: 0.6452
2026/08/21 19:46:21 - mmengine - INFO - Epoch(train)  [5][ 300/2804]  base_lr: 5.0000e-03 lr: 5.0000e-03  eta: 1:56:30  time: 0.3108  data_time: 0.0019  memory: 9114  grad_norm: 3.2119  loss: 1.7187  loss_cls: 0.5715  loss_bbox: 0.5028  loss_centerness: 0.6444
2026/08/21 19:46:37 - mmengine - INFO - Epoch(train)  [5][ 350/2804]  base_lr: 5.0000e-03 lr: 5.0000e-03  eta: 1:56:14  time: 0.3096  data_time: 0.0015  memory: 7335  grad_norm: 2.6807  loss: 1.6586  loss_cls: 0.5236  loss_bbox: 0.4926  loss_centerness: 0.6425
2026/08/21 19:46:53 - mmengine - INFO - Epoch(train)  [5][ 400/2804]  base_lr: 5.0000e-03 lr: 5.0000e-03  eta: 1:55:58  time: 0.3105  data_time: 0.0015  memory: 7473  grad_norm: 3.4405  loss: 1.8430  loss_cls: 0.6917  loss_bbox: 0.5050  loss_centerness: 0.6463
2026/08/21 19:47:08 - mmengine - INFO - Epoch(train)  [5][ 450/2804]  base_lr: 5.0000e-03 lr: 5.0000e-03  eta: 1:55:42  time: 0.3107  data_time: 0.0016  memory: 7554  grad_norm: 1.8661  loss: 1.5891  loss_cls: 0.4627  loss_bbox: 0.4850  loss_centerness: 0.6413
2026/08/21 19:47:24 - mmengine - INFO - Epoch(train)  [5][ 500/2804]  base_lr: 5.0000e-03 lr: 5.0000e-03  eta: 1:55:26  time: 0.3113  data_time: 0.0015  memory: 7493  grad_norm: 2.7075  loss: 1.7188  loss_cls: 0.5391  loss_bbox: 0.5351  loss_centerness: 0.6446
2026/08/21 19:47:39 - mmengine - INFO - Epoch(train)  [5][ 550/2804]  base_lr: 5.0000e-03 lr: 5.0000e-03  eta: 1:55:09  time: 0.3103  data_time: 0.0016  memory: 9062  grad_norm: 2.1945  loss: 1.6399  loss_cls: 0.4647  loss_bbox: 0.5270  loss_centerness: 0.6482
2026/08/21 19:47:55 - mmengine - INFO - Epoch(train)  [5][ 600/2804]  base_lr: 5.0000e-03 lr: 5.0000e-03  eta: 1:54:53  time: 0.3118  data_time: 0.0017  memory: 7374  grad_norm: 3.5884  loss: 1.6926  loss_cls: 0.5821  loss_bbox: 0.4788  loss_centerness: 0.6317
2026/08/21 19:48:11 - mmengine - INFO - Epoch(train)  [5][ 650/2804]  base_lr: 5.0000e-03 lr: 5.0000e-03  eta: 1:54:37  time: 0.3099  data_time: 0.0016  memory: 7507  grad_norm: 1.9705  loss: 1.5424  loss_cls: 0.3723  loss_bbox: 0.5304  loss_centerness: 0.6397
2026/08/21 19:48:26 - mmengine - INFO - Epoch(train)  [5][ 700/2804]  base_lr: 5.0000e-03 lr: 5.0000e-03  eta: 1:54:21  time: 0.3101  data_time: 0.0015  memory: 8530  grad_norm: 2.6511  loss: 1.5795  loss_cls: 0.4371  loss_bbox: 0.4967  loss_centerness: 0.6456
2026/08/21 19:48:42 - mmengine - INFO - Epoch(train)  [5][ 750/2804]  base_lr: 5.0000e-03 lr: 5.0000e-03  eta: 1:54:05  time: 0.3111  data_time: 0.0016  memory: 7864  grad_norm: 2.6419  loss: 1.6040  loss_cls: 0.4432  loss_bbox: 0.5186  loss_centerness: 0.6422
2026/08/21 19:48:52 - mmengine - INFO - Exp name: fcos_r50_fpn_p2p6_aitodv2_20260821_183100
2026/08/21 19:48:57 - mmengine - INFO - Epoch(train)  [5][ 800/2804]  base_lr: 5.0000e-03 lr: 5.0000e-03  eta: 1:53:49  time: 0.3133  data_time: 0.0017  memory: 6888  grad_norm: 2.0213  loss: 1.6350  loss_cls: 0.4928  loss_bbox: 0.5014  loss_centerness: 0.6408
2026/08/21 19:49:13 - mmengine - INFO - Epoch(train)  [5][ 850/2804]  base_lr: 5.0000e-03 lr: 5.0000e-03  eta: 1:53:33  time: 0.3125  data_time: 0.0017  memory: 7148  grad_norm: 2.1556  loss: 1.6427  loss_cls: 0.4799  loss_bbox: 0.5149  loss_centerness: 0.6478
2026/08/21 19:49:29 - mmengine - INFO - Epoch(train)  [5][ 900/2804]  base_lr: 5.0000e-03 lr: 5.0000e-03  eta: 1:53:17  time: 0.3149  data_time: 0.0018  memory: 7504  grad_norm: 2.3836  loss: 1.6176  loss_cls: 0.4502  loss_bbox: 0.5242  loss_centerness: 0.6431
2026/08/21 19:49:45 - mmengine - INFO - Epoch(train)  [5][ 950/2804]  base_lr: 5.0000e-03 lr: 5.0000e-03  eta: 1:53:01  time: 0.3122  data_time: 0.0021  memory: 7315  grad_norm: 2.3620  loss: 1.5451  loss_cls: 0.4298  loss_bbox: 0.4743  loss_centerness: 0.6410
2026/08/21 19:50:00 - mmengine - INFO - Epoch(train)  [5][1000/2804]  base_lr: 5.0000e-03 lr: 5.0000e-03  eta: 1:52:45  time: 0.3119  data_time: 0.0018  memory: 7818  grad_norm: 2.6869  loss: 1.5294  loss_cls: 0.4315  loss_bbox: 0.4615  loss_centerness: 0.6364
2026/08/21 19:50:16 - mmengine - INFO - Epoch(train)  [5][1050/2804]  base_lr: 5.0000e-03 lr: 5.0000e-03  eta: 1:52:29  time: 0.3149  data_time: 0.0020  memory: 7696  grad_norm: 1.9181  loss: 1.5380  loss_cls: 0.4080  loss_bbox: 0.4857  loss_centerness: 0.6443
2026/08/21 19:50:32 - mmengine - INFO - Epoch(train)  [5][1100/2804]  base_lr: 5.0000e-03 lr: 5.0000e-03  eta: 1:52:14  time: 0.3215  data_time: 0.0024  memory: 7341  grad_norm: 2.4363  loss: 1.7356  loss_cls: 0.5530  loss_bbox: 0.5291  loss_centerness: 0.6536
2026/08/21 19:50:48 - mmengine - INFO - Epoch(train)  [5][1150/2804]  base_lr: 5.0000e-03 lr: 5.0000e-03  eta: 1:51:59  time: 0.3223  data_time: 0.0024  memory: 7573  grad_norm: 3.8893  loss: 1.8664  loss_cls: 0.6564  loss_bbox: 0.5597  loss_centerness: 0.6502
2026/08/21 19:51:04 - mmengine - INFO - Epoch(train)  [5][1200/2804]  base_lr: 5.0000e-03 lr: 5.0000e-03  eta: 1:51:44  time: 0.3226  data_time: 0.0028  memory: 7238  grad_norm: 2.5617  loss: 1.7607  loss_cls: 0.5576  loss_bbox: 0.5462  loss_centerness: 0.6569
2026/08/21 19:51:21 - mmengine - INFO - Epoch(train)  [5][1250/2804]  base_lr: 5.0000e-03 lr: 5.0000e-03  eta: 1:51:28  time: 0.3276  data_time: 0.0027  memory: 9041  grad_norm: 2.2131  loss: 1.6261  loss_cls: 0.4716  loss_bbox: 0.5121  loss_centerness: 0.6424
2026/08/21 19:51:37 - mmengine - INFO - Epoch(train)  [5][1300/2804]  base_lr: 5.0000e-03 lr: 5.0000e-03  eta: 1:51:13  time: 0.3187  data_time: 0.0021  memory: 7787  grad_norm: 1.9910  loss: 1.6638  loss_cls: 0.4956  loss_bbox: 0.5254  loss_centerness: 0.6428
2026/08/21 19:51:53 - mmengine - INFO - Epoch(train)  [5][1350/2804]  base_lr: 5.0000e-03 lr: 5.0000e-03  eta: 1:50:58  time: 0.3350  data_time: 0.0026  memory: 9048  grad_norm: 1.8075  loss: 1.5937  loss_cls: 0.4399  loss_bbox: 0.5076  loss_centerness: 0.6462
2026/08/21 19:52:09 - mmengine - INFO - Epoch(train)  [5][1400/2804]  base_lr: 5.0000e-03 lr: 5.0000e-03  eta: 1:50:43  time: 0.3190  data_time: 0.0021  memory: 7058  grad_norm: 2.4276  loss: 1.5751  loss_cls: 0.4295  loss_bbox: 0.5050  loss_centerness: 0.6406
2026/08/21 19:52:25 - mmengine - INFO - Epoch(train)  [5][1450/2804]  base_lr: 5.0000e-03 lr: 5.0000e-03  eta: 1:50:27  time: 0.3179  data_time: 0.0017  memory: 7713  grad_norm: 2.0601  loss: 1.6230  loss_cls: 0.4391  loss_bbox: 0.5309  loss_centerness: 0.6530
2026/08/21 19:52:41 - mmengine - INFO - Epoch(train)  [5][1500/2804]  base_lr: 5.0000e-03 lr: 5.0000e-03  eta: 1:50:11  time: 0.3113  data_time: 0.0016  memory: 7500  grad_norm: 2.5426  loss: 1.6982  loss_cls: 0.5221  loss_bbox: 0.5357  loss_centerness: 0.6403
2026/08/21 19:52:56 - mmengine - INFO - Epoch(train)  [5][1550/2804]  base_lr: 5.0000e-03 lr: 5.0000e-03  eta: 1:49:55  time: 0.3114  data_time: 0.0019  memory: 9635  grad_norm: 2.6860  loss: 1.7393  loss_cls: 0.5849  loss_bbox: 0.5055  loss_centerness: 0.6489
2026/08/21 19:53:12 - mmengine - INFO - Epoch(train)  [5][1600/2804]  base_lr: 5.0000e-03 lr: 5.0000e-03  eta: 1:49:39  time: 0.3127  data_time: 0.0018  memory: 7037  grad_norm: 2.6040  loss: 1.7103  loss_cls: 0.5443  loss_bbox: 0.5272  loss_centerness: 0.6387
2026/08/21 19:53:27 - mmengine - INFO - Epoch(train)  [5][1650/2804]  base_lr: 5.0000e-03 lr: 5.0000e-03  eta: 1:49:23  time: 0.3118  data_time: 0.0017  memory: 7089  grad_norm: 1.8034  loss: 1.6985  loss_cls: 0.4750  loss_bbox: 0.5725  loss_centerness: 0.6510
2026/08/21 19:53:43 - mmengine - INFO - Epoch(train)  [5][1700/2804]  base_lr: 5.0000e-03 lr: 5.0000e-03  eta: 1:49:07  time: 0.3176  data_time: 0.0017  memory: 8479  grad_norm: 3.4214  loss: 1.7677  loss_cls: 0.6127  loss_bbox: 0.5104  loss_centerness: 0.6446
2026/08/21 19:53:59 - mmengine - INFO - Epoch(train)  [5][1750/2804]  base_lr: 5.0000e-03 lr: 5.0000e-03  eta: 1:48:52  time: 0.3265  data_time: 0.0027  memory: 9800  grad_norm: 3.2448  loss: 1.8278  loss_cls: 0.6536  loss_bbox: 0.5276  loss_centerness: 0.6466
2026/08/21 19:54:10 - mmengine - INFO - Exp name: fcos_r50_fpn_p2p6_aitodv2_20260821_183100
2026/08/21 19:54:15 - mmengine - INFO - Epoch(train)  [5][1800/2804]  base_lr: 5.0000e-03 lr: 5.0000e-03  eta: 1:48:37  time: 0.3154  data_time: 0.0018  memory: 7977  grad_norm: 2.0520  loss: 1.5751  loss_cls: 0.4296  loss_bbox: 0.5007  loss_centerness: 0.6447
2026/08/21 19:54:31 - mmengine - INFO - Epoch(train)  [5][1850/2804]  base_lr: 5.0000e-03 lr: 5.0000e-03  eta: 1:48:21  time: 0.3400  data_time: 0.0021  memory: 10128  grad_norm: 2.1118  loss: 1.6356  loss_cls: 0.4786  loss_bbox: 0.5076  loss_centerness: 0.6493
2026/08/21 19:54:47 - mmengine - INFO - Epoch(train)  [5][1900/2804]  base_lr: 5.0000e-03 lr: 5.0000e-03  eta: 1:48:05  time: 0.3194  data_time: 0.0021  memory: 7937  grad_norm: 2.5311  loss: 1.7010  loss_cls: 0.5305  loss_bbox: 0.5294  loss_centerness: 0.6411
2026/08/21 19:55:04 - mmengine - INFO - Epoch(train)  [5][1950/2804]  base_lr: 5.0000e-03 lr: 5.0000e-03  eta: 1:47:50  time: 0.3266  data_time: 0.0025  memory: 7798  grad_norm: 1.8086  loss: 1.5375  loss_cls: 0.4142  loss_bbox: 0.4779  loss_centerness: 0.6454
2026/08/21 19:55:20 - mmengine - INFO - Epoch(train)  [5][2000/2804]  base_lr: 5.0000e-03 lr: 5.0000e-03  eta: 1:47:36  time: 0.3277  data_time: 0.0027  memory: 7007  grad_norm: 2.7234  loss: 1.5821  loss_cls: 0.4262  loss_bbox: 0.5134  loss_centerness: 0.6425
2026/08/21 19:55:36 - mmengine - INFO - Epoch(train)  [5][2050/2804]  base_lr: 5.0000e-03 lr: 5.0000e-03  eta: 1:47:20  time: 0.3196  data_time: 0.0023  memory: 7388  grad_norm: 2.5465  loss: 1.7294  loss_cls: 0.5574  loss_bbox: 0.5250  loss_centerness: 0.6470
2026/08/21 19:55:52 - mmengine - INFO - Epoch(train)  [5][2100/2804]  base_lr: 5.0000e-03 lr: 5.0000e-03  eta: 1:47:05  time: 0.3108  data_time: 0.0016  memory: 7404  grad_norm: 2.1067  loss: 1.5128  loss_cls: 0.4076  loss_bbox: 0.4658  loss_centerness: 0.6394
2026/08/21 19:56:08 - mmengine - INFO - Epoch(train)  [5][2150/2804]  base_lr: 5.0000e-03 lr: 5.0000e-03  eta: 1:46:49  time: 0.3140  data_time: 0.0017  memory: 7361  grad_norm: 1.6972  loss: 1.4543  loss_cls: 0.3550  loss_bbox: 0.4610  loss_centerness: 0.6384
2026/08/21 19:56:24 - mmengine - INFO - Epoch(train)  [5][2200/2804]  base_lr: 5.0000e-03 lr: 5.0000e-03  eta: 1:46:33  time: 0.3192  data_time: 0.0020  memory: 7414  grad_norm: 2.5115  loss: 1.6977  loss_cls: 0.5130  loss_bbox: 0.5366  loss_centerness: 0.6482
2026/08/21 19:56:40 - mmengine - INFO - Epoch(train)  [5][2250/2804]  base_lr: 5.0000e-03 lr: 5.0000e-03  eta: 1:46:17  time: 0.3143  data_time: 0.0017  memory: 7246  grad_norm: 2.1716  loss: 1.5415  loss_cls: 0.3833  loss_bbox: 0.5158  loss_centerness: 0.6425
2026/08/21 19:56:55 - mmengine - INFO - Epoch(train)  [5][2300/2804]  base_lr: 5.0000e-03 lr: 5.0000e-03  eta: 1:46:01  time: 0.2967  data_time: 0.0016  memory: 6818  grad_norm: 2.0953  loss: 1.7092  loss_cls: 0.5236  loss_bbox: 0.5387  loss_centerness: 0.6469
2026/08/21 19:57:11 - mmengine - INFO - Epoch(train)  [5][2350/2804]  base_lr: 5.0000e-03 lr: 5.0000e-03  eta: 1:45:45  time: 0.3172  data_time: 0.0020  memory: 9950  grad_norm: 1.8977  loss: 1.5412  loss_cls: 0.3884  loss_bbox: 0.5040  loss_centerness: 0.6488
2026/08/21 19:57:27 - mmengine - INFO - Epoch(train)  [5][2400/2804]  base_lr: 5.0000e-03 lr: 5.0000e-03  eta: 1:45:30  time: 0.3375  data_time: 0.0020  memory: 8188  grad_norm: 1.8829  loss: 1.5169  loss_cls: 0.4032  loss_bbox: 0.4757  loss_centerness: 0.6380
2026/08/21 19:57:43 - mmengine - INFO - Epoch(train)  [5][2450/2804]  base_lr: 5.0000e-03 lr: 5.0000e-03  eta: 1:45:15  time: 0.3412  data_time: 0.0023  memory: 7495  grad_norm: 2.6624  loss: 1.6326  loss_cls: 0.4966  loss_bbox: 0.4972  loss_centerness: 0.6388
2026/08/21 19:57:59 - mmengine - INFO - Epoch(train)  [5][2500/2804]  base_lr: 5.0000e-03 lr: 5.0000e-03  eta: 1:44:59  time: 0.3148  data_time: 0.0018  memory: 7860  grad_norm: 3.2227  loss: 1.6704  loss_cls: 0.5384  loss_bbox: 0.4920  loss_centerness: 0.6399
2026/08/21 19:58:15 - mmengine - INFO - Epoch(train)  [5][2550/2804]  base_lr: 5.0000e-03 lr: 5.0000e-03  eta: 1:44:44  time: 0.3325  data_time: 0.0023  memory: 7233  grad_norm: 2.6834  loss: 1.6508  loss_cls: 0.5028  loss_bbox: 0.5024  loss_centerness: 0.6456
2026/08/21 19:58:32 - mmengine - INFO - Epoch(train)  [5][2600/2804]  base_lr: 5.0000e-03 lr: 5.0000e-03  eta: 1:44:29  time: 0.3383  data_time: 0.0023  memory: 7011  grad_norm: 2.8486  loss: 1.6042  loss_cls: 0.4690  loss_bbox: 0.4903  loss_centerness: 0.6448
2026/08/21 19:58:49 - mmengine - INFO - Epoch(train)  [5][2650/2804]  base_lr: 5.0000e-03 lr: 5.0000e-03  eta: 1:44:15  time: 0.3331  data_time: 0.0029  memory: 7097  grad_norm: 2.5095  loss: 1.5980  loss_cls: 0.4247  loss_bbox: 0.5364  loss_centerness: 0.6369
2026/08/21 19:59:05 - mmengine - INFO - Epoch(train)  [5][2700/2804]  base_lr: 5.0000e-03 lr: 5.0000e-03  eta: 1:44:00  time: 0.3338  data_time: 0.0025  memory: 7281  grad_norm: 2.6689  loss: 1.6533  loss_cls: 0.4953  loss_bbox: 0.5121  loss_centerness: 0.6459
2026/08/21 19:59:23 - mmengine - INFO - Epoch(train)  [5][2750/2804]  base_lr: 5.0000e-03 lr: 5.0000e-03  eta: 1:43:46  time: 0.3847  data_time: 0.0496  memory: 7363  grad_norm: 1.9778  loss: 1.5926  loss_cls: 0.4450  loss_bbox: 0.5029  loss_centerness: 0.6448
2026/08/21 19:59:34 - mmengine - INFO - Exp name: fcos_r50_fpn_p2p6_aitodv2_20260821_183100
2026/08/21 19:59:39 - mmengine - INFO - Epoch(train)  [5][2800/2804]  base_lr: 5.0000e-03 lr: 5.0000e-03  eta: 1:43:32  time: 0.3193  data_time: 0.0013  memory: 7635  grad_norm: 2.0230  loss: 1.6383  loss_cls: 0.4835  loss_bbox: 0.5089  loss_centerness: 0.6460
2026/08/21 19:59:40 - mmengine - INFO - Exp name: fcos_r50_fpn_p2p6_aitodv2_20260821_183100
2026/08/21 19:59:40 - mmengine - INFO - Saving checkpoint at 5 epochs
2026/08/21 19:59:59 - mmengine - INFO - Epoch(train)  [6][  50/2804]  base_lr: 5.0000e-03 lr: 5.0000e-03  eta: 1:43:16  time: 0.3245  data_time: 0.0025  memory: 9113  grad_norm: 2.2694  loss: 1.6105  loss_cls: 0.4740  loss_bbox: 0.4894  loss_centerness: 0.6470
2026/08/21 20:00:16 - mmengine - INFO - Epoch(train)  [6][ 100/2804]  base_lr: 5.0000e-03 lr: 5.0000e-03  eta: 1:43:01  time: 0.3272  data_time: 0.0030  memory: 7873  grad_norm: 1.5583  loss: 1.4966  loss_cls: 0.3498  loss_bbox: 0.5000  loss_centerness: 0.6467
2026/08/21 20:00:33 - mmengine - INFO - Epoch(train)  [6][ 150/2804]  base_lr: 5.0000e-03 lr: 5.0000e-03  eta: 1:42:46  time: 0.3349  data_time: 0.0027  memory: 10696  grad_norm: 2.2947  loss: 1.5687  loss_cls: 0.4424  loss_bbox: 0.4864  loss_centerness: 0.6399
2026/08/21 20:00:49 - mmengine - INFO - Epoch(train)  [6][ 200/2804]  base_lr: 5.0000e-03 lr: 5.0000e-03  eta: 1:42:32  time: 0.3306  data_time: 0.0021  memory: 7543  grad_norm: 2.4942  loss: 1.6869  loss_cls: 0.5362  loss_bbox: 0.5005  loss_centerness: 0.6502
2026/08/21 20:01:06 - mmengine - INFO - Epoch(train)  [6][ 250/2804]  base_lr: 5.0000e-03 lr: 5.0000e-03  eta: 1:42:17  time: 0.3271  data_time: 0.0032  memory: 7343  grad_norm: 2.5977  loss: 1.5954  loss_cls: 0.4582  loss_bbox: 0.5001  loss_centerness: 0.6371
2026/08/21 20:01:22 - mmengine - INFO - Epoch(train)  [6][ 300/2804]  base_lr: 5.0000e-03 lr: 5.0000e-03  eta: 1:42:02  time: 0.3302  data_time: 0.0023  memory: 7697  grad_norm: 2.3336  loss: 1.5867  loss_cls: 0.4554  loss_bbox: 0.4923  loss_centerness: 0.6390
2026/08/21 20:01:39 - mmengine - INFO - Epoch(train)  [6][ 350/2804]  base_lr: 5.0000e-03 lr: 5.0000e-03  eta: 1:41:47  time: 0.3275  data_time: 0.0020  memory: 10128  grad_norm: 2.4775  loss: 1.6095  loss_cls: 0.4863  loss_bbox: 0.4822  loss_centerness: 0.6410
2026/08/21 20:01:56 - mmengine - INFO - Epoch(train)  [6][ 400/2804]  base_lr: 5.0000e-03 lr: 5.0000e-03  eta: 1:41:32  time: 0.3396  data_time: 0.0032  memory: 7065  grad_norm: 2.1292  loss: 1.5823  loss_cls: 0.4699  loss_bbox: 0.4747  loss_centerness: 0.6377
2026/08/21 20:02:13 - mmengine - INFO - Epoch(train)  [6][ 450/2804]  base_lr: 5.0000e-03 lr: 5.0000e-03  eta: 1:41:18  time: 0.3363  data_time: 0.0026  memory: 7783  grad_norm: 1.8752  loss: 1.6096  loss_cls: 0.4577  loss_bbox: 0.5059  loss_centerness: 0.6460
2026/08/21 20:02:29 - mmengine - INFO - Epoch(train)  [6][ 500/2804]  base_lr: 5.0000e-03 lr: 5.0000e-03  eta: 1:41:03  time: 0.3157  data_time: 0.0018  memory: 7315  grad_norm: 2.0230  loss: 1.5748  loss_cls: 0.4327  loss_bbox: 0.5003  loss_centerness: 0.6419
2026/08/21 20:02:45 - mmengine - INFO - Epoch(train)  [6][ 550/2804]  base_lr: 5.0000e-03 lr: 5.0000e-03  eta: 1:40:47  time: 0.2971  data_time: 0.0016  memory: 9952  grad_norm: 1.7486  loss: 1.5175  loss_cls: 0.4002  loss_bbox: 0.4788  loss_centerness: 0.6385
2026/08/21 20:03:01 - mmengine - INFO - Epoch(train)  [6][ 600/2804]  base_lr: 5.0000e-03 lr: 5.0000e-03  eta: 1:40:31  time: 0.3255  data_time: 0.0021  memory: 7360  grad_norm: 1.8564  loss: 1.5334  loss_cls: 0.4171  loss_bbox: 0.4760  loss_centerness: 0.6403
2026/08/21 20:03:17 - mmengine - INFO - Epoch(train)  [6][ 650/2804]  base_lr: 5.0000e-03 lr: 5.0000e-03  eta: 1:40:16  time: 0.3300  data_time: 0.0028  memory: 7219  grad_norm: 2.0008  loss: 1.5989  loss_cls: 0.4476  loss_bbox: 0.5093  loss_centerness: 0.6420
2026/08/21 20:03:34 - mmengine - INFO - Epoch(train)  [6][ 700/2804]  base_lr: 5.0000e-03 lr: 5.0000e-03  eta: 1:40:01  time: 0.3316  data_time: 0.0028  memory: 7539  grad_norm: 2.1051  loss: 1.6988  loss_cls: 0.5218  loss_bbox: 0.5310  loss_centerness: 0.6460
2026/08/21 20:03:50 - mmengine - INFO - Epoch(train)  [6][ 750/2804]  base_lr: 5.0000e-03 lr: 5.0000e-03  eta: 1:39:46  time: 0.3339  data_time: 0.0025  memory: 7340  grad_norm: 1.9182  loss: 1.4955  loss_cls: 0.3661  loss_bbox: 0.4904  loss_centerness: 0.6390
2026/08/21 20:04:06 - mmengine - INFO - Epoch(train)  [6][ 800/2804]  base_lr: 5.0000e-03 lr: 5.0000e-03  eta: 1:39:31  time: 0.3264  data_time: 0.0025  memory: 7798  grad_norm: 1.8804  loss: 1.6380  loss_cls: 0.4500  loss_bbox: 0.5374  loss_centerness: 0.6505
2026/08/21 20:04:23 - mmengine - INFO - Epoch(train)  [6][ 850/2804]  base_lr: 5.0000e-03 lr: 5.0000e-03  eta: 1:39:16  time: 0.3243  data_time: 0.0022  memory: 9633  grad_norm: 2.0387  loss: 1.5681  loss_cls: 0.4592  loss_bbox: 0.4644  loss_centerness: 0.6445
2026/08/21 20:04:39 - mmengine - INFO - Epoch(train)  [6][ 900/2804]  base_lr: 5.0000e-03 lr: 5.0000e-03  eta: 1:39:00  time: 0.3215  data_time: 0.0019  memory: 7321  grad_norm: 1.7146  loss: 1.6042  loss_cls: 0.4770  loss_bbox: 0.4891  loss_centerness: 0.6381
2026/08/21 20:04:56 - mmengine - INFO - Epoch(train)  [6][ 950/2804]  base_lr: 5.0000e-03 lr: 5.0000e-03  eta: 1:38:45  time: 0.3287  data_time: 0.0022  memory: 7163  grad_norm: 1.7235  loss: 1.5926  loss_cls: 0.4668  loss_bbox: 0.4859  loss_centerness: 0.6399
2026/08/21 20:05:05 - mmengine - INFO - Exp name: fcos_r50_fpn_p2p6_aitodv2_20260821_183100
2026/08/21 20:05:12 - mmengine - INFO - Epoch(train)  [6][1000/2804]  base_lr: 5.0000e-03 lr: 5.0000e-03  eta: 1:38:30  time: 0.3255  data_time: 0.0021  memory: 7493  grad_norm: 2.0965  loss: 1.5066  loss_cls: 0.4081  loss_bbox: 0.4635  loss_centerness: 0.6350
2026/08/21 20:05:29 - mmengine - INFO - Epoch(train)  [6][1050/2804]  base_lr: 5.0000e-03 lr: 5.0000e-03  eta: 1:38:15  time: 0.3248  data_time: 0.0024  memory: 9106  grad_norm: 1.6802  loss: 1.4599  loss_cls: 0.3492  loss_bbox: 0.4691  loss_centerness: 0.6416
2026/08/21 20:05:45 - mmengine - INFO - Epoch(train)  [6][1100/2804]  base_lr: 5.0000e-03 lr: 5.0000e-03  eta: 1:38:00  time: 0.3227  data_time: 0.0024  memory: 9063  grad_norm: 2.0805  loss: 1.5362  loss_cls: 0.4109  loss_bbox: 0.4844  loss_centerness: 0.6410
2026/08/21 20:06:01 - mmengine - INFO - Epoch(train)  [6][1150/2804]  base_lr: 5.0000e-03 lr: 5.0000e-03  eta: 1:37:45  time: 0.3254  data_time: 0.0021  memory: 7163  grad_norm: 2.2893  loss: 1.5389  loss_cls: 0.4198  loss_bbox: 0.4811  loss_centerness: 0.6379
2026/08/21 20:06:17 - mmengine - INFO - Epoch(train)  [6][1200/2804]  base_lr: 5.0000e-03 lr: 5.0000e-03  eta: 1:37:29  time: 0.3155  data_time: 0.0018  memory: 6933  grad_norm: 3.2099  loss: 1.6171  loss_cls: 0.5101  loss_bbox: 0.4691  loss_centerness: 0.6379
2026/08/21 20:06:33 - mmengine - INFO - Epoch(train)  [6][1250/2804]  base_lr: 5.0000e-03 lr: 5.0000e-03  eta: 1:37:13  time: 0.3166  data_time: 0.0019  memory: 8118  grad_norm: 1.9849  loss: 1.5666  loss_cls: 0.4101  loss_bbox: 0.5106  loss_centerness: 0.6459
2026/08/21 20:06:49 - mmengine - INFO - Epoch(train)  [6][1300/2804]  base_lr: 5.0000e-03 lr: 5.0000e-03  eta: 1:36:57  time: 0.3122  data_time: 0.0018  memory: 9043  grad_norm: 1.5810  loss: 1.5250  loss_cls: 0.3950  loss_bbox: 0.4878  loss_centerness: 0.6421
2026/08/21 20:07:05 - mmengine - INFO - Epoch(train)  [6][1350/2804]  base_lr: 5.0000e-03 lr: 5.0000e-03  eta: 1:36:41  time: 0.3134  data_time: 0.0018  memory: 8770  grad_norm: 2.3756  loss: 1.5380  loss_cls: 0.3958  loss_bbox: 0.4996  loss_centerness: 0.6426
2026/08/21 20:07:21 - mmengine - INFO - Epoch(train)  [6][1400/2804]  base_lr: 5.0000e-03 lr: 5.0000e-03  eta: 1:36:25  time: 0.3148  data_time: 0.0020  memory: 7558  grad_norm: 3.4442  loss: 1.6711  loss_cls: 0.5174  loss_bbox: 0.5106  loss_centerness: 0.6430
2026/08/21 20:07:36 - mmengine - INFO - Epoch(train)  [6][1450/2804]  base_lr: 5.0000e-03 lr: 5.0000e-03  eta: 1:36:09  time: 0.3186  data_time: 0.0018  memory: 9047  grad_norm: 2.3157  loss: 1.6073  loss_cls: 0.4881  loss_bbox: 0.4766  loss_centerness: 0.6426
2026/08/21 20:07:52 - mmengine - INFO - Epoch(train)  [6][1500/2804]  base_lr: 5.0000e-03 lr: 5.0000e-03  eta: 1:35:53  time: 0.3121  data_time: 0.0018  memory: 7977  grad_norm: 1.9608  loss: 1.6371  loss_cls: 0.4675  loss_bbox: 0.5260  loss_centerness: 0.6436
2026/08/21 20:08:08 - mmengine - INFO - Epoch(train)  [6][1550/2804]  base_lr: 5.0000e-03 lr: 5.0000e-03  eta: 1:35:37  time: 0.3131  data_time: 0.0018  memory: 7300  grad_norm: 2.4509  loss: 1.6350  loss_cls: 0.4805  loss_bbox: 0.5113  loss_centerness: 0.6432
2026/08/21 20:08:23 - mmengine - INFO - Epoch(train)  [6][1600/2804]  base_lr: 5.0000e-03 lr: 5.0000e-03  eta: 1:35:21  time: 0.3113  data_time: 0.0018  memory: 7361  grad_norm: 2.2707  loss: 1.5308  loss_cls: 0.4156  loss_bbox: 0.4725  loss_centerness: 0.6427
2026/08/21 20:08:39 - mmengine - INFO - Epoch(train)  [6][1650/2804]  base_lr: 5.0000e-03 lr: 5.0000e-03  eta: 1:35:05  time: 0.3170  data_time: 0.0018  memory: 7493  grad_norm: 2.0402  loss: 1.5823  loss_cls: 0.4308  loss_bbox: 0.5033  loss_centerness: 0.6482
2026/08/21 20:08:55 - mmengine - INFO - Epoch(train)  [6][1700/2804]  base_lr: 5.0000e-03 lr: 5.0000e-03  eta: 1:34:49  time: 0.3377  data_time: 0.0023  memory: 7129  grad_norm: 2.1940  loss: 1.5820  loss_cls: 0.4464  loss_bbox: 0.4932  loss_centerness: 0.6424
2026/08/21 20:09:11 - mmengine - INFO - Epoch(train)  [6][1750/2804]  base_lr: 5.0000e-03 lr: 5.0000e-03  eta: 1:34:34  time: 0.3149  data_time: 0.0017  memory: 8188  grad_norm: 2.0458  loss: 1.5850  loss_cls: 0.4618  loss_bbox: 0.4835  loss_centerness: 0.6397
2026/08/21 20:09:27 - mmengine - INFO - Epoch(train)  [6][1800/2804]  base_lr: 5.0000e-03 lr: 5.0000e-03  eta: 1:34:17  time: 0.3125  data_time: 0.0017  memory: 7495  grad_norm: 2.3670  loss: 1.5282  loss_cls: 0.4325  loss_bbox: 0.4595  loss_centerness: 0.6361
2026/08/21 20:09:43 - mmengine - INFO - Epoch(train)  [6][1850/2804]  base_lr: 5.0000e-03 lr: 5.0000e-03  eta: 1:34:02  time: 0.3132  data_time: 0.0017  memory: 7231  grad_norm: 1.9065  loss: 1.5684  loss_cls: 0.4191  loss_bbox: 0.5085  loss_centerness: 0.6409
2026/08/21 20:09:59 - mmengine - INFO - Epoch(train)  [6][1900/2804]  base_lr: 5.0000e-03 lr: 5.0000e-03  eta: 1:33:46  time: 0.3143  data_time: 0.0018  memory: 7316  grad_norm: 1.7833  loss: 1.5309  loss_cls: 0.4256  loss_bbox: 0.4607  loss_centerness: 0.6446
2026/08/21 20:10:15 - mmengine - INFO - Epoch(train)  [6][1950/2804]  base_lr: 5.0000e-03 lr: 5.0000e-03  eta: 1:33:30  time: 0.3122  data_time: 0.0019  memory: 6977  grad_norm: 1.7102  loss: 1.5266  loss_cls: 0.4060  loss_bbox: 0.4801  loss_centerness: 0.6405
2026/08/21 20:10:24 - mmengine - INFO - Exp name: fcos_r50_fpn_p2p6_aitodv2_20260821_183100
2026/08/21 20:10:30 - mmengine - INFO - Epoch(train)  [6][2000/2804]  base_lr: 5.0000e-03 lr: 5.0000e-03  eta: 1:33:14  time: 0.3175  data_time: 0.0019  memory: 8533  grad_norm: 2.3710  loss: 1.5451  loss_cls: 0.4133  loss_bbox: 0.4889  loss_centerness: 0.6428
2026/08/21 20:10:46 - mmengine - INFO - Epoch(train)  [6][2050/2804]  base_lr: 5.0000e-03 lr: 5.0000e-03  eta: 1:32:58  time: 0.3130  data_time: 0.0016  memory: 7891  grad_norm: 2.5240  loss: 1.5874  loss_cls: 0.4393  loss_bbox: 0.5009  loss_centerness: 0.6473
2026/08/21 20:11:02 - mmengine - INFO - Epoch(train)  [6][2100/2804]  base_lr: 5.0000e-03 lr: 5.0000e-03  eta: 1:32:42  time: 0.3148  data_time: 0.0017  memory: 7118  grad_norm: 2.3594  loss: 1.5236  loss_cls: 0.3968  loss_bbox: 0.4836  loss_centerness: 0.6432
2026/08/21 20:11:17 - mmengine - INFO - Epoch(train)  [6][2150/2804]  base_lr: 5.0000e-03 lr: 5.0000e-03  eta: 1:32:26  time: 0.3120  data_time: 0.0015  memory: 7404  grad_norm: 1.8509  loss: 1.4820  loss_cls: 0.3600  loss_bbox: 0.4783  loss_centerness: 0.6437
2026/08/21 20:11:33 - mmengine - INFO - Epoch(train)  [6][2200/2804]  base_lr: 5.0000e-03 lr: 5.0000e-03  eta: 1:32:10  time: 0.3146  data_time: 0.0019  memory: 7079  grad_norm: 2.7608  loss: 1.7061  loss_cls: 0.5611  loss_bbox: 0.4988  loss_centerness: 0.6462
2026/08/21 20:11:50 - mmengine - INFO - Epoch(train)  [6][2250/2804]  base_lr: 5.0000e-03 lr: 5.0000e-03  eta: 1:31:55  time: 0.3377  data_time: 0.0020  memory: 7106  grad_norm: 2.4618  loss: 1.6175  loss_cls: 0.5249  loss_bbox: 0.4623  loss_centerness: 0.6303
2026/08/21 20:12:05 - mmengine - INFO - Epoch(train)  [6][2300/2804]  base_lr: 5.0000e-03 lr: 5.0000e-03  eta: 1:31:39  time: 0.3140  data_time: 0.0020  memory: 7150  grad_norm: 1.7326  loss: 1.5041  loss_cls: 0.3929  loss_bbox: 0.4753  loss_centerness: 0.6358
2026/08/21 20:12:22 - mmengine - INFO - Epoch(train)  [6][2350/2804]  base_lr: 5.0000e-03 lr: 5.0000e-03  eta: 1:31:23  time: 0.3585  data_time: 0.0026  memory: 7027  grad_norm: 2.0722  loss: 1.4807  loss_cls: 0.3817  loss_bbox: 0.4654  loss_centerness: 0.6336
2026/08/21 20:12:38 - mmengine - INFO - Epoch(train)  [6][2400/2804]  base_lr: 5.0000e-03 lr: 5.0000e-03  eta: 1:31:08  time: 0.3154  data_time: 0.0021  memory: 9717  grad_norm: 2.1134  loss: 1.6010  loss_cls: 0.4914  loss_bbox: 0.4696  loss_centerness: 0.6401
2026/08/21 20:12:54 - mmengine - INFO - Epoch(train)  [6][2450/2804]  base_lr: 5.0000e-03 lr: 5.0000e-03  eta: 1:30:52  time: 0.3125  data_time: 0.0018  memory: 7860  grad_norm: 2.6365  loss: 1.6281  loss_cls: 0.5070  loss_bbox: 0.4768  loss_centerness: 0.6443
2026/08/21 20:13:10 - mmengine - INFO - Epoch(train)  [6][2500/2804]  base_lr: 5.0000e-03 lr: 5.0000e-03  eta: 1:30:36  time: 0.3138  data_time: 0.0019  memory: 7134  grad_norm: 2.2886  loss: 1.5985  loss_cls: 0.4722  loss_bbox: 0.4830  loss_centerness: 0.6433
2026/08/21 20:13:26 - mmengine - INFO - Epoch(train)  [6][2550/2804]  base_lr: 5.0000e-03 lr: 5.0000e-03  eta: 1:30:20  time: 0.3159  data_time: 0.0020  memory: 7712  grad_norm: 1.8731  loss: 1.4806  loss_cls: 0.4251  loss_bbox: 0.4249  loss_centerness: 0.6306
2026/08/21 20:13:42 - mmengine - INFO - Epoch(train)  [6][2600/2804]  base_lr: 5.0000e-03 lr: 5.0000e-03  eta: 1:30:04  time: 0.3134  data_time: 0.0019  memory: 7563  grad_norm: 2.5273  loss: 1.6316  loss_cls: 0.5004  loss_bbox: 0.4863  loss_centerness: 0.6450
2026/08/21 20:13:57 - mmengine - INFO - Epoch(train)  [6][2650/2804]  base_lr: 5.0000e-03 lr: 5.0000e-03  eta: 1:29:48  time: 0.3128  data_time: 0.0021  memory: 8478  grad_norm: 2.2946  loss: 1.5760  loss_cls: 0.4474  loss_bbox: 0.4852  loss_centerness: 0.6434
2026/08/21 20:14:13 - mmengine - INFO - Epoch(train)  [6][2700/2804]  base_lr: 5.0000e-03 lr: 5.0000e-03  eta: 1:29:33  time: 0.3228  data_time: 0.0020  memory: 7574  grad_norm: 1.8504  loss: 1.4600  loss_cls: 0.3776  loss_bbox: 0.4467  loss_centerness: 0.6357
2026/08/21 20:14:30 - mmengine - INFO - Epoch(train)  [6][2750/2804]  base_lr: 5.0000e-03 lr: 5.0000e-03  eta: 1:29:17  time: 0.3202  data_time: 0.0018  memory: 7021  grad_norm: 1.9246  loss: 1.6264  loss_cls: 0.4583  loss_bbox: 0.5160  loss_centerness: 0.6521
2026/08/21 20:14:45 - mmengine - INFO - Epoch(train)  [6][2800/2804]  base_lr: 5.0000e-03 lr: 5.0000e-03  eta: 1:29:01  time: 0.3145  data_time: 0.0014  memory: 6862  grad_norm: 2.1812  loss: 1.5365  loss_cls: 0.4482  loss_bbox: 0.4523  loss_centerness: 0.6360
2026/08/21 20:14:47 - mmengine - INFO - Exp name: fcos_r50_fpn_p2p6_aitodv2_20260821_183100
2026/08/21 20:14:47 - mmengine - INFO - Saving checkpoint at 6 epochs
2026/08/21 20:15:05 - mmengine - INFO - Epoch(train)  [7][  50/2804]  base_lr: 5.0000e-03 lr: 5.0000e-03  eta: 1:28:44  time: 0.3123  data_time: 0.0019  memory: 10696  grad_norm: 2.0928  loss: 1.4207  loss_cls: 0.3574  loss_bbox: 0.4261  loss_centerness: 0.6372
2026/08/21 20:15:20 - mmengine - INFO - Epoch(train)  [7][ 100/2804]  base_lr: 5.0000e-03 lr: 5.0000e-03  eta: 1:28:28  time: 0.3046  data_time: 0.0019  memory: 7135  grad_norm: 2.1328  loss: 1.6305  loss_cls: 0.5140  loss_bbox: 0.4742  loss_centerness: 0.6423
2026/08/21 20:15:35 - mmengine - INFO - Epoch(train)  [7][ 150/2804]  base_lr: 5.0000e-03 lr: 5.0000e-03  eta: 1:28:11  time: 0.3052  data_time: 0.0018  memory: 7558  grad_norm: 2.3354  loss: 1.6164  loss_cls: 0.4846  loss_bbox: 0.4953  loss_centerness: 0.6365
2026/08/21 20:15:43 - mmengine - INFO - Exp name: fcos_r50_fpn_p2p6_aitodv2_20260821_183100
2026/08/21 20:15:50 - mmengine - INFO - Epoch(train)  [7][ 200/2804]  base_lr: 5.0000e-03 lr: 5.0000e-03  eta: 1:27:54  time: 0.2902  data_time: 0.0015  memory: 7236  grad_norm: 2.6735  loss: 1.4088  loss_cls: 0.3349  loss_bbox: 0.4421  loss_centerness: 0.6318
2026/08/21 20:16:05 - mmengine - INFO - Epoch(train)  [7][ 250/2804]  base_lr: 5.0000e-03 lr: 5.0000e-03  eta: 1:27:38  time: 0.3181  data_time: 0.0020  memory: 7794  grad_norm: 2.1261  loss: 1.7098  loss_cls: 0.4829  loss_bbox: 0.5853  loss_centerness: 0.6417
2026/08/21 20:16:21 - mmengine - INFO - Epoch(train)  [7][ 300/2804]  base_lr: 5.0000e-03 lr: 5.0000e-03  eta: 1:27:21  time: 0.3092  data_time: 0.0017  memory: 7082  grad_norm: 1.5760  loss: 1.4223  loss_cls: 0.3127  loss_bbox: 0.4691  loss_centerness: 0.6405
2026/08/21 20:16:36 - mmengine - INFO - Epoch(train)  [7][ 350/2804]  base_lr: 5.0000e-03 lr: 5.0000e-03  eta: 1:27:06  time: 0.3213  data_time: 0.0021  memory: 8770  grad_norm: 1.9759  loss: 1.5399  loss_cls: 0.4180  loss_bbox: 0.4830  loss_centerness: 0.6389
2026/08/21 20:16:52 - mmengine - INFO - Epoch(train)  [7][ 400/2804]  base_lr: 5.0000e-03 lr: 5.0000e-03  eta: 1:26:50  time: 0.3139  data_time: 0.0017  memory: 7507  grad_norm: 2.2271  loss: 1.6126  loss_cls: 0.4666  loss_bbox: 0.5019  loss_centerness: 0.6440
2026/08/21 20:17:08 - mmengine - INFO - Epoch(train)  [7][ 450/2804]  base_lr: 5.0000e-03 lr: 5.0000e-03  eta: 1:26:34  time: 0.3154  data_time: 0.0020  memory: 7046  grad_norm: 1.9144  loss: 1.5269  loss_cls: 0.3969  loss_bbox: 0.4888  loss_centerness: 0.6413
2026/08/21 20:17:24 - mmengine - INFO - Epoch(train)  [7][ 500/2804]  base_lr: 5.0000e-03 lr: 5.0000e-03  eta: 1:26:18  time: 0.3128  data_time: 0.0018  memory: 9042  grad_norm: 3.2607  loss: 1.6372  loss_cls: 0.5125  loss_bbox: 0.4791  loss_centerness: 0.6456
2026/08/21 20:17:39 - mmengine - INFO - Epoch(train)  [7][ 550/2804]  base_lr: 5.0000e-03 lr: 5.0000e-03  eta: 1:26:01  time: 0.3126  data_time: 0.0017  memory: 9062  grad_norm: 2.0996  loss: 1.5141  loss_cls: 0.3971  loss_bbox: 0.4808  loss_centerness: 0.6362
2026/08/21 20:17:55 - mmengine - INFO - Epoch(train)  [7][ 600/2804]  base_lr: 5.0000e-03 lr: 5.0000e-03  eta: 1:25:45  time: 0.3133  data_time: 0.0018  memory: 7539  grad_norm: 2.1661  loss: 1.6617  loss_cls: 0.5481  loss_bbox: 0.4722  loss_centerness: 0.6414
2026/08/21 20:18:11 - mmengine - INFO - Epoch(train)  [7][ 650/2804]  base_lr: 5.0000e-03 lr: 5.0000e-03  eta: 1:25:29  time: 0.3145  data_time: 0.0018  memory: 9048  grad_norm: 2.0478  loss: 1.5253  loss_cls: 0.4076  loss_bbox: 0.4752  loss_centerness: 0.6425
2026/08/21 20:18:26 - mmengine - INFO - Epoch(train)  [7][ 700/2804]  base_lr: 5.0000e-03 lr: 5.0000e-03  eta: 1:25:13  time: 0.3118  data_time: 0.0019  memory: 7261  grad_norm: 2.6628  loss: 1.5883  loss_cls: 0.4594  loss_bbox: 0.4880  loss_centerness: 0.6409
2026/08/21 20:18:42 - mmengine - INFO - Epoch(train)  [7][ 750/2804]  base_lr: 5.0000e-03 lr: 5.0000e-03  eta: 1:24:57  time: 0.3143  data_time: 0.0019  memory: 7253  grad_norm: 2.4494  loss: 1.5816  loss_cls: 0.4811  loss_bbox: 0.4659  loss_centerness: 0.6347
2026/08/21 20:18:58 - mmengine - INFO - Epoch(train)  [7][ 800/2804]  base_lr: 5.0000e-03 lr: 5.0000e-03  eta: 1:24:41  time: 0.3142  data_time: 0.0022  memory: 6788  grad_norm: 1.8944  loss: 1.4559  loss_cls: 0.3909  loss_bbox: 0.4313  loss_centerness: 0.6337
2026/08/21 20:19:13 - mmengine - INFO - Epoch(train)  [7][ 850/2804]  base_lr: 5.0000e-03 lr: 5.0000e-03  eta: 1:24:25  time: 0.3170  data_time: 0.0019  memory: 9632  grad_norm: 2.0115  loss: 1.4879  loss_cls: 0.4007  loss_bbox: 0.4437  loss_centerness: 0.6435
2026/08/21 20:19:30 - mmengine - INFO - Epoch(train)  [7][ 900/2804]  base_lr: 5.0000e-03 lr: 5.0000e-03  eta: 1:24:10  time: 0.3185  data_time: 0.0020  memory: 7289  grad_norm: 2.0068  loss: 1.4644  loss_cls: 0.3956  loss_bbox: 0.4370  loss_centerness: 0.6318
2026/08/21 20:19:45 - mmengine - INFO - Epoch(train)  [7][ 950/2804]  base_lr: 5.0000e-03 lr: 5.0000e-03  eta: 1:23:54  time: 0.3124  data_time: 0.0019  memory: 7463  grad_norm: 2.1024  loss: 1.5592  loss_cls: 0.4133  loss_bbox: 0.5052  loss_centerness: 0.6408
2026/08/21 20:20:01 - mmengine - INFO - Epoch(train)  [7][1000/2804]  base_lr: 5.0000e-03 lr: 5.0000e-03  eta: 1:23:38  time: 0.3134  data_time: 0.0017  memory: 7414  grad_norm: 1.8964  loss: 1.5871  loss_cls: 0.4556  loss_bbox: 0.4901  loss_centerness: 0.6414
2026/08/21 20:20:17 - mmengine - INFO - Epoch(train)  [7][1050/2804]  base_lr: 5.0000e-03 lr: 5.0000e-03  eta: 1:23:22  time: 0.3141  data_time: 0.0020  memory: 9804  grad_norm: 2.2103  loss: 1.6212  loss_cls: 0.4590  loss_bbox: 0.5234  loss_centerness: 0.6389
2026/08/21 20:20:32 - mmengine - INFO - Epoch(train)  [7][1100/2804]  base_lr: 5.0000e-03 lr: 5.0000e-03  eta: 1:23:06  time: 0.3193  data_time: 0.0018  memory: 7544  grad_norm: 1.9668  loss: 1.5447  loss_cls: 0.4062  loss_bbox: 0.4928  loss_centerness: 0.6457
2026/08/21 20:20:48 - mmengine - INFO - Epoch(train)  [7][1150/2804]  base_lr: 5.0000e-03 lr: 5.0000e-03  eta: 1:22:50  time: 0.3130  data_time: 0.0017  memory: 7116  grad_norm: 2.6661  loss: 1.5911  loss_cls: 0.4562  loss_bbox: 0.4983  loss_centerness: 0.6366
2026/08/21 20:20:56 - mmengine - INFO - Exp name: fcos_r50_fpn_p2p6_aitodv2_20260821_183100
2026/08/21 20:21:04 - mmengine - INFO - Epoch(train)  [7][1200/2804]  base_lr: 5.0000e-03 lr: 5.0000e-03  eta: 1:22:34  time: 0.3119  data_time: 0.0018  memory: 7286  grad_norm: 2.2326  loss: 1.5074  loss_cls: 0.4086  loss_bbox: 0.4555  loss_centerness: 0.6432
2026/08/21 20:21:19 - mmengine - INFO - Epoch(train)  [7][1250/2804]  base_lr: 5.0000e-03 lr: 5.0000e-03  eta: 1:22:18  time: 0.3148  data_time: 0.0019  memory: 6981  grad_norm: 2.3854  loss: 1.6322  loss_cls: 0.5099  loss_bbox: 0.4827  loss_centerness: 0.6397
2026/08/21 20:21:35 - mmengine - INFO - Epoch(train)  [7][1300/2804]  base_lr: 5.0000e-03 lr: 5.0000e-03  eta: 1:22:02  time: 0.3118  data_time: 0.0020  memory: 7696  grad_norm: 2.5299  loss: 1.5451  loss_cls: 0.4270  loss_bbox: 0.4797  loss_centerness: 0.6385
2026/08/21 20:21:51 - mmengine - INFO - Epoch(train)  [7][1350/2804]  base_lr: 5.0000e-03 lr: 5.0000e-03  eta: 1:21:46  time: 0.3126  data_time: 0.0018  memory: 7787  grad_norm: 2.7477  loss: 1.5710  loss_cls: 0.4409  loss_bbox: 0.4866  loss_centerness: 0.6435
2026/08/21 20:22:06 - mmengine - INFO - Epoch(train)  [7][1400/2804]  base_lr: 5.0000e-03 lr: 5.0000e-03  eta: 1:21:30  time: 0.3111  data_time: 0.0016  memory: 7860  grad_norm: 2.8964  loss: 1.6088  loss_cls: 0.5066  loss_bbox: 0.4642  loss_centerness: 0.6381
2026/08/21 20:22:22 - mmengine - INFO - Epoch(train)  [7][1450/2804]  base_lr: 5.0000e-03 lr: 5.0000e-03  eta: 1:21:13  time: 0.3078  data_time: 0.0017  memory: 7874  grad_norm: 1.7074  loss: 1.4806  loss_cls: 0.3762  loss_bbox: 0.4620  loss_centerness: 0.6424
2026/08/21 20:22:37 - mmengine - INFO - Epoch(train)  [7][1500/2804]  base_lr: 5.0000e-03 lr: 5.0000e-03  eta: 1:20:57  time: 0.3112  data_time: 0.0016  memory: 8475  grad_norm: 2.6705  loss: 1.6490  loss_cls: 0.5353  loss_bbox: 0.4698  loss_centerness: 0.6439
2026/08/21 20:22:53 - mmengine - INFO - Epoch(train)  [7][1550/2804]  base_lr: 5.0000e-03 lr: 5.0000e-03  eta: 1:20:41  time: 0.3086  data_time: 0.0017  memory: 6946  grad_norm: 1.8257  loss: 1.5281  loss_cls: 0.4047  loss_bbox: 0.4770  loss_centerness: 0.6463
2026/08/21 20:23:08 - mmengine - INFO - Epoch(train)  [7][1600/2804]  base_lr: 5.0000e-03 lr: 5.0000e-03  eta: 1:20:25  time: 0.3129  data_time: 0.0017  memory: 7045  grad_norm: 2.3831  loss: 1.4786  loss_cls: 0.3846  loss_bbox: 0.4615  loss_centerness: 0.6325
2026/08/21 20:23:24 - mmengine - INFO - Epoch(train)  [7][1650/2804]  base_lr: 5.0000e-03 lr: 5.0000e-03  eta: 1:20:09  time: 0.3105  data_time: 0.0016  memory: 8534  grad_norm: 2.0487  loss: 1.5064  loss_cls: 0.4233  loss_bbox: 0.4454  loss_centerness: 0.6377
2026/08/21 20:23:40 - mmengine - INFO - Epoch(train)  [7][1700/2804]  base_lr: 5.0000e-03 lr: 5.0000e-03  eta: 1:19:53  time: 0.3116  data_time: 0.0016  memory: 10127  grad_norm: 1.8551  loss: 1.5044  loss_cls: 0.3962  loss_bbox: 0.4675  loss_centerness: 0.6407
2026/08/21 20:23:56 - mmengine - INFO - Epoch(train)  [7][1750/2804]  base_lr: 5.0000e-03 lr: 5.0000e-03  eta: 1:19:37  time: 0.3267  data_time: 0.0017  memory: 7307  grad_norm: 2.2896  loss: 1.5361  loss_cls: 0.4348  loss_bbox: 0.4609  loss_centerness: 0.6404
2026/08/21 20:24:11 - mmengine - INFO - Epoch(train)  [7][1800/2804]  base_lr: 5.0000e-03 lr: 5.0000e-03  eta: 1:19:21  time: 0.3113  data_time: 0.0018  memory: 7166  grad_norm: 1.9866  loss: 1.5455  loss_cls: 0.3933  loss_bbox: 0.5096  loss_centerness: 0.6426
2026/08/21 20:24:27 - mmengine - INFO - Epoch(train)  [7][1850/2804]  base_lr: 5.0000e-03 lr: 5.0000e-03  eta: 1:19:05  time: 0.3111  data_time: 0.0015  memory: 7642  grad_norm: 2.0339  loss: 1.5439  loss_cls: 0.4492  loss_bbox: 0.4542  loss_centerness: 0.6404
2026/08/21 20:24:42 - mmengine - INFO - Epoch(train)  [7][1900/2804]  base_lr: 5.0000e-03 lr: 5.0000e-03  eta: 1:18:49  time: 0.3122  data_time: 0.0017  memory: 8117  grad_norm: 2.2652  loss: 1.6092  loss_cls: 0.4984  loss_bbox: 0.4709  loss_centerness: 0.6399
2026/08/21 20:24:58 - mmengine - INFO - Epoch(train)  [7][1950/2804]  base_lr: 5.0000e-03 lr: 5.0000e-03  eta: 1:18:33  time: 0.3130  data_time: 0.0018  memory: 7267  grad_norm: 1.6766  loss: 1.5342  loss_cls: 0.4041  loss_bbox: 0.4854  loss_centerness: 0.6446
2026/08/21 20:25:14 - mmengine - INFO - Epoch(train)  [7][2000/2804]  base_lr: 5.0000e-03 lr: 5.0000e-03  eta: 1:18:17  time: 0.3124  data_time: 0.0018  memory: 7492  grad_norm: 2.2339  loss: 1.4683  loss_cls: 0.3463  loss_bbox: 0.4755  loss_centerness: 0.6465
2026/08/21 20:25:29 - mmengine - INFO - Epoch(train)  [7][2050/2804]  base_lr: 5.0000e-03 lr: 5.0000e-03  eta: 1:18:01  time: 0.3190  data_time: 0.0016  memory: 7713  grad_norm: 2.1464  loss: 1.5387  loss_cls: 0.4496  loss_bbox: 0.4484  loss_centerness: 0.6407
2026/08/21 20:25:45 - mmengine - INFO - Epoch(train)  [7][2100/2804]  base_lr: 5.0000e-03 lr: 5.0000e-03  eta: 1:17:45  time: 0.3145  data_time: 0.0018  memory: 7168  grad_norm: 2.0257  loss: 1.5594  loss_cls: 0.4615  loss_bbox: 0.4609  loss_centerness: 0.6370
2026/08/21 20:26:01 - mmengine - INFO - Epoch(train)  [7][2150/2804]  base_lr: 5.0000e-03 lr: 5.0000e-03  eta: 1:17:29  time: 0.3108  data_time: 0.0016  memory: 7403  grad_norm: 2.2107  loss: 1.6230  loss_cls: 0.4987  loss_bbox: 0.4821  loss_centerness: 0.6422
2026/08/21 20:26:08 - mmengine - INFO - Exp name: fcos_r50_fpn_p2p6_aitodv2_20260821_183100
2026/08/21 20:26:16 - mmengine - INFO - Epoch(train)  [7][2200/2804]  base_lr: 5.0000e-03 lr: 5.0000e-03  eta: 1:17:13  time: 0.3032  data_time: 0.0017  memory: 7079  grad_norm: 2.8755  loss: 1.5660  loss_cls: 0.4901  loss_bbox: 0.4376  loss_centerness: 0.6382
2026/08/21 20:26:31 - mmengine - INFO - Epoch(train)  [7][2250/2804]  base_lr: 5.0000e-03 lr: 5.0000e-03  eta: 1:16:56  time: 0.3032  data_time: 0.0016  memory: 7074  grad_norm: 2.0171  loss: 1.4635  loss_cls: 0.3774  loss_bbox: 0.4483  loss_centerness: 0.6379
2026/08/21 20:26:46 - mmengine - INFO - Epoch(train)  [7][2300/2804]  base_lr: 5.0000e-03 lr: 5.0000e-03  eta: 1:16:40  time: 0.3028  data_time: 0.0016  memory: 7033  grad_norm: 2.1014  loss: 1.5623  loss_cls: 0.4485  loss_bbox: 0.4751  loss_centerness: 0.6387
2026/08/21 20:27:02 - mmengine - INFO - Epoch(train)  [7][2350/2804]  base_lr: 5.0000e-03 lr: 5.0000e-03  eta: 1:16:24  time: 0.3124  data_time: 0.0016  memory: 7361  grad_norm: 2.7318  loss: 1.7030  loss_cls: 0.5163  loss_bbox: 0.5440  loss_centerness: 0.6426
2026/08/21 20:27:17 - mmengine - INFO - Epoch(train)  [7][2400/2804]  base_lr: 5.0000e-03 lr: 5.0000e-03  eta: 1:16:08  time: 0.3110  data_time: 0.0016  memory: 8190  grad_norm: 1.9580  loss: 1.5181  loss_cls: 0.4054  loss_bbox: 0.4755  loss_centerness: 0.6372
2026/08/21 20:27:33 - mmengine - INFO - Epoch(train)  [7][2450/2804]  base_lr: 5.0000e-03 lr: 5.0000e-03  eta: 1:15:52  time: 0.3174  data_time: 0.0016  memory: 7502  grad_norm: 1.9656  loss: 1.5649  loss_cls: 0.4282  loss_bbox: 0.4968  loss_centerness: 0.6399
2026/08/21 20:27:49 - mmengine - INFO - Epoch(train)  [7][2500/2804]  base_lr: 5.0000e-03 lr: 5.0000e-03  eta: 1:15:36  time: 0.3163  data_time: 0.0018  memory: 7043  grad_norm: 2.0586  loss: 1.6092  loss_cls: 0.4911  loss_bbox: 0.4744  loss_centerness: 0.6438
2026/08/21 20:28:04 - mmengine - INFO - Epoch(train)  [7][2550/2804]  base_lr: 5.0000e-03 lr: 5.0000e-03  eta: 1:15:20  time: 0.3102  data_time: 0.0016  memory: 9115  grad_norm: 2.0998  loss: 1.6190  loss_cls: 0.4626  loss_bbox: 0.5118  loss_centerness: 0.6447
2026/08/21 20:28:20 - mmengine - INFO - Epoch(train)  [7][2600/2804]  base_lr: 5.0000e-03 lr: 5.0000e-03  eta: 1:15:04  time: 0.3153  data_time: 0.0020  memory: 6947  grad_norm: 2.3965  loss: 1.4879  loss_cls: 0.3834  loss_bbox: 0.4648  loss_centerness: 0.6397
2026/08/21 20:28:36 - mmengine - INFO - Epoch(train)  [7][2650/2804]  base_lr: 5.0000e-03 lr: 5.0000e-03  eta: 1:14:48  time: 0.3112  data_time: 0.0015  memory: 7815  grad_norm: 2.0532  loss: 1.4755  loss_cls: 0.3563  loss_bbox: 0.4798  loss_centerness: 0.6394
2026/08/21 20:28:52 - mmengine - INFO - Epoch(train)  [7][2700/2804]  base_lr: 5.0000e-03 lr: 5.0000e-03  eta: 1:14:33  time: 0.3137  data_time: 0.0016  memory: 9713  grad_norm: 2.1133  loss: 1.4573  loss_cls: 0.3799  loss_bbox: 0.4445  loss_centerness: 0.6329
2026/08/21 20:29:07 - mmengine - INFO - Epoch(train)  [7][2750/2804]  base_lr: 5.0000e-03 lr: 5.0000e-03  eta: 1:14:17  time: 0.3126  data_time: 0.0018  memory: 7980  grad_norm: 2.1317  loss: 1.5593  loss_cls: 0.4236  loss_bbox: 0.4939  loss_centerness: 0.6418
2026/08/21 20:29:23 - mmengine - INFO - Epoch(train)  [7][2800/2804]  base_lr: 5.0000e-03 lr: 5.0000e-03  eta: 1:14:01  time: 0.3117  data_time: 0.0013  memory: 9952  grad_norm: 2.0348  loss: 1.5383  loss_cls: 0.4402  loss_bbox: 0.4608  loss_centerness: 0.6374
2026/08/21 20:29:24 - mmengine - INFO - Exp name: fcos_r50_fpn_p2p6_aitodv2_20260821_183100
2026/08/21 20:29:24 - mmengine - INFO - Saving checkpoint at 7 epochs
2026/08/21 20:29:42 - mmengine - INFO - Epoch(train)  [8][  50/2804]  base_lr: 5.0000e-03 lr: 5.0000e-03  eta: 1:13:43  time: 0.3139  data_time: 0.0018  memory: 7782  grad_norm: 2.0393  loss: 1.4615  loss_cls: 0.3433  loss_bbox: 0.4812  loss_centerness: 0.6370
2026/08/21 20:29:57 - mmengine - INFO - Epoch(train)  [8][ 100/2804]  base_lr: 5.0000e-03 lr: 5.0000e-03  eta: 1:13:28  time: 0.3125  data_time: 0.0017  memory: 7866  grad_norm: 1.7757  loss: 1.4271  loss_cls: 0.3506  loss_bbox: 0.4416  loss_centerness: 0.6349
2026/08/21 20:30:13 - mmengine - INFO - Epoch(train)  [8][ 150/2804]  base_lr: 5.0000e-03 lr: 5.0000e-03  eta: 1:13:12  time: 0.3111  data_time: 0.0016  memory: 7402  grad_norm: 1.9050  loss: 1.5457  loss_cls: 0.4268  loss_bbox: 0.4758  loss_centerness: 0.6431
2026/08/21 20:30:29 - mmengine - INFO - Epoch(train)  [8][ 200/2804]  base_lr: 5.0000e-03 lr: 5.0000e-03  eta: 1:12:56  time: 0.3117  data_time: 0.0018  memory: 8117  grad_norm: 2.3020  loss: 1.4023  loss_cls: 0.3491  loss_bbox: 0.4195  loss_centerness: 0.6338
2026/08/21 20:30:45 - mmengine - INFO - Epoch(train)  [8][ 250/2804]  base_lr: 5.0000e-03 lr: 5.0000e-03  eta: 1:12:40  time: 0.3184  data_time: 0.0018  memory: 7894  grad_norm: 2.5031  loss: 1.5203  loss_cls: 0.4326  loss_bbox: 0.4498  loss_centerness: 0.6379
2026/08/21 20:31:01 - mmengine - INFO - Epoch(train)  [8][ 300/2804]  base_lr: 5.0000e-03 lr: 5.0000e-03  eta: 1:12:24  time: 0.3160  data_time: 0.0019  memory: 7107  grad_norm: 1.8854  loss: 1.5164  loss_cls: 0.4036  loss_bbox: 0.4723  loss_centerness: 0.6405
2026/08/21 20:31:16 - mmengine - INFO - Epoch(train)  [8][ 350/2804]  base_lr: 5.0000e-03 lr: 5.0000e-03  eta: 1:12:08  time: 0.3136  data_time: 0.0018  memory: 7164  grad_norm: 1.9466  loss: 1.5899  loss_cls: 0.4469  loss_bbox: 0.5014  loss_centerness: 0.6416
2026/08/21 20:31:23 - mmengine - INFO - Exp name: fcos_r50_fpn_p2p6_aitodv2_20260821_183100
2026/08/21 20:31:32 - mmengine - INFO - Epoch(train)  [8][ 400/2804]  base_lr: 5.0000e-03 lr: 5.0000e-03  eta: 1:11:52  time: 0.3150  data_time: 0.0021  memory: 6878  grad_norm: 2.2230  loss: 1.5258  loss_cls: 0.4470  loss_bbox: 0.4405  loss_centerness: 0.6382
2026/08/21 20:31:48 - mmengine - INFO - Epoch(train)  [8][ 450/2804]  base_lr: 5.0000e-03 lr: 5.0000e-03  eta: 1:11:36  time: 0.3057  data_time: 0.0017  memory: 9635  grad_norm: 2.0369  loss: 1.5766  loss_cls: 0.4694  loss_bbox: 0.4691  loss_centerness: 0.6382
2026/08/21 20:32:03 - mmengine - INFO - Epoch(train)  [8][ 500/2804]  base_lr: 5.0000e-03 lr: 5.0000e-03  eta: 1:11:20  time: 0.3198  data_time: 0.0023  memory: 7794  grad_norm: 2.6568  loss: 1.5744  loss_cls: 0.5143  loss_bbox: 0.4232  loss_centerness: 0.6369
2026/08/21 20:32:19 - mmengine - INFO - Epoch(train)  [8][ 550/2804]  base_lr: 5.0000e-03 lr: 5.0000e-03  eta: 1:11:04  time: 0.3231  data_time: 0.0020  memory: 7026  grad_norm: 2.5347  loss: 1.5524  loss_cls: 0.4402  loss_bbox: 0.4778  loss_centerness: 0.6343
2026/08/21 20:32:35 - mmengine - INFO - Epoch(train)  [8][ 600/2804]  base_lr: 5.0000e-03 lr: 5.0000e-03  eta: 1:10:49  time: 0.3151  data_time: 0.0018  memory: 9713  grad_norm: 2.1294  loss: 1.4725  loss_cls: 0.3753  loss_bbox: 0.4597  loss_centerness: 0.6375
2026/08/21 20:32:51 - mmengine - INFO - Epoch(train)  [8][ 650/2804]  base_lr: 5.0000e-03 lr: 5.0000e-03  eta: 1:10:33  time: 0.3180  data_time: 0.0021  memory: 7815  grad_norm: 2.1978  loss: 1.5691  loss_cls: 0.4315  loss_bbox: 0.4905  loss_centerness: 0.6471
2026/08/21 20:33:07 - mmengine - INFO - Epoch(train)  [8][ 700/2804]  base_lr: 5.0000e-03 lr: 5.0000e-03  eta: 1:10:17  time: 0.3180  data_time: 0.0020  memory: 10127  grad_norm: 2.3915  loss: 1.6011  loss_cls: 0.4941  loss_bbox: 0.4632  loss_centerness: 0.6438
2026/08/21 20:33:23 - mmengine - INFO - Epoch(train)  [8][ 750/2804]  base_lr: 5.0000e-03 lr: 5.0000e-03  eta: 1:10:01  time: 0.3141  data_time: 0.0018  memory: 7123  grad_norm: 2.0924  loss: 1.5689  loss_cls: 0.4564  loss_bbox: 0.4691  loss_centerness: 0.6434
2026/08/21 20:33:38 - mmengine - INFO - Epoch(train)  [8][ 800/2804]  base_lr: 5.0000e-03 lr: 5.0000e-03  eta: 1:09:45  time: 0.3060  data_time: 0.0018  memory: 7036  grad_norm: 2.5460  loss: 1.5294  loss_cls: 0.4208  loss_bbox: 0.4702  loss_centerness: 0.6383
2026/08/21 20:33:54 - mmengine - INFO - Epoch(train)  [8][ 850/2804]  base_lr: 5.0000e-03 lr: 5.0000e-03  eta: 1:09:29  time: 0.3187  data_time: 0.0020  memory: 6992  grad_norm: 1.9587  loss: 1.4991  loss_cls: 0.3938  loss_bbox: 0.4660  loss_centerness: 0.6393
2026/08/21 20:34:10 - mmengine - INFO - Epoch(train)  [8][ 900/2804]  base_lr: 5.0000e-03 lr: 5.0000e-03  eta: 1:09:13  time: 0.3149  data_time: 0.0019  memory: 7631  grad_norm: 3.4161  loss: 1.6114  loss_cls: 0.4960  loss_bbox: 0.4752  loss_centerness: 0.6403
2026/08/21 20:34:25 - mmengine - INFO - Epoch(train)  [8][ 950/2804]  base_lr: 5.0000e-03 lr: 5.0000e-03  eta: 1:08:58  time: 0.3145  data_time: 0.0019  memory: 7508  grad_norm: 2.3855  loss: 1.5777  loss_cls: 0.4679  loss_bbox: 0.4691  loss_centerness: 0.6406
2026/08/21 20:34:41 - mmengine - INFO - Epoch(train)  [8][1000/2804]  base_lr: 5.0000e-03 lr: 5.0000e-03  eta: 1:08:42  time: 0.3164  data_time: 0.0018  memory: 7233  grad_norm: 2.3925  loss: 1.4810  loss_cls: 0.3892  loss_bbox: 0.4565  loss_centerness: 0.6353
2026/08/21 20:34:57 - mmengine - INFO - Epoch(train)  [8][1050/2804]  base_lr: 5.0000e-03 lr: 5.0000e-03  eta: 1:08:26  time: 0.3067  data_time: 0.0023  memory: 9041  grad_norm: 1.8059  loss: 1.5432  loss_cls: 0.4112  loss_bbox: 0.4891  loss_centerness: 0.6429
2026/08/21 20:35:12 - mmengine - INFO - Epoch(train)  [8][1100/2804]  base_lr: 5.0000e-03 lr: 5.0000e-03  eta: 1:08:10  time: 0.3165  data_time: 0.0018  memory: 10698  grad_norm: 2.2818  loss: 1.4739  loss_cls: 0.3999  loss_bbox: 0.4367  loss_centerness: 0.6373
2026/08/21 20:35:28 - mmengine - INFO - Epoch(train)  [8][1150/2804]  base_lr: 5.0000e-03 lr: 5.0000e-03  eta: 1:07:54  time: 0.3173  data_time: 0.0020  memory: 9950  grad_norm: 2.1979  loss: 1.5277  loss_cls: 0.4120  loss_bbox: 0.4720  loss_centerness: 0.6437
2026/08/21 20:35:44 - mmengine - INFO - Epoch(train)  [8][1200/2804]  base_lr: 5.0000e-03 lr: 5.0000e-03  eta: 1:07:38  time: 0.3195  data_time: 0.0020  memory: 7152  grad_norm: 1.9821  loss: 1.4577  loss_cls: 0.3898  loss_bbox: 0.4314  loss_centerness: 0.6364
2026/08/21 20:36:00 - mmengine - INFO - Epoch(train)  [8][1250/2804]  base_lr: 5.0000e-03 lr: 5.0000e-03  eta: 1:07:22  time: 0.3166  data_time: 0.0019  memory: 7343  grad_norm: 2.2293  loss: 1.5601  loss_cls: 0.4667  loss_bbox: 0.4519  loss_centerness: 0.6415
2026/08/21 20:36:16 - mmengine - INFO - Epoch(train)  [8][1300/2804]  base_lr: 5.0000e-03 lr: 5.0000e-03  eta: 1:07:06  time: 0.3171  data_time: 0.0020  memory: 7047  grad_norm: 2.0758  loss: 1.4428  loss_cls: 0.3971  loss_bbox: 0.4142  loss_centerness: 0.6315
2026/08/21 20:36:32 - mmengine - INFO - Epoch(train)  [8][1350/2804]  base_lr: 5.0000e-03 lr: 5.0000e-03  eta: 1:06:51  time: 0.3113  data_time: 0.0019  memory: 8772  grad_norm: 2.3497  loss: 1.4441  loss_cls: 0.3716  loss_bbox: 0.4391  loss_centerness: 0.6334
2026/08/21 20:36:38 - mmengine - INFO - Exp name: fcos_r50_fpn_p2p6_aitodv2_20260821_183100
2026/08/21 20:36:47 - mmengine - INFO - Epoch(train)  [8][1400/2804]  base_lr: 5.0000e-03 lr: 5.0000e-03  eta: 1:06:35  time: 0.3154  data_time: 0.0018  memory: 8534  grad_norm: 1.9517  loss: 1.5208  loss_cls: 0.4184  loss_bbox: 0.4618  loss_centerness: 0.6406
2026/08/21 20:37:03 - mmengine - INFO - Epoch(train)  [8][1450/2804]  base_lr: 5.0000e-03 lr: 5.0000e-03  eta: 1:06:19  time: 0.3157  data_time: 0.0020  memory: 7021  grad_norm: 2.2935  loss: 1.5370  loss_cls: 0.4220  loss_bbox: 0.4774  loss_centerness: 0.6376
2026/08/21 20:37:19 - mmengine - INFO - Epoch(train)  [8][1500/2804]  base_lr: 5.0000e-03 lr: 5.0000e-03  eta: 1:06:03  time: 0.3131  data_time: 0.0018  memory: 6974  grad_norm: 2.0307  loss: 1.5139  loss_cls: 0.3977  loss_bbox: 0.4762  loss_centerness: 0.6399
2026/08/21 20:37:34 - mmengine - INFO - Epoch(train)  [8][1550/2804]  base_lr: 5.0000e-03 lr: 5.0000e-03  eta: 1:05:47  time: 0.3151  data_time: 0.0019  memory: 7220  grad_norm: 1.8461  loss: 1.3542  loss_cls: 0.3086  loss_bbox: 0.4183  loss_centerness: 0.6273
2026/08/21 20:37:50 - mmengine - INFO - Epoch(train)  [8][1600/2804]  base_lr: 5.0000e-03 lr: 5.0000e-03  eta: 1:05:31  time: 0.3145  data_time: 0.0019  memory: 7036  grad_norm: 2.3168  loss: 1.5046  loss_cls: 0.4125  loss_bbox: 0.4579  loss_centerness: 0.6342
2026/08/21 20:38:06 - mmengine - INFO - Epoch(train)  [8][1650/2804]  base_lr: 5.0000e-03 lr: 5.0000e-03  eta: 1:05:15  time: 0.3138  data_time: 0.0019  memory: 7498  grad_norm: 1.9750  loss: 1.4682  loss_cls: 0.3518  loss_bbox: 0.4757  loss_centerness: 0.6407
2026/08/21 20:38:22 - mmengine - INFO - Epoch(train)  [8][1700/2804]  base_lr: 5.0000e-03 lr: 5.0000e-03  eta: 1:04:59  time: 0.3129  data_time: 0.0018  memory: 9047  grad_norm: 2.0124  loss: 1.4835  loss_cls: 0.3687  loss_bbox: 0.4752  loss_centerness: 0.6396
2026/08/21 20:38:37 - mmengine - INFO - Epoch(train)  [8][1750/2804]  base_lr: 5.0000e-03 lr: 5.0000e-03  eta: 1:04:44  time: 0.3112  data_time: 0.0019  memory: 7297  grad_norm: 2.8283  loss: 1.5760  loss_cls: 0.4930  loss_bbox: 0.4448  loss_centerness: 0.6382
2026/08/21 20:38:53 - mmengine - INFO - Epoch(train)  [8][1800/2804]  base_lr: 5.0000e-03 lr: 5.0000e-03  eta: 1:04:28  time: 0.3114  data_time: 0.0020  memory: 7939  grad_norm: 2.2787  loss: 1.6627  loss_cls: 0.5172  loss_bbox: 0.5026  loss_centerness: 0.6429
2026/08/21 20:39:09 - mmengine - INFO - Epoch(train)  [8][1850/2804]  base_lr: 5.0000e-03 lr: 5.0000e-03  eta: 1:04:12  time: 0.3143  data_time: 0.0020  memory: 7492  grad_norm: 1.5638  loss: 1.4294  loss_cls: 0.3629  loss_bbox: 0.4304  loss_centerness: 0.6362
2026/08/21 20:39:24 - mmengine - INFO - Epoch(train)  [8][1900/2804]  base_lr: 5.0000e-03 lr: 5.0000e-03  eta: 1:03:56  time: 0.3201  data_time: 0.0021  memory: 9803  grad_norm: 2.2495  loss: 1.5497  loss_cls: 0.4532  loss_bbox: 0.4524  loss_centerness: 0.6441
2026/08/21 20:39:40 - mmengine - INFO - Epoch(train)  [8][1950/2804]  base_lr: 5.0000e-03 lr: 5.0000e-03  eta: 1:03:40  time: 0.3125  data_time: 0.0020  memory: 7859  grad_norm: 2.1081  loss: 1.5401  loss_cls: 0.4466  loss_bbox: 0.4520  loss_centerness: 0.6415
2026/08/21 20:39:56 - mmengine - INFO - Epoch(train)  [8][2000/2804]  base_lr: 5.0000e-03 lr: 5.0000e-03  eta: 1:03:24  time: 0.3172  data_time: 0.0020  memory: 9114  grad_norm: 1.8051  loss: 1.5768  loss_cls: 0.4712  loss_bbox: 0.4631  loss_centerness: 0.6424
2026/08/21 20:40:12 - mmengine - INFO - Epoch(train)  [8][2050/2804]  base_lr: 5.0000e-03 lr: 5.0000e-03  eta: 1:03:08  time: 0.3138  data_time: 0.0017  memory: 7263  grad_norm: 2.7548  loss: 1.7656  loss_cls: 0.6402  loss_bbox: 0.4840  loss_centerness: 0.6413
2026/08/21 20:40:28 - mmengine - INFO - Epoch(train)  [8][2100/2804]  base_lr: 5.0000e-03 lr: 5.0000e-03  eta: 1:02:52  time: 0.3174  data_time: 0.0019  memory: 7139  grad_norm: 1.8213  loss: 1.5473  loss_cls: 0.4380  loss_bbox: 0.4675  loss_centerness: 0.6418
2026/08/21 20:40:43 - mmengine - INFO - Epoch(train)  [8][2150/2804]  base_lr: 5.0000e-03 lr: 5.0000e-03  eta: 1:02:36  time: 0.3149  data_time: 0.0018  memory: 7281  grad_norm: 1.7410  loss: 1.4516  loss_cls: 0.3724  loss_bbox: 0.4410  loss_centerness: 0.6382
2026/08/21 20:40:59 - mmengine - INFO - Epoch(train)  [8][2200/2804]  base_lr: 5.0000e-03 lr: 5.0000e-03  eta: 1:02:21  time: 0.3146  data_time: 0.0019  memory: 6961  grad_norm: 1.9095  loss: 1.4849  loss_cls: 0.4004  loss_bbox: 0.4469  loss_centerness: 0.6376
2026/08/21 20:41:15 - mmengine - INFO - Epoch(train)  [8][2250/2804]  base_lr: 5.0000e-03 lr: 5.0000e-03  eta: 1:02:05  time: 0.3136  data_time: 0.0018  memory: 7416  grad_norm: 2.4947  loss: 1.5100  loss_cls: 0.4101  loss_bbox: 0.4643  loss_centerness: 0.6355
2026/08/21 20:41:31 - mmengine - INFO - Epoch(train)  [8][2300/2804]  base_lr: 5.0000e-03 lr: 5.0000e-03  eta: 1:01:49  time: 0.3121  data_time: 0.0019  memory: 6862  grad_norm: 2.5364  loss: 1.6441  loss_cls: 0.5165  loss_bbox: 0.4878  loss_centerness: 0.6398
2026/08/21 20:41:46 - mmengine - INFO - Epoch(train)  [8][2350/2804]  base_lr: 5.0000e-03 lr: 5.0000e-03  eta: 1:01:33  time: 0.3155  data_time: 0.0018  memory: 7170  grad_norm: 2.2249  loss: 1.5695  loss_cls: 0.4319  loss_bbox: 0.4961  loss_centerness: 0.6416
2026/08/21 20:41:53 - mmengine - INFO - Exp name: fcos_r50_fpn_p2p6_aitodv2_20260821_183100
2026/08/21 20:42:02 - mmengine - INFO - Epoch(train)  [8][2400/2804]  base_lr: 5.0000e-03 lr: 5.0000e-03  eta: 1:01:17  time: 0.3134  data_time: 0.0019  memory: 7117  grad_norm: 2.2809  loss: 1.6409  loss_cls: 0.4898  loss_bbox: 0.5075  loss_centerness: 0.6437
2026/08/21 20:42:18 - mmengine - INFO - Epoch(train)  [8][2450/2804]  base_lr: 5.0000e-03 lr: 5.0000e-03  eta: 1:01:01  time: 0.3126  data_time: 0.0017  memory: 7072  grad_norm: 2.3533  loss: 1.5536  loss_cls: 0.4598  loss_bbox: 0.4603  loss_centerness: 0.6335
2026/08/21 20:42:34 - mmengine - INFO - Epoch(train)  [8][2500/2804]  base_lr: 5.0000e-03 lr: 5.0000e-03  eta: 1:00:46  time: 0.3158  data_time: 0.0019  memory: 9110  grad_norm: 2.5719  loss: 1.5265  loss_cls: 0.4201  loss_bbox: 0.4719  loss_centerness: 0.6345
2026/08/21 20:42:49 - mmengine - INFO - Epoch(train)  [8][2550/2804]  base_lr: 5.0000e-03 lr: 5.0000e-03  eta: 1:00:30  time: 0.3127  data_time: 0.0018  memory: 7874  grad_norm: 1.9868  loss: 1.4937  loss_cls: 0.4069  loss_bbox: 0.4498  loss_centerness: 0.6370
2026/08/21 20:43:05 - mmengine - INFO - Epoch(train)  [8][2600/2804]  base_lr: 5.0000e-03 lr: 5.0000e-03  eta: 1:00:14  time: 0.3204  data_time: 0.0019  memory: 7287  grad_norm: 2.9401  loss: 1.7225  loss_cls: 0.6278  loss_bbox: 0.4603  loss_centerness: 0.6343
2026/08/21 20:43:21 - mmengine - INFO - Epoch(train)  [8][2650/2804]  base_lr: 5.0000e-03 lr: 5.0000e-03  eta: 0:59:58  time: 0.3190  data_time: 0.0018  memory: 7346  grad_norm: 2.1258  loss: 1.4352  loss_cls: 0.3601  loss_bbox: 0.4411  loss_centerness: 0.6340
2026/08/21 20:43:37 - mmengine - INFO - Epoch(train)  [8][2700/2804]  base_lr: 5.0000e-03 lr: 5.0000e-03  eta: 0:59:42  time: 0.3161  data_time: 0.0018  memory: 7006  grad_norm: 3.1086  loss: 1.5126  loss_cls: 0.4457  loss_bbox: 0.4371  loss_centerness: 0.6299
2026/08/21 20:43:53 - mmengine - INFO - Epoch(train)  [8][2750/2804]  base_lr: 5.0000e-03 lr: 5.0000e-03  eta: 0:59:26  time: 0.3134  data_time: 0.0019  memory: 7492  grad_norm: 2.5132  loss: 1.5780  loss_cls: 0.4499  loss_bbox: 0.4882  loss_centerness: 0.6399
2026/08/21 20:44:08 - mmengine - INFO - Epoch(train)  [8][2800/2804]  base_lr: 5.0000e-03 lr: 5.0000e-03  eta: 0:59:10  time: 0.3088  data_time: 0.0014  memory: 7560  grad_norm: 2.0713  loss: 1.5462  loss_cls: 0.3965  loss_bbox: 0.5077  loss_centerness: 0.6420
2026/08/21 20:44:09 - mmengine - INFO - Exp name: fcos_r50_fpn_p2p6_aitodv2_20260821_183100
2026/08/21 20:44:09 - mmengine - INFO - Saving checkpoint at 8 epochs
2026/08/21 20:44:16 - mmengine - INFO - Epoch(val)  [8][ 50/701]    eta: 0:00:56  time: 0.0814  data_time: 0.0003  memory: 6687  
2026/08/21 20:44:20 - mmengine - INFO - Epoch(val)  [8][100/701]    eta: 0:00:50  time: 0.0812  data_time: 0.0003  memory: 1120  
2026/08/21 20:44:24 - mmengine - INFO - Epoch(val)  [8][150/701]    eta: 0:00:45  time: 0.0820  data_time: 0.0004  memory: 1120  
2026/08/21 20:44:28 - mmengine - INFO - Epoch(val)  [8][200/701]    eta: 0:00:41  time: 0.0810  data_time: 0.0003  memory: 1120  
2026/08/21 20:44:32 - mmengine - INFO - Epoch(val)  [8][250/701]    eta: 0:00:37  time: 0.0808  data_time: 0.0003  memory: 1120  
2026/08/21 20:44:36 - mmengine - INFO - Epoch(val)  [8][300/701]    eta: 0:00:33  time: 0.0815  data_time: 0.0004  memory: 1120  
2026/08/21 20:44:40 - mmengine - INFO - Epoch(val)  [8][350/701]    eta: 0:00:28  time: 0.0821  data_time: 0.0005  memory: 1120  
2026/08/21 20:44:44 - mmengine - INFO - Epoch(val)  [8][400/701]    eta: 0:00:24  time: 0.0812  data_time: 0.0004  memory: 1120  
2026/08/21 20:44:48 - mmengine - INFO - Epoch(val)  [8][450/701]    eta: 0:00:20  time: 0.0818  data_time: 0.0005  memory: 1120  
2026/08/21 20:44:53 - mmengine - INFO - Epoch(val)  [8][500/701]    eta: 0:00:16  time: 0.0816  data_time: 0.0004  memory: 1120  
2026/08/21 20:44:57 - mmengine - INFO - Epoch(val)  [8][550/701]    eta: 0:00:12  time: 0.0825  data_time: 0.0004  memory: 1120  
2026/08/21 20:45:01 - mmengine - INFO - Epoch(val)  [8][600/701]    eta: 0:00:08  time: 0.0817  data_time: 0.0004  memory: 1120  
2026/08/21 20:45:05 - mmengine - INFO - Epoch(val)  [8][650/701]    eta: 0:00:04  time: 0.0814  data_time: 0.0004  memory: 1120  
2026/08/21 20:45:09 - mmengine - INFO - Epoch(val)  [8][700/701]    eta: 0:00:00  time: 0.0812  data_time: 0.0003  memory: 1120  
2026/08/21 20:45:36 - mmengine - INFO - Evaluating bbox...
2026/08/21 20:57:18 - mmengine - INFO - bbox_mAP_copypaste: 0.017 0.060 0.006 0.018 0.011 -1.000
2026/08/21 20:57:19 - mmengine - INFO - Epoch(val) [8][701/701]    coco/bbox_mAP: 0.0170  coco/bbox_mAP_50: 0.0600  coco/bbox_mAP_75: 0.0060  coco/bbox_mAP_s: 0.0180  coco/bbox_mAP_m: 0.0110  coco/bbox_mAP_l: -1.0000  data_time: 0.0006  time: 0.0821
2026/08/21 20:57:20 - mmengine - INFO - The previous best checkpoint /root/tiny-object-research/outputs/PRT-001/B1/seed0/best_coco_bbox_mAP_epoch_4.pth is removed
2026/08/21 20:57:20 - mmengine - INFO - The best checkpoint with 0.0170 coco/bbox_mAP at 8 epoch is saved to best_coco_bbox_mAP_epoch_8.pth.
2026/08/21 20:57:37 - mmengine - INFO - Epoch(train)  [9][  50/2804]  base_lr: 5.0000e-04 lr: 5.0000e-04  eta: 0:58:53  time: 0.3136  data_time: 0.0022  memory: 7404  grad_norm: 1.6839  loss: 1.5063  loss_cls: 0.4305  loss_bbox: 0.4332  loss_centerness: 0.6426
2026/08/21 20:57:53 - mmengine - INFO - Epoch(train)  [9][ 100/2804]  base_lr: 5.0000e-04 lr: 5.0000e-04  eta: 0:58:37  time: 0.3112  data_time: 0.0018  memory: 10698  grad_norm: 1.8526  loss: 1.5574  loss_cls: 0.4408  loss_bbox: 0.4766  loss_centerness: 0.6399
2026/08/21 20:58:08 - mmengine - INFO - Epoch(train)  [9][ 150/2804]  base_lr: 5.0000e-04 lr: 5.0000e-04  eta: 0:58:21  time: 0.3121  data_time: 0.0019  memory: 7539  grad_norm: 1.8864  loss: 1.4809  loss_cls: 0.3930  loss_bbox: 0.4472  loss_centerness: 0.6406
2026/08/21 20:58:24 - mmengine - INFO - Epoch(train)  [9][ 200/2804]  base_lr: 5.0000e-04 lr: 5.0000e-04  eta: 0:58:05  time: 0.3170  data_time: 0.0017  memory: 7062  grad_norm: 3.0043  loss: 1.5650  loss_cls: 0.4876  loss_bbox: 0.4390  loss_centerness: 0.6384
2026/08/21 20:58:40 - mmengine - INFO - Epoch(train)  [9][ 250/2804]  base_lr: 5.0000e-04 lr: 5.0000e-04  eta: 0:57:49  time: 0.3129  data_time: 0.0018  memory: 7462  grad_norm: 1.7626  loss: 1.4633  loss_cls: 0.4112  loss_bbox: 0.4130  loss_centerness: 0.6390
2026/08/21 20:58:56 - mmengine - INFO - Epoch(train)  [9][ 300/2804]  base_lr: 5.0000e-04 lr: 5.0000e-04  eta: 0:57:34  time: 0.3153  data_time: 0.0019  memory: 6742  grad_norm: 2.8678  loss: 1.5928  loss_cls: 0.5081  loss_bbox: 0.4422  loss_centerness: 0.6425
2026/08/21 20:59:11 - mmengine - INFO - Epoch(train)  [9][ 350/2804]  base_lr: 5.0000e-04 lr: 5.0000e-04  eta: 0:57:18  time: 0.3120  data_time: 0.0017  memory: 9803  grad_norm: 1.8896  loss: 1.3572  loss_cls: 0.3160  loss_bbox: 0.4109  loss_centerness: 0.6303
2026/08/21 20:59:27 - mmengine - INFO - Epoch(train)  [9][ 400/2804]  base_lr: 5.0000e-04 lr: 5.0000e-04  eta: 0:57:02  time: 0.3195  data_time: 0.0019  memory: 7416  grad_norm: 2.0518  loss: 1.4278  loss_cls: 0.3549  loss_bbox: 0.4342  loss_centerness: 0.6387
2026/08/21 20:59:43 - mmengine - INFO - Epoch(train)  [9][ 450/2804]  base_lr: 5.0000e-04 lr: 5.0000e-04  eta: 0:56:46  time: 0.3126  data_time: 0.0016  memory: 7554  grad_norm: 2.2898  loss: 1.5361  loss_cls: 0.4644  loss_bbox: 0.4384  loss_centerness: 0.6333
2026/08/21 20:59:58 - mmengine - INFO - Epoch(train)  [9][ 500/2804]  base_lr: 5.0000e-04 lr: 5.0000e-04  eta: 0:56:30  time: 0.3171  data_time: 0.0019  memory: 7874  grad_norm: 1.9458  loss: 1.4542  loss_cls: 0.3711  loss_bbox: 0.4480  loss_centerness: 0.6351
2026/08/21 21:00:14 - mmengine - INFO - Epoch(train)  [9][ 550/2804]  base_lr: 5.0000e-04 lr: 5.0000e-04  eta: 0:56:14  time: 0.3198  data_time: 0.0018  memory: 7937  grad_norm: 2.2558  loss: 1.4537  loss_cls: 0.4111  loss_bbox: 0.4074  loss_centerness: 0.6353
2026/08/21 21:00:20 - mmengine - INFO - Exp name: fcos_r50_fpn_p2p6_aitodv2_20260821_183100
2026/08/21 21:00:30 - mmengine - INFO - Epoch(train)  [9][ 600/2804]  base_lr: 5.0000e-04 lr: 5.0000e-04  eta: 0:55:58  time: 0.3113  data_time: 0.0019  memory: 7494  grad_norm: 2.1720  loss: 1.4688  loss_cls: 0.4036  loss_bbox: 0.4300  loss_centerness: 0.6353
2026/08/21 21:00:46 - mmengine - INFO - Epoch(train)  [9][ 650/2804]  base_lr: 5.0000e-04 lr: 5.0000e-04  eta: 0:55:42  time: 0.3128  data_time: 0.0016  memory: 7082  grad_norm: 2.1541  loss: 1.4168  loss_cls: 0.3623  loss_bbox: 0.4159  loss_centerness: 0.6387
2026/08/21 21:01:01 - mmengine - INFO - Epoch(train)  [9][ 700/2804]  base_lr: 5.0000e-04 lr: 5.0000e-04  eta: 0:55:27  time: 0.3128  data_time: 0.0019  memory: 7169  grad_norm: 1.8899  loss: 1.3965  loss_cls: 0.3502  loss_bbox: 0.4136  loss_centerness: 0.6326
2026/08/21 21:01:17 - mmengine - INFO - Epoch(train)  [9][ 750/2804]  base_lr: 5.0000e-04 lr: 5.0000e-04  eta: 0:55:11  time: 0.3150  data_time: 0.0019  memory: 7472  grad_norm: 2.1909  loss: 1.4586  loss_cls: 0.4095  loss_bbox: 0.4171  loss_centerness: 0.6319
2026/08/21 21:01:33 - mmengine - INFO - Epoch(train)  [9][ 800/2804]  base_lr: 5.0000e-04 lr: 5.0000e-04  eta: 0:54:55  time: 0.3150  data_time: 0.0017  memory: 7815  grad_norm: 2.0230  loss: 1.4278  loss_cls: 0.3534  loss_bbox: 0.4375  loss_centerness: 0.6369
2026/08/21 21:01:48 - mmengine - INFO - Epoch(train)  [9][ 850/2804]  base_lr: 5.0000e-04 lr: 5.0000e-04  eta: 0:54:39  time: 0.3129  data_time: 0.0018  memory: 7388  grad_norm: 2.0377  loss: 1.4984  loss_cls: 0.4412  loss_bbox: 0.4237  loss_centerness: 0.6335
2026/08/21 21:02:04 - mmengine - INFO - Epoch(train)  [9][ 900/2804]  base_lr: 5.0000e-04 lr: 5.0000e-04  eta: 0:54:23  time: 0.3121  data_time: 0.0018  memory: 7074  grad_norm: 2.0831  loss: 1.5490  loss_cls: 0.4539  loss_bbox: 0.4473  loss_centerness: 0.6479
2026/08/21 21:02:20 - mmengine - INFO - Epoch(train)  [9][ 950/2804]  base_lr: 5.0000e-04 lr: 5.0000e-04  eta: 0:54:07  time: 0.3157  data_time: 0.0021  memory: 7502  grad_norm: 1.6185  loss: 1.4473  loss_cls: 0.3721  loss_bbox: 0.4396  loss_centerness: 0.6357
2026/08/21 21:02:35 - mmengine - INFO - Epoch(train)  [9][1000/2804]  base_lr: 5.0000e-04 lr: 5.0000e-04  eta: 0:53:51  time: 0.3139  data_time: 0.0019  memory: 8187  grad_norm: 1.6606  loss: 1.4150  loss_cls: 0.3460  loss_bbox: 0.4300  loss_centerness: 0.6390
2026/08/21 21:02:51 - mmengine - INFO - Epoch(train)  [9][1050/2804]  base_lr: 5.0000e-04 lr: 5.0000e-04  eta: 0:53:35  time: 0.3120  data_time: 0.0017  memory: 7074  grad_norm: 2.1739  loss: 1.4482  loss_cls: 0.4054  loss_bbox: 0.4052  loss_centerness: 0.6375
2026/08/21 21:03:07 - mmengine - INFO - Epoch(train)  [9][1100/2804]  base_lr: 5.0000e-04 lr: 5.0000e-04  eta: 0:53:19  time: 0.3147  data_time: 0.0019  memory: 7493  grad_norm: 1.7584  loss: 1.3842  loss_cls: 0.3249  loss_bbox: 0.4228  loss_centerness: 0.6364
2026/08/21 21:03:22 - mmengine - INFO - Epoch(train)  [9][1150/2804]  base_lr: 5.0000e-04 lr: 5.0000e-04  eta: 0:53:04  time: 0.3142  data_time: 0.0018  memory: 8479  grad_norm: 2.6643  loss: 1.6094  loss_cls: 0.5281  loss_bbox: 0.4431  loss_centerness: 0.6382
2026/08/21 21:03:38 - mmengine - INFO - Epoch(train)  [9][1200/2804]  base_lr: 5.0000e-04 lr: 5.0000e-04  eta: 0:52:48  time: 0.3117  data_time: 0.0018  memory: 9631  grad_norm: 1.9689  loss: 1.4077  loss_cls: 0.3642  loss_bbox: 0.4108  loss_centerness: 0.6326
2026/08/21 21:03:54 - mmengine - INFO - Epoch(train)  [9][1250/2804]  base_lr: 5.0000e-04 lr: 5.0000e-04  eta: 0:52:32  time: 0.3133  data_time: 0.0017  memory: 9112  grad_norm: 2.5280  loss: 1.4660  loss_cls: 0.4034  loss_bbox: 0.4268  loss_centerness: 0.6357
2026/08/21 21:04:09 - mmengine - INFO - Epoch(train)  [9][1300/2804]  base_lr: 5.0000e-04 lr: 5.0000e-04  eta: 0:52:16  time: 0.3127  data_time: 0.0018  memory: 7977  grad_norm: 2.0407  loss: 1.5527  loss_cls: 0.4759  loss_bbox: 0.4398  loss_centerness: 0.6370
2026/08/21 21:04:25 - mmengine - INFO - Epoch(train)  [9][1350/2804]  base_lr: 5.0000e-04 lr: 5.0000e-04  eta: 0:52:00  time: 0.3046  data_time: 0.0018  memory: 9046  grad_norm: 2.8550  loss: 1.4962  loss_cls: 0.4338  loss_bbox: 0.4239  loss_centerness: 0.6384
2026/08/21 21:04:40 - mmengine - INFO - Epoch(train)  [9][1400/2804]  base_lr: 5.0000e-04 lr: 5.0000e-04  eta: 0:51:44  time: 0.3130  data_time: 0.0020  memory: 7363  grad_norm: 1.8612  loss: 1.3897  loss_cls: 0.3465  loss_bbox: 0.4094  loss_centerness: 0.6338
2026/08/21 21:04:56 - mmengine - INFO - Epoch(train)  [9][1450/2804]  base_lr: 5.0000e-04 lr: 5.0000e-04  eta: 0:51:28  time: 0.3133  data_time: 0.0017  memory: 8114  grad_norm: 1.7120  loss: 1.4090  loss_cls: 0.3482  loss_bbox: 0.4249  loss_centerness: 0.6359
2026/08/21 21:05:12 - mmengine - INFO - Epoch(train)  [9][1500/2804]  base_lr: 5.0000e-04 lr: 5.0000e-04  eta: 0:51:12  time: 0.3164  data_time: 0.0019  memory: 7315  grad_norm: 2.1421  loss: 1.4715  loss_cls: 0.3887  loss_bbox: 0.4435  loss_centerness: 0.6393
2026/08/21 21:05:27 - mmengine - INFO - Epoch(train)  [9][1550/2804]  base_lr: 5.0000e-04 lr: 5.0000e-04  eta: 0:50:56  time: 0.3138  data_time: 0.0017  memory: 7509  grad_norm: 1.7509  loss: 1.4123  loss_cls: 0.3518  loss_bbox: 0.4252  loss_centerness: 0.6353
2026/08/21 21:05:33 - mmengine - INFO - Exp name: fcos_r50_fpn_p2p6_aitodv2_20260821_183100
2026/08/21 21:05:43 - mmengine - INFO - Epoch(train)  [9][1600/2804]  base_lr: 5.0000e-04 lr: 5.0000e-04  eta: 0:50:41  time: 0.3138  data_time: 0.0017  memory: 7224  grad_norm: 2.0057  loss: 1.4143  loss_cls: 0.3490  loss_bbox: 0.4282  loss_centerness: 0.6371
2026/08/21 21:05:59 - mmengine - INFO - Epoch(train)  [9][1650/2804]  base_lr: 5.0000e-04 lr: 5.0000e-04  eta: 0:50:25  time: 0.3136  data_time: 0.0018  memory: 9717  grad_norm: 2.1145  loss: 1.4586  loss_cls: 0.4066  loss_bbox: 0.4201  loss_centerness: 0.6319
2026/08/21 21:06:14 - mmengine - INFO - Epoch(train)  [9][1700/2804]  base_lr: 5.0000e-04 lr: 5.0000e-04  eta: 0:50:09  time: 0.3158  data_time: 0.0019  memory: 9953  grad_norm: 1.7889  loss: 1.4655  loss_cls: 0.3696  loss_bbox: 0.4551  loss_centerness: 0.6407
2026/08/21 21:06:30 - mmengine - INFO - Epoch(train)  [9][1750/2804]  base_lr: 5.0000e-04 lr: 5.0000e-04  eta: 0:49:53  time: 0.3173  data_time: 0.0025  memory: 7091  grad_norm: 1.7328  loss: 1.3512  loss_cls: 0.3268  loss_bbox: 0.3908  loss_centerness: 0.6336
2026/08/21 21:06:46 - mmengine - INFO - Epoch(train)  [9][1800/2804]  base_lr: 5.0000e-04 lr: 5.0000e-04  eta: 0:49:37  time: 0.3141  data_time: 0.0018  memory: 7287  grad_norm: 3.4586  loss: 1.6640  loss_cls: 0.5355  loss_bbox: 0.4790  loss_centerness: 0.6495
2026/08/21 21:07:02 - mmengine - INFO - Epoch(train)  [9][1850/2804]  base_lr: 5.0000e-04 lr: 5.0000e-04  eta: 0:49:21  time: 0.3304  data_time: 0.0018  memory: 7036  grad_norm: 2.2963  loss: 1.5363  loss_cls: 0.4699  loss_bbox: 0.4264  loss_centerness: 0.6400
2026/08/21 21:07:17 - mmengine - INFO - Epoch(train)  [9][1900/2804]  base_lr: 5.0000e-04 lr: 5.0000e-04  eta: 0:49:05  time: 0.3118  data_time: 0.0018  memory: 7937  grad_norm: 2.6759  loss: 1.5275  loss_cls: 0.4309  loss_bbox: 0.4598  loss_centerness: 0.6368
2026/08/21 21:07:33 - mmengine - INFO - Epoch(train)  [9][1950/2804]  base_lr: 5.0000e-04 lr: 5.0000e-04  eta: 0:48:50  time: 0.3152  data_time: 0.0019  memory: 7103  grad_norm: 2.1572  loss: 1.3883  loss_cls: 0.3472  loss_bbox: 0.4051  loss_centerness: 0.6360
2026/08/21 21:07:49 - mmengine - INFO - Epoch(train)  [9][2000/2804]  base_lr: 5.0000e-04 lr: 5.0000e-04  eta: 0:48:34  time: 0.3130  data_time: 0.0018  memory: 10130  grad_norm: 2.5157  loss: 1.4406  loss_cls: 0.3830  loss_bbox: 0.4223  loss_centerness: 0.6353
2026/08/21 21:08:04 - mmengine - INFO - Epoch(train)  [9][2050/2804]  base_lr: 5.0000e-04 lr: 5.0000e-04  eta: 0:48:18  time: 0.3115  data_time: 0.0018  memory: 9110  grad_norm: 2.7586  loss: 1.4727  loss_cls: 0.4226  loss_bbox: 0.4178  loss_centerness: 0.6323
2026/08/21 21:08:20 - mmengine - INFO - Epoch(train)  [9][2100/2804]  base_lr: 5.0000e-04 lr: 5.0000e-04  eta: 0:48:02  time: 0.3113  data_time: 0.0018  memory: 7148  grad_norm: 2.5204  loss: 1.3361  loss_cls: 0.3078  loss_bbox: 0.4001  loss_centerness: 0.6283
2026/08/21 21:08:36 - mmengine - INFO - Epoch(train)  [9][2150/2804]  base_lr: 5.0000e-04 lr: 5.0000e-04  eta: 0:47:46  time: 0.3133  data_time: 0.0019  memory: 7228  grad_norm: 2.3303  loss: 1.4223  loss_cls: 0.3624  loss_bbox: 0.4253  loss_centerness: 0.6347
2026/08/21 21:08:52 - mmengine - INFO - Epoch(train)  [9][2200/2804]  base_lr: 5.0000e-04 lr: 5.0000e-04  eta: 0:47:30  time: 0.3135  data_time: 0.0019  memory: 7794  grad_norm: 3.1089  loss: 1.5695  loss_cls: 0.4746  loss_bbox: 0.4496  loss_centerness: 0.6453
2026/08/21 21:09:08 - mmengine - INFO - Epoch(train)  [9][2250/2804]  base_lr: 5.0000e-04 lr: 5.0000e-04  eta: 0:47:15  time: 0.3127  data_time: 0.0017  memory: 7343  grad_norm: 1.9113  loss: 1.4639  loss_cls: 0.4087  loss_bbox: 0.4187  loss_centerness: 0.6364
2026/08/21 21:09:23 - mmengine - INFO - Epoch(train)  [9][2300/2804]  base_lr: 5.0000e-04 lr: 5.0000e-04  eta: 0:46:59  time: 0.3126  data_time: 0.0018  memory: 7343  grad_norm: 1.8894  loss: 1.4569  loss_cls: 0.3831  loss_bbox: 0.4370  loss_centerness: 0.6369
2026/08/21 21:09:39 - mmengine - INFO - Epoch(train)  [9][2350/2804]  base_lr: 5.0000e-04 lr: 5.0000e-04  eta: 0:46:43  time: 0.3138  data_time: 0.0019  memory: 7714  grad_norm: 2.7219  loss: 1.5454  loss_cls: 0.4727  loss_bbox: 0.4376  loss_centerness: 0.6351
2026/08/21 21:09:55 - mmengine - INFO - Epoch(train)  [9][2400/2804]  base_lr: 5.0000e-04 lr: 5.0000e-04  eta: 0:46:27  time: 0.3154  data_time: 0.0022  memory: 8773  grad_norm: 2.1155  loss: 1.4647  loss_cls: 0.3952  loss_bbox: 0.4326  loss_centerness: 0.6368
2026/08/21 21:10:10 - mmengine - INFO - Epoch(train)  [9][2450/2804]  base_lr: 5.0000e-04 lr: 5.0000e-04  eta: 0:46:11  time: 0.3142  data_time: 0.0018  memory: 9043  grad_norm: 2.8616  loss: 1.4170  loss_cls: 0.3757  loss_bbox: 0.4105  loss_centerness: 0.6309
2026/08/21 21:10:26 - mmengine - INFO - Epoch(train)  [9][2500/2804]  base_lr: 5.0000e-04 lr: 5.0000e-04  eta: 0:45:55  time: 0.3121  data_time: 0.0017  memory: 7494  grad_norm: 2.3733  loss: 1.4122  loss_cls: 0.3685  loss_bbox: 0.4115  loss_centerness: 0.6323
2026/08/21 21:10:42 - mmengine - INFO - Epoch(train)  [9][2550/2804]  base_lr: 5.0000e-04 lr: 5.0000e-04  eta: 0:45:40  time: 0.3133  data_time: 0.0017  memory: 7082  grad_norm: 2.0174  loss: 1.5428  loss_cls: 0.4456  loss_bbox: 0.4559  loss_centerness: 0.6413
2026/08/21 21:10:47 - mmengine - INFO - Exp name: fcos_r50_fpn_p2p6_aitodv2_20260821_183100
2026/08/21 21:10:57 - mmengine - INFO - Epoch(train)  [9][2600/2804]  base_lr: 5.0000e-04 lr: 5.0000e-04  eta: 0:45:24  time: 0.3105  data_time: 0.0015  memory: 7781  grad_norm: 2.3398  loss: 1.5343  loss_cls: 0.4393  loss_bbox: 0.4550  loss_centerness: 0.6400
2026/08/21 21:11:13 - mmengine - INFO - Epoch(train)  [9][2650/2804]  base_lr: 5.0000e-04 lr: 5.0000e-04  eta: 0:45:08  time: 0.3116  data_time: 0.0018  memory: 7571  grad_norm: 3.1911  loss: 1.4924  loss_cls: 0.4496  loss_bbox: 0.4125  loss_centerness: 0.6303
2026/08/21 21:11:29 - mmengine - INFO - Epoch(train)  [9][2700/2804]  base_lr: 5.0000e-04 lr: 5.0000e-04  eta: 0:44:52  time: 0.3117  data_time: 0.0018  memory: 7127  grad_norm: 1.9799  loss: 1.4226  loss_cls: 0.3576  loss_bbox: 0.4316  loss_centerness: 0.6334
2026/08/21 21:11:44 - mmengine - INFO - Epoch(train)  [9][2750/2804]  base_lr: 5.0000e-04 lr: 5.0000e-04  eta: 0:44:36  time: 0.3118  data_time: 0.0017  memory: 8534  grad_norm: 2.9183  loss: 1.4420  loss_cls: 0.3931  loss_bbox: 0.4157  loss_centerness: 0.6332
2026/08/21 21:12:00 - mmengine - INFO - Epoch(train)  [9][2800/2804]  base_lr: 5.0000e-04 lr: 5.0000e-04  eta: 0:44:20  time: 0.3126  data_time: 0.0015  memory: 7697  grad_norm: 2.6199  loss: 1.5449  loss_cls: 0.4546  loss_bbox: 0.4494  loss_centerness: 0.6408
2026/08/21 21:12:01 - mmengine - INFO - Exp name: fcos_r50_fpn_p2p6_aitodv2_20260821_183100
2026/08/21 21:12:01 - mmengine - INFO - Saving checkpoint at 9 epochs
2026/08/21 21:12:18 - mmengine - INFO - Epoch(train) [10][  50/2804]  base_lr: 5.0000e-04 lr: 5.0000e-04  eta: 0:44:03  time: 0.3104  data_time: 0.0017  memory: 7861  grad_norm: 1.8743  loss: 1.4596  loss_cls: 0.3962  loss_bbox: 0.4252  loss_centerness: 0.6382
2026/08/21 21:12:34 - mmengine - INFO - Epoch(train) [10][ 100/2804]  base_lr: 5.0000e-04 lr: 5.0000e-04  eta: 0:43:47  time: 0.3157  data_time: 0.0020  memory: 6975  grad_norm: 2.2021  loss: 1.4714  loss_cls: 0.4063  loss_bbox: 0.4321  loss_centerness: 0.6330
2026/08/21 21:12:50 - mmengine - INFO - Epoch(train) [10][ 150/2804]  base_lr: 5.0000e-04 lr: 5.0000e-04  eta: 0:43:31  time: 0.3172  data_time: 0.0018  memory: 8534  grad_norm: 1.7076  loss: 1.3651  loss_cls: 0.3279  loss_bbox: 0.4072  loss_centerness: 0.6299
2026/08/21 21:13:05 - mmengine - INFO - Epoch(train) [10][ 200/2804]  base_lr: 5.0000e-04 lr: 5.0000e-04  eta: 0:43:16  time: 0.3114  data_time: 0.0017  memory: 7037  grad_norm: 2.5443  loss: 1.5903  loss_cls: 0.4339  loss_bbox: 0.5079  loss_centerness: 0.6486
2026/08/21 21:13:21 - mmengine - INFO - Epoch(train) [10][ 250/2804]  base_lr: 5.0000e-04 lr: 5.0000e-04  eta: 0:43:00  time: 0.3140  data_time: 0.0017  memory: 7363  grad_norm: 2.6811  loss: 1.4099  loss_cls: 0.3612  loss_bbox: 0.4133  loss_centerness: 0.6354
2026/08/21 21:13:37 - mmengine - INFO - Epoch(train) [10][ 300/2804]  base_lr: 5.0000e-04 lr: 5.0000e-04  eta: 0:42:44  time: 0.3132  data_time: 0.0018  memory: 8188  grad_norm: 2.5389  loss: 1.4548  loss_cls: 0.4222  loss_bbox: 0.4045  loss_centerness: 0.6281
2026/08/21 21:13:52 - mmengine - INFO - Epoch(train) [10][ 350/2804]  base_lr: 5.0000e-04 lr: 5.0000e-04  eta: 0:42:28  time: 0.3131  data_time: 0.0017  memory: 7642  grad_norm: 2.0869  loss: 1.4641  loss_cls: 0.3556  loss_bbox: 0.4625  loss_centerness: 0.6460
2026/08/21 21:14:08 - mmengine - INFO - Epoch(train) [10][ 400/2804]  base_lr: 5.0000e-04 lr: 5.0000e-04  eta: 0:42:12  time: 0.3213  data_time: 0.0018  memory: 7866  grad_norm: 1.8509  loss: 1.4138  loss_cls: 0.3553  loss_bbox: 0.4253  loss_centerness: 0.6332
2026/08/21 21:14:24 - mmengine - INFO - Epoch(train) [10][ 450/2804]  base_lr: 5.0000e-04 lr: 5.0000e-04  eta: 0:41:56  time: 0.3188  data_time: 0.0018  memory: 7345  grad_norm: 2.1002  loss: 1.4173  loss_cls: 0.3819  loss_bbox: 0.4031  loss_centerness: 0.6323
2026/08/21 21:14:40 - mmengine - INFO - Epoch(train) [10][ 500/2804]  base_lr: 5.0000e-04 lr: 5.0000e-04  eta: 0:41:41  time: 0.3154  data_time: 0.0019  memory: 7558  grad_norm: 2.5511  loss: 1.5506  loss_cls: 0.4615  loss_bbox: 0.4496  loss_centerness: 0.6395
2026/08/21 21:14:56 - mmengine - INFO - Epoch(train) [10][ 550/2804]  base_lr: 5.0000e-04 lr: 5.0000e-04  eta: 0:41:25  time: 0.3197  data_time: 0.0019  memory: 7087  grad_norm: 1.9958  loss: 1.3698  loss_cls: 0.3327  loss_bbox: 0.4052  loss_centerness: 0.6318
2026/08/21 21:15:11 - mmengine - INFO - Epoch(train) [10][ 600/2804]  base_lr: 5.0000e-04 lr: 5.0000e-04  eta: 0:41:09  time: 0.3152  data_time: 0.0019  memory: 9950  grad_norm: 2.2850  loss: 1.4035  loss_cls: 0.3330  loss_bbox: 0.4329  loss_centerness: 0.6377
2026/08/21 21:15:27 - mmengine - INFO - Epoch(train) [10][ 650/2804]  base_lr: 5.0000e-04 lr: 5.0000e-04  eta: 0:40:53  time: 0.3132  data_time: 0.0018  memory: 7129  grad_norm: 3.1269  loss: 1.4708  loss_cls: 0.3980  loss_bbox: 0.4353  loss_centerness: 0.6375
2026/08/21 21:15:43 - mmengine - INFO - Epoch(train) [10][ 700/2804]  base_lr: 5.0000e-04 lr: 5.0000e-04  eta: 0:40:37  time: 0.3136  data_time: 0.0018  memory: 7463  grad_norm: 1.9018  loss: 1.4264  loss_cls: 0.3657  loss_bbox: 0.4230  loss_centerness: 0.6376
2026/08/21 21:15:59 - mmengine - INFO - Epoch(train) [10][ 750/2804]  base_lr: 5.0000e-04 lr: 5.0000e-04  eta: 0:40:21  time: 0.3156  data_time: 0.0018  memory: 7463  grad_norm: 2.7311  loss: 1.3798  loss_cls: 0.3297  loss_bbox: 0.4160  loss_centerness: 0.6341
2026/08/21 21:16:03 - mmengine - INFO - Exp name: fcos_r50_fpn_p2p6_aitodv2_20260821_183100
2026/08/21 21:16:14 - mmengine - INFO - Epoch(train) [10][ 800/2804]  base_lr: 5.0000e-04 lr: 5.0000e-04  eta: 0:40:06  time: 0.3166  data_time: 0.0020  memory: 7006  grad_norm: 1.6644  loss: 1.2812  loss_cls: 0.2999  loss_bbox: 0.3570  loss_centerness: 0.6243
2026/08/21 21:16:30 - mmengine - INFO - Epoch(train) [10][ 850/2804]  base_lr: 5.0000e-04 lr: 5.0000e-04  eta: 0:39:50  time: 0.3166  data_time: 0.0018  memory: 8116  grad_norm: 2.2041  loss: 1.3189  loss_cls: 0.2974  loss_bbox: 0.3954  loss_centerness: 0.6262
2026/08/21 21:16:46 - mmengine - INFO - Epoch(train) [10][ 900/2804]  base_lr: 5.0000e-04 lr: 5.0000e-04  eta: 0:39:34  time: 0.3152  data_time: 0.0021  memory: 7193  grad_norm: 2.6648  loss: 1.4450  loss_cls: 0.4209  loss_bbox: 0.3924  loss_centerness: 0.6317
2026/08/21 21:17:02 - mmengine - INFO - Epoch(train) [10][ 950/2804]  base_lr: 5.0000e-04 lr: 5.0000e-04  eta: 0:39:18  time: 0.3131  data_time: 0.0017  memory: 9804  grad_norm: 2.6679  loss: 1.4415  loss_cls: 0.3736  loss_bbox: 0.4265  loss_centerness: 0.6415
2026/08/21 21:17:17 - mmengine - INFO - Epoch(train) [10][1000/2804]  base_lr: 5.0000e-04 lr: 5.0000e-04  eta: 0:39:02  time: 0.3128  data_time: 0.0021  memory: 7236  grad_norm: 2.1518  loss: 1.3604  loss_cls: 0.3279  loss_bbox: 0.4022  loss_centerness: 0.6303
2026/08/21 21:17:33 - mmengine - INFO - Epoch(train) [10][1050/2804]  base_lr: 5.0000e-04 lr: 5.0000e-04  eta: 0:38:46  time: 0.3132  data_time: 0.0019  memory: 7941  grad_norm: 1.9610  loss: 1.4740  loss_cls: 0.3809  loss_bbox: 0.4509  loss_centerness: 0.6422
2026/08/21 21:17:49 - mmengine - INFO - Epoch(train) [10][1100/2804]  base_lr: 5.0000e-04 lr: 5.0000e-04  eta: 0:38:31  time: 0.3131  data_time: 0.0020  memory: 8769  grad_norm: 2.4054  loss: 1.3954  loss_cls: 0.3714  loss_bbox: 0.3922  loss_centerness: 0.6319
2026/08/21 21:18:04 - mmengine - INFO - Epoch(train) [10][1150/2804]  base_lr: 5.0000e-04 lr: 5.0000e-04  eta: 0:38:15  time: 0.3128  data_time: 0.0019  memory: 7032  grad_norm: 2.0053  loss: 1.3826  loss_cls: 0.3432  loss_bbox: 0.4054  loss_centerness: 0.6339
2026/08/21 21:18:20 - mmengine - INFO - Epoch(train) [10][1200/2804]  base_lr: 5.0000e-04 lr: 5.0000e-04  eta: 0:37:59  time: 0.3147  data_time: 0.0019  memory: 6994  grad_norm: 2.4306  loss: 1.4571  loss_cls: 0.3920  loss_bbox: 0.4180  loss_centerness: 0.6471
2026/08/21 21:18:36 - mmengine - INFO - Epoch(train) [10][1250/2804]  base_lr: 5.0000e-04 lr: 5.0000e-04  eta: 0:37:43  time: 0.3120  data_time: 0.0017  memory: 7256  grad_norm: 2.9827  loss: 1.3922  loss_cls: 0.3906  loss_bbox: 0.3783  loss_centerness: 0.6233
2026/08/21 21:18:51 - mmengine - INFO - Epoch(train) [10][1300/2804]  base_lr: 5.0000e-04 lr: 5.0000e-04  eta: 0:37:27  time: 0.3138  data_time: 0.0017  memory: 9113  grad_norm: 2.2722  loss: 1.4129  loss_cls: 0.3390  loss_bbox: 0.4391  loss_centerness: 0.6348
2026/08/21 21:19:07 - mmengine - INFO - Epoch(train) [10][1350/2804]  base_lr: 5.0000e-04 lr: 5.0000e-04  eta: 0:37:11  time: 0.3139  data_time: 0.0018  memory: 7711  grad_norm: 2.1230  loss: 1.3848  loss_cls: 0.3465  loss_bbox: 0.4095  loss_centerness: 0.6287
2026/08/21 21:19:23 - mmengine - INFO - Epoch(train) [10][1400/2804]  base_lr: 5.0000e-04 lr: 5.0000e-04  eta: 0:36:56  time: 0.3138  data_time: 0.0018  memory: 7304  grad_norm: 2.9463  loss: 1.4291  loss_cls: 0.3458  loss_bbox: 0.4419  loss_centerness: 0.6414
2026/08/21 21:19:39 - mmengine - INFO - Epoch(train) [10][1450/2804]  base_lr: 5.0000e-04 lr: 5.0000e-04  eta: 0:36:40  time: 0.3131  data_time: 0.0017  memory: 7871  grad_norm: 3.1792  loss: 1.5041  loss_cls: 0.4593  loss_bbox: 0.4094  loss_centerness: 0.6354
2026/08/21 21:19:54 - mmengine - INFO - Epoch(train) [10][1500/2804]  base_lr: 5.0000e-04 lr: 5.0000e-04  eta: 0:36:24  time: 0.3136  data_time: 0.0019  memory: 7571  grad_norm: 3.7344  loss: 1.4787  loss_cls: 0.4008  loss_bbox: 0.4383  loss_centerness: 0.6397
2026/08/21 21:20:10 - mmengine - INFO - Epoch(train) [10][1550/2804]  base_lr: 5.0000e-04 lr: 5.0000e-04  eta: 0:36:08  time: 0.3153  data_time: 0.0020  memory: 7505  grad_norm: 3.0289  loss: 1.5429  loss_cls: 0.4418  loss_bbox: 0.4672  loss_centerness: 0.6339
2026/08/21 21:20:26 - mmengine - INFO - Epoch(train) [10][1600/2804]  base_lr: 5.0000e-04 lr: 5.0000e-04  eta: 0:35:52  time: 0.3122  data_time: 0.0018  memory: 9062  grad_norm: 2.0772  loss: 1.3612  loss_cls: 0.3145  loss_bbox: 0.4095  loss_centerness: 0.6372
2026/08/21 21:20:42 - mmengine - INFO - Epoch(train) [10][1650/2804]  base_lr: 5.0000e-04 lr: 5.0000e-04  eta: 0:35:37  time: 0.3141  data_time: 0.0018  memory: 9043  grad_norm: 2.2319  loss: 1.4219  loss_cls: 0.3565  loss_bbox: 0.4279  loss_centerness: 0.6375
2026/08/21 21:20:57 - mmengine - INFO - Epoch(train) [10][1700/2804]  base_lr: 5.0000e-04 lr: 5.0000e-04  eta: 0:35:21  time: 0.3150  data_time: 0.0019  memory: 7891  grad_norm: 2.1115  loss: 1.4362  loss_cls: 0.3710  loss_bbox: 0.4280  loss_centerness: 0.6372
2026/08/21 21:21:13 - mmengine - INFO - Epoch(train) [10][1750/2804]  base_lr: 5.0000e-04 lr: 5.0000e-04  eta: 0:35:05  time: 0.3136  data_time: 0.0019  memory: 7817  grad_norm: 3.1401  loss: 1.4786  loss_cls: 0.4222  loss_bbox: 0.4162  loss_centerness: 0.6402
2026/08/21 21:21:17 - mmengine - INFO - Exp name: fcos_r50_fpn_p2p6_aitodv2_20260821_183100
2026/08/21 21:21:29 - mmengine - INFO - Epoch(train) [10][1800/2804]  base_lr: 5.0000e-04 lr: 5.0000e-04  eta: 0:34:49  time: 0.3176  data_time: 0.0021  memory: 6924  grad_norm: 2.5988  loss: 1.4567  loss_cls: 0.4099  loss_bbox: 0.4088  loss_centerness: 0.6381
2026/08/21 21:21:44 - mmengine - INFO - Epoch(train) [10][1850/2804]  base_lr: 5.0000e-04 lr: 5.0000e-04  eta: 0:34:33  time: 0.3118  data_time: 0.0020  memory: 7784  grad_norm: 3.0812  loss: 1.4354  loss_cls: 0.3660  loss_bbox: 0.4269  loss_centerness: 0.6426
2026/08/21 21:22:00 - mmengine - INFO - Epoch(train) [10][1900/2804]  base_lr: 5.0000e-04 lr: 5.0000e-04  eta: 0:34:17  time: 0.3113  data_time: 0.0017  memory: 9714  grad_norm: 2.5609  loss: 1.4891  loss_cls: 0.4155  loss_bbox: 0.4386  loss_centerness: 0.6350
2026/08/21 21:22:16 - mmengine - INFO - Epoch(train) [10][1950/2804]  base_lr: 5.0000e-04 lr: 5.0000e-04  eta: 0:34:02  time: 0.3117  data_time: 0.0017  memory: 7493  grad_norm: 3.9389  loss: 1.5441  loss_cls: 0.4585  loss_bbox: 0.4473  loss_centerness: 0.6382
2026/08/21 21:22:32 - mmengine - INFO - Epoch(train) [10][2000/2804]  base_lr: 5.0000e-04 lr: 5.0000e-04  eta: 0:33:46  time: 0.3121  data_time: 0.0018  memory: 7541  grad_norm: 3.3154  loss: 1.4943  loss_cls: 0.4467  loss_bbox: 0.4076  loss_centerness: 0.6400
2026/08/21 21:22:47 - mmengine - INFO - Epoch(train) [10][2050/2804]  base_lr: 5.0000e-04 lr: 5.0000e-04  eta: 0:33:30  time: 0.3141  data_time: 0.0022  memory: 7263  grad_norm: 2.0184  loss: 1.4178  loss_cls: 0.3640  loss_bbox: 0.4180  loss_centerness: 0.6358
2026/08/21 21:23:03 - mmengine - INFO - Epoch(train) [10][2100/2804]  base_lr: 5.0000e-04 lr: 5.0000e-04  eta: 0:33:14  time: 0.3143  data_time: 0.0018  memory: 10130  grad_norm: 2.4802  loss: 1.4521  loss_cls: 0.3847  loss_bbox: 0.4318  loss_centerness: 0.6356
2026/08/21 21:23:19 - mmengine - INFO - Epoch(train) [10][2150/2804]  base_lr: 5.0000e-04 lr: 5.0000e-04  eta: 0:32:58  time: 0.3127  data_time: 0.0016  memory: 7977  grad_norm: 2.1009  loss: 1.4137  loss_cls: 0.3661  loss_bbox: 0.4147  loss_centerness: 0.6329
2026/08/21 21:23:34 - mmengine - INFO - Epoch(train) [10][2200/2804]  base_lr: 5.0000e-04 lr: 5.0000e-04  eta: 0:32:42  time: 0.3158  data_time: 0.0018  memory: 10694  grad_norm: 2.9529  loss: 1.4592  loss_cls: 0.4133  loss_bbox: 0.4112  loss_centerness: 0.6346
2026/08/21 21:23:50 - mmengine - INFO - Epoch(train) [10][2250/2804]  base_lr: 5.0000e-04 lr: 5.0000e-04  eta: 0:32:27  time: 0.3107  data_time: 0.0015  memory: 7537  grad_norm: 2.3384  loss: 1.3739  loss_cls: 0.3264  loss_bbox: 0.4102  loss_centerness: 0.6373
2026/08/21 21:24:05 - mmengine - INFO - Epoch(train) [10][2300/2804]  base_lr: 5.0000e-04 lr: 5.0000e-04  eta: 0:32:11  time: 0.3119  data_time: 0.0018  memory: 7001  grad_norm: 2.5025  loss: 1.3780  loss_cls: 0.3429  loss_bbox: 0.3979  loss_centerness: 0.6372
2026/08/21 21:24:21 - mmengine - INFO - Epoch(train) [10][2350/2804]  base_lr: 5.0000e-04 lr: 5.0000e-04  eta: 0:31:55  time: 0.3132  data_time: 0.0017  memory: 7342  grad_norm: 2.1877  loss: 1.5043  loss_cls: 0.4310  loss_bbox: 0.4342  loss_centerness: 0.6392
2026/08/21 21:24:37 - mmengine - INFO - Epoch(train) [10][2400/2804]  base_lr: 5.0000e-04 lr: 5.0000e-04  eta: 0:31:39  time: 0.3114  data_time: 0.0016  memory: 9108  grad_norm: 3.0450  loss: 1.4735  loss_cls: 0.4188  loss_bbox: 0.4182  loss_centerness: 0.6365
2026/08/21 21:24:52 - mmengine - INFO - Epoch(train) [10][2450/2804]  base_lr: 5.0000e-04 lr: 5.0000e-04  eta: 0:31:23  time: 0.3148  data_time: 0.0019  memory: 7560  grad_norm: 2.9917  loss: 1.4274  loss_cls: 0.3566  loss_bbox: 0.4321  loss_centerness: 0.6388
2026/08/21 21:25:08 - mmengine - INFO - Epoch(train) [10][2500/2804]  base_lr: 5.0000e-04 lr: 5.0000e-04  eta: 0:31:07  time: 0.3126  data_time: 0.0017  memory: 7091  grad_norm: 2.2844  loss: 1.3720  loss_cls: 0.3365  loss_bbox: 0.4026  loss_centerness: 0.6329
2026/08/21 21:25:24 - mmengine - INFO - Epoch(train) [10][2550/2804]  base_lr: 5.0000e-04 lr: 5.0000e-04  eta: 0:30:52  time: 0.3187  data_time: 0.0022  memory: 6905  grad_norm: 3.5965  loss: 1.4437  loss_cls: 0.3929  loss_bbox: 0.4206  loss_centerness: 0.6302
2026/08/21 21:25:40 - mmengine - INFO - Epoch(train) [10][2600/2804]  base_lr: 5.0000e-04 lr: 5.0000e-04  eta: 0:30:36  time: 0.3096  data_time: 0.0019  memory: 9048  grad_norm: 2.4166  loss: 1.4222  loss_cls: 0.3670  loss_bbox: 0.4187  loss_centerness: 0.6365
2026/08/21 21:25:56 - mmengine - INFO - Epoch(train) [10][2650/2804]  base_lr: 5.0000e-04 lr: 5.0000e-04  eta: 0:30:20  time: 0.3136  data_time: 0.0019  memory: 7028  grad_norm: 2.2052  loss: 1.4160  loss_cls: 0.3691  loss_bbox: 0.4126  loss_centerness: 0.6344
2026/08/21 21:26:11 - mmengine - INFO - Epoch(train) [10][2700/2804]  base_lr: 5.0000e-04 lr: 5.0000e-04  eta: 0:30:04  time: 0.3217  data_time: 0.0018  memory: 7199  grad_norm: 2.1228  loss: 1.3993  loss_cls: 0.3576  loss_bbox: 0.4079  loss_centerness: 0.6338
2026/08/21 21:26:27 - mmengine - INFO - Epoch(train) [10][2750/2804]  base_lr: 5.0000e-04 lr: 5.0000e-04  eta: 0:29:49  time: 0.3265  data_time: 0.0015  memory: 7361  grad_norm: 3.6583  loss: 1.5268  loss_cls: 0.4612  loss_bbox: 0.4256  loss_centerness: 0.6401
2026/08/21 21:26:32 - mmengine - INFO - Exp name: fcos_r50_fpn_p2p6_aitodv2_20260821_183100
2026/08/21 21:26:43 - mmengine - INFO - Epoch(train) [10][2800/2804]  base_lr: 5.0000e-04 lr: 5.0000e-04  eta: 0:29:33  time: 0.3077  data_time: 0.0012  memory: 7416  grad_norm: 2.9989  loss: 1.3925  loss_cls: 0.3774  loss_bbox: 0.3839  loss_centerness: 0.6313
2026/08/21 21:26:44 - mmengine - INFO - Exp name: fcos_r50_fpn_p2p6_aitodv2_20260821_183100
2026/08/21 21:26:44 - mmengine - INFO - Saving checkpoint at 10 epochs
2026/08/21 21:27:01 - mmengine - INFO - Epoch(train) [11][  50/2804]  base_lr: 5.0000e-04 lr: 5.0000e-04  eta: 0:29:15  time: 0.2883  data_time: 0.0015  memory: 6981  grad_norm: 2.5573  loss: 1.3613  loss_cls: 0.3180  loss_bbox: 0.4117  loss_centerness: 0.6316
2026/08/21 21:27:15 - mmengine - INFO - Epoch(train) [11][ 100/2804]  base_lr: 5.0000e-04 lr: 5.0000e-04  eta: 0:28:59  time: 0.2927  data_time: 0.0017  memory: 7493  grad_norm: 2.2492  loss: 1.3779  loss_cls: 0.3252  loss_bbox: 0.4159  loss_centerness: 0.6368
2026/08/21 21:27:30 - mmengine - INFO - Epoch(train) [11][ 150/2804]  base_lr: 5.0000e-04 lr: 5.0000e-04  eta: 0:28:43  time: 0.3115  data_time: 0.0018  memory: 7193  grad_norm: 2.5603  loss: 1.4247  loss_cls: 0.3763  loss_bbox: 0.4080  loss_centerness: 0.6404
2026/08/21 21:27:46 - mmengine - INFO - Epoch(train) [11][ 200/2804]  base_lr: 5.0000e-04 lr: 5.0000e-04  eta: 0:28:28  time: 0.3162  data_time: 0.0019  memory: 7979  grad_norm: 2.6369  loss: 1.4108  loss_cls: 0.3609  loss_bbox: 0.4132  loss_centerness: 0.6367
2026/08/21 21:28:02 - mmengine - INFO - Epoch(train) [11][ 250/2804]  base_lr: 5.0000e-04 lr: 5.0000e-04  eta: 0:28:12  time: 0.3120  data_time: 0.0018  memory: 7416  grad_norm: 3.5750  loss: 1.5035  loss_cls: 0.4194  loss_bbox: 0.4378  loss_centerness: 0.6463
2026/08/21 21:28:17 - mmengine - INFO - Epoch(train) [11][ 300/2804]  base_lr: 5.0000e-04 lr: 5.0000e-04  eta: 0:27:56  time: 0.3113  data_time: 0.0019  memory: 8117  grad_norm: 2.8084  loss: 1.4694  loss_cls: 0.4200  loss_bbox: 0.4116  loss_centerness: 0.6379
2026/08/21 21:28:33 - mmengine - INFO - Epoch(train) [11][ 350/2804]  base_lr: 5.0000e-04 lr: 5.0000e-04  eta: 0:27:40  time: 0.3195  data_time: 0.0020  memory: 7341  grad_norm: 2.3021  loss: 1.4643  loss_cls: 0.3860  loss_bbox: 0.4394  loss_centerness: 0.6389
2026/08/21 21:28:49 - mmengine - INFO - Epoch(train) [11][ 400/2804]  base_lr: 5.0000e-04 lr: 5.0000e-04  eta: 0:27:24  time: 0.3120  data_time: 0.0017  memory: 7631  grad_norm: 2.2029  loss: 1.5096  loss_cls: 0.4132  loss_bbox: 0.4528  loss_centerness: 0.6436
2026/08/21 21:29:04 - mmengine - INFO - Epoch(train) [11][ 450/2804]  base_lr: 5.0000e-04 lr: 5.0000e-04  eta: 0:27:09  time: 0.3148  data_time: 0.0019  memory: 8772  grad_norm: 2.2848  loss: 1.3905  loss_cls: 0.3392  loss_bbox: 0.4196  loss_centerness: 0.6317
2026/08/21 21:29:20 - mmengine - INFO - Epoch(train) [11][ 500/2804]  base_lr: 5.0000e-04 lr: 5.0000e-04  eta: 0:26:53  time: 0.3116  data_time: 0.0019  memory: 9633  grad_norm: 2.7769  loss: 1.3601  loss_cls: 0.3228  loss_bbox: 0.4092  loss_centerness: 0.6280
2026/08/21 21:29:36 - mmengine - INFO - Epoch(train) [11][ 550/2804]  base_lr: 5.0000e-04 lr: 5.0000e-04  eta: 0:26:37  time: 0.3147  data_time: 0.0019  memory: 9714  grad_norm: 2.5199  loss: 1.3771  loss_cls: 0.3422  loss_bbox: 0.4024  loss_centerness: 0.6325
2026/08/21 21:29:52 - mmengine - INFO - Epoch(train) [11][ 600/2804]  base_lr: 5.0000e-04 lr: 5.0000e-04  eta: 0:26:21  time: 0.3174  data_time: 0.0021  memory: 6949  grad_norm: 2.7511  loss: 1.4424  loss_cls: 0.3954  loss_bbox: 0.4124  loss_centerness: 0.6345
2026/08/21 21:30:07 - mmengine - INFO - Epoch(train) [11][ 650/2804]  base_lr: 5.0000e-04 lr: 5.0000e-04  eta: 0:26:05  time: 0.3132  data_time: 0.0017  memory: 7574  grad_norm: 2.3042  loss: 1.4229  loss_cls: 0.3724  loss_bbox: 0.4163  loss_centerness: 0.6342
2026/08/21 21:30:23 - mmengine - INFO - Epoch(train) [11][ 700/2804]  base_lr: 5.0000e-04 lr: 5.0000e-04  eta: 0:25:50  time: 0.3127  data_time: 0.0018  memory: 7048  grad_norm: 3.2053  loss: 1.4732  loss_cls: 0.4067  loss_bbox: 0.4297  loss_centerness: 0.6368
2026/08/21 21:30:39 - mmengine - INFO - Epoch(train) [11][ 750/2804]  base_lr: 5.0000e-04 lr: 5.0000e-04  eta: 0:25:34  time: 0.3127  data_time: 0.0018  memory: 7785  grad_norm: 2.3574  loss: 1.3456  loss_cls: 0.3140  loss_bbox: 0.4028  loss_centerness: 0.6288
2026/08/21 21:30:54 - mmengine - INFO - Epoch(train) [11][ 800/2804]  base_lr: 5.0000e-04 lr: 5.0000e-04  eta: 0:25:18  time: 0.3135  data_time: 0.0019  memory: 9113  grad_norm: 2.0191  loss: 1.3742  loss_cls: 0.3460  loss_bbox: 0.3980  loss_centerness: 0.6302
2026/08/21 21:31:10 - mmengine - INFO - Epoch(train) [11][ 850/2804]  base_lr: 5.0000e-04 lr: 5.0000e-04  eta: 0:25:02  time: 0.3144  data_time: 0.0018  memory: 7045  grad_norm: 2.3024  loss: 1.3717  loss_cls: 0.3117  loss_bbox: 0.4206  loss_centerness: 0.6394
2026/08/21 21:31:26 - mmengine - INFO - Epoch(train) [11][ 900/2804]  base_lr: 5.0000e-04 lr: 5.0000e-04  eta: 0:24:46  time: 0.3136  data_time: 0.0018  memory: 9803  grad_norm: 3.3462  loss: 1.4015  loss_cls: 0.3694  loss_bbox: 0.3980  loss_centerness: 0.6342
2026/08/21 21:31:41 - mmengine - INFO - Epoch(train) [11][ 950/2804]  base_lr: 5.0000e-04 lr: 5.0000e-04  eta: 0:24:31  time: 0.3150  data_time: 0.0018  memory: 7894  grad_norm: 2.2849  loss: 1.3860  loss_cls: 0.3260  loss_bbox: 0.4189  loss_centerness: 0.6411
2026/08/21 21:31:45 - mmengine - INFO - Exp name: fcos_r50_fpn_p2p6_aitodv2_20260821_183100
2026/08/21 21:31:57 - mmengine - INFO - Epoch(train) [11][1000/2804]  base_lr: 5.0000e-04 lr: 5.0000e-04  eta: 0:24:15  time: 0.3128  data_time: 0.0016  memory: 6997  grad_norm: 2.6749  loss: 1.4398  loss_cls: 0.3768  loss_bbox: 0.4251  loss_centerness: 0.6379
2026/08/21 21:32:13 - mmengine - INFO - Epoch(train) [11][1050/2804]  base_lr: 5.0000e-04 lr: 5.0000e-04  eta: 0:23:59  time: 0.3113  data_time: 0.0017  memory: 7783  grad_norm: 2.5060  loss: 1.4091  loss_cls: 0.3589  loss_bbox: 0.4147  loss_centerness: 0.6355
2026/08/21 21:32:28 - mmengine - INFO - Epoch(train) [11][1100/2804]  base_lr: 5.0000e-04 lr: 5.0000e-04  eta: 0:23:43  time: 0.3123  data_time: 0.0018  memory: 7865  grad_norm: 3.2391  loss: 1.4650  loss_cls: 0.4045  loss_bbox: 0.4310  loss_centerness: 0.6295
2026/08/21 21:32:44 - mmengine - INFO - Epoch(train) [11][1150/2804]  base_lr: 5.0000e-04 lr: 5.0000e-04  eta: 0:23:27  time: 0.3131  data_time: 0.0018  memory: 9064  grad_norm: 2.3166  loss: 1.4371  loss_cls: 0.3604  loss_bbox: 0.4347  loss_centerness: 0.6420
2026/08/21 21:33:00 - mmengine - INFO - Epoch(train) [11][1200/2804]  base_lr: 5.0000e-04 lr: 5.0000e-04  eta: 0:23:11  time: 0.3133  data_time: 0.0016  memory: 7334  grad_norm: 2.2939  loss: 1.3999  loss_cls: 0.3646  loss_bbox: 0.4031  loss_centerness: 0.6323
2026/08/21 21:33:15 - mmengine - INFO - Epoch(train) [11][1250/2804]  base_lr: 5.0000e-04 lr: 5.0000e-04  eta: 0:22:56  time: 0.3108  data_time: 0.0017  memory: 6974  grad_norm: 2.6967  loss: 1.3800  loss_cls: 0.3403  loss_bbox: 0.4107  loss_centerness: 0.6290
2026/08/21 21:33:31 - mmengine - INFO - Epoch(train) [11][1300/2804]  base_lr: 5.0000e-04 lr: 5.0000e-04  eta: 0:22:40  time: 0.3155  data_time: 0.0019  memory: 7556  grad_norm: 3.1599  loss: 1.5432  loss_cls: 0.4360  loss_bbox: 0.4629  loss_centerness: 0.6443
2026/08/21 21:33:47 - mmengine - INFO - Epoch(train) [11][1350/2804]  base_lr: 5.0000e-04 lr: 5.0000e-04  eta: 0:22:24  time: 0.3116  data_time: 0.0018  memory: 7322  grad_norm: 2.1365  loss: 1.3376  loss_cls: 0.3010  loss_bbox: 0.3974  loss_centerness: 0.6392
2026/08/21 21:34:03 - mmengine - INFO - Epoch(train) [11][1400/2804]  base_lr: 5.0000e-04 lr: 5.0000e-04  eta: 0:22:08  time: 0.3124  data_time: 0.0017  memory: 7040  grad_norm: 2.9650  loss: 1.3300  loss_cls: 0.3278  loss_bbox: 0.3777  loss_centerness: 0.6245
2026/08/21 21:34:18 - mmengine - INFO - Epoch(train) [11][1450/2804]  base_lr: 5.0000e-04 lr: 5.0000e-04  eta: 0:21:52  time: 0.3120  data_time: 0.0017  memory: 6977  grad_norm: 5.1527  loss: 1.6173  loss_cls: 0.5777  loss_bbox: 0.4058  loss_centerness: 0.6337
2026/08/21 21:34:34 - mmengine - INFO - Epoch(train) [11][1500/2804]  base_lr: 5.0000e-04 lr: 5.0000e-04  eta: 0:21:37  time: 0.3107  data_time: 0.0017  memory: 7265  grad_norm: 3.2437  loss: 1.4455  loss_cls: 0.4035  loss_bbox: 0.4095  loss_centerness: 0.6325
2026/08/21 21:34:49 - mmengine - INFO - Epoch(train) [11][1550/2804]  base_lr: 5.0000e-04 lr: 5.0000e-04  eta: 0:21:21  time: 0.3106  data_time: 0.0015  memory: 7492  grad_norm: 2.0868  loss: 1.3877  loss_cls: 0.3190  loss_bbox: 0.4373  loss_centerness: 0.6314
2026/08/21 21:35:05 - mmengine - INFO - Epoch(train) [11][1600/2804]  base_lr: 5.0000e-04 lr: 5.0000e-04  eta: 0:21:05  time: 0.3109  data_time: 0.0017  memory: 8531  grad_norm: 2.8217  loss: 1.3938  loss_cls: 0.3488  loss_bbox: 0.4121  loss_centerness: 0.6328
2026/08/21 21:35:21 - mmengine - INFO - Epoch(train) [11][1650/2804]  base_lr: 5.0000e-04 lr: 5.0000e-04  eta: 0:20:49  time: 0.3222  data_time: 0.0019  memory: 10697  grad_norm: 2.7915  loss: 1.3892  loss_cls: 0.3485  loss_bbox: 0.4075  loss_centerness: 0.6331
2026/08/21 21:35:36 - mmengine - INFO - Epoch(train) [11][1700/2804]  base_lr: 5.0000e-04 lr: 5.0000e-04  eta: 0:20:33  time: 0.3123  data_time: 0.0016  memory: 7494  grad_norm: 3.7496  loss: 1.5852  loss_cls: 0.4978  loss_bbox: 0.4427  loss_centerness: 0.6446
2026/08/21 21:35:52 - mmengine - INFO - Epoch(train) [11][1750/2804]  base_lr: 5.0000e-04 lr: 5.0000e-04  eta: 0:20:18  time: 0.3125  data_time: 0.0017  memory: 7131  grad_norm: 2.4046  loss: 1.4208  loss_cls: 0.3596  loss_bbox: 0.4275  loss_centerness: 0.6337
2026/08/21 21:36:07 - mmengine - INFO - Epoch(train) [11][1800/2804]  base_lr: 5.0000e-04 lr: 5.0000e-04  eta: 0:20:02  time: 0.3106  data_time: 0.0020  memory: 7228  grad_norm: 2.1373  loss: 1.3275  loss_cls: 0.3095  loss_bbox: 0.3887  loss_centerness: 0.6294
2026/08/21 21:36:23 - mmengine - INFO - Epoch(train) [11][1850/2804]  base_lr: 5.0000e-04 lr: 5.0000e-04  eta: 0:19:46  time: 0.3132  data_time: 0.0017  memory: 7149  grad_norm: 3.2073  loss: 1.4627  loss_cls: 0.3779  loss_bbox: 0.4438  loss_centerness: 0.6410
2026/08/21 21:36:39 - mmengine - INFO - Epoch(train) [11][1900/2804]  base_lr: 5.0000e-04 lr: 5.0000e-04  eta: 0:19:30  time: 0.3103  data_time: 0.0016  memory: 8479  grad_norm: 2.6358  loss: 1.3750  loss_cls: 0.3412  loss_bbox: 0.4043  loss_centerness: 0.6294
2026/08/21 21:36:54 - mmengine - INFO - Epoch(train) [11][1950/2804]  base_lr: 5.0000e-04 lr: 5.0000e-04  eta: 0:19:14  time: 0.3140  data_time: 0.0018  memory: 6975  grad_norm: 2.7740  loss: 1.3319  loss_cls: 0.3129  loss_bbox: 0.3857  loss_centerness: 0.6333
2026/08/21 21:36:57 - mmengine - INFO - Exp name: fcos_r50_fpn_p2p6_aitodv2_20260821_183100
2026/08/21 21:37:10 - mmengine - INFO - Epoch(train) [11][2000/2804]  base_lr: 5.0000e-04 lr: 5.0000e-04  eta: 0:18:59  time: 0.3123  data_time: 0.0017  memory: 7105  grad_norm: 1.7803  loss: 1.3150  loss_cls: 0.2910  loss_bbox: 0.3902  loss_centerness: 0.6337
2026/08/21 21:37:26 - mmengine - INFO - Epoch(train) [11][2050/2804]  base_lr: 5.0000e-04 lr: 5.0000e-04  eta: 0:18:43  time: 0.3144  data_time: 0.0019  memory: 7563  grad_norm: 2.2578  loss: 1.3826  loss_cls: 0.3368  loss_bbox: 0.4091  loss_centerness: 0.6367
2026/08/21 21:37:41 - mmengine - INFO - Epoch(train) [11][2100/2804]  base_lr: 5.0000e-04 lr: 5.0000e-04  eta: 0:18:27  time: 0.3119  data_time: 0.0017  memory: 9047  grad_norm: 3.0255  loss: 1.3587  loss_cls: 0.3279  loss_bbox: 0.3963  loss_centerness: 0.6346
2026/08/21 21:37:57 - mmengine - INFO - Epoch(train) [11][2150/2804]  base_lr: 5.0000e-04 lr: 5.0000e-04  eta: 0:18:11  time: 0.3151  data_time: 0.0019  memory: 9043  grad_norm: 2.6432  loss: 1.4598  loss_cls: 0.3870  loss_bbox: 0.4372  loss_centerness: 0.6355
2026/08/21 21:38:13 - mmengine - INFO - Epoch(train) [11][2200/2804]  base_lr: 5.0000e-04 lr: 5.0000e-04  eta: 0:17:55  time: 0.3120  data_time: 0.0016  memory: 7043  grad_norm: 2.4567  loss: 1.4612  loss_cls: 0.4021  loss_bbox: 0.4228  loss_centerness: 0.6363
2026/08/21 21:38:28 - mmengine - INFO - Epoch(train) [11][2250/2804]  base_lr: 5.0000e-04 lr: 5.0000e-04  eta: 0:17:40  time: 0.3174  data_time: 0.0022  memory: 7117  grad_norm: 2.2660  loss: 1.3851  loss_cls: 0.3349  loss_bbox: 0.4135  loss_centerness: 0.6367
2026/08/21 21:38:44 - mmengine - INFO - Epoch(train) [11][2300/2804]  base_lr: 5.0000e-04 lr: 5.0000e-04  eta: 0:17:24  time: 0.3145  data_time: 0.0018  memory: 7874  grad_norm: 2.5023  loss: 1.4556  loss_cls: 0.3957  loss_bbox: 0.4207  loss_centerness: 0.6391
2026/08/21 21:39:00 - mmengine - INFO - Epoch(train) [11][2350/2804]  base_lr: 5.0000e-04 lr: 5.0000e-04  eta: 0:17:08  time: 0.3146  data_time: 0.0019  memory: 7406  grad_norm: 2.8730  loss: 1.4333  loss_cls: 0.3724  loss_bbox: 0.4268  loss_centerness: 0.6341
2026/08/21 21:39:16 - mmengine - INFO - Epoch(train) [11][2400/2804]  base_lr: 5.0000e-04 lr: 5.0000e-04  eta: 0:16:52  time: 0.3132  data_time: 0.0020  memory: 10127  grad_norm: 2.3662  loss: 1.3669  loss_cls: 0.3087  loss_bbox: 0.4218  loss_centerness: 0.6364
2026/08/21 21:39:32 - mmengine - INFO - Epoch(train) [11][2450/2804]  base_lr: 5.0000e-04 lr: 5.0000e-04  eta: 0:16:36  time: 0.3170  data_time: 0.0019  memory: 7860  grad_norm: 3.4417  loss: 1.4305  loss_cls: 0.4004  loss_bbox: 0.3967  loss_centerness: 0.6335
2026/08/21 21:39:47 - mmengine - INFO - Epoch(train) [11][2500/2804]  base_lr: 5.0000e-04 lr: 5.0000e-04  eta: 0:16:21  time: 0.3139  data_time: 0.0017  memory: 7939  grad_norm: 3.2980  loss: 1.4892  loss_cls: 0.4316  loss_bbox: 0.4241  loss_centerness: 0.6335
2026/08/21 21:40:03 - mmengine - INFO - Epoch(train) [11][2550/2804]  base_lr: 5.0000e-04 lr: 5.0000e-04  eta: 0:16:05  time: 0.3128  data_time: 0.0018  memory: 7819  grad_norm: 2.4529  loss: 1.4321  loss_cls: 0.3768  loss_bbox: 0.4210  loss_centerness: 0.6343
2026/08/21 21:40:19 - mmengine - INFO - Epoch(train) [11][2600/2804]  base_lr: 5.0000e-04 lr: 5.0000e-04  eta: 0:15:49  time: 0.3210  data_time: 0.0020  memory: 6999  grad_norm: 1.7086  loss: 1.3707  loss_cls: 0.3142  loss_bbox: 0.4237  loss_centerness: 0.6329
2026/08/21 21:40:35 - mmengine - INFO - Epoch(train) [11][2650/2804]  base_lr: 5.0000e-04 lr: 5.0000e-04  eta: 0:15:33  time: 0.3143  data_time: 0.0019  memory: 9106  grad_norm: 2.8885  loss: 1.4339  loss_cls: 0.3736  loss_bbox: 0.4254  loss_centerness: 0.6349
2026/08/21 21:40:50 - mmengine - INFO - Epoch(train) [11][2700/2804]  base_lr: 5.0000e-04 lr: 5.0000e-04  eta: 0:15:17  time: 0.3122  data_time: 0.0018  memory: 7128  grad_norm: 3.0651  loss: 1.3906  loss_cls: 0.3583  loss_bbox: 0.3978  loss_centerness: 0.6346
2026/08/21 21:41:06 - mmengine - INFO - Epoch(train) [11][2750/2804]  base_lr: 5.0000e-04 lr: 5.0000e-04  eta: 0:15:02  time: 0.3121  data_time: 0.0020  memory: 7012  grad_norm: 2.3106  loss: 1.4161  loss_cls: 0.3558  loss_bbox: 0.4247  loss_centerness: 0.6356
2026/08/21 21:41:22 - mmengine - INFO - Epoch(train) [11][2800/2804]  base_lr: 5.0000e-04 lr: 5.0000e-04  eta: 0:14:46  time: 0.3101  data_time: 0.0014  memory: 7461  grad_norm: 2.2736  loss: 1.4204  loss_cls: 0.3578  loss_bbox: 0.4284  loss_centerness: 0.6342
2026/08/21 21:41:23 - mmengine - INFO - Exp name: fcos_r50_fpn_p2p6_aitodv2_20260821_183100
2026/08/21 21:41:23 - mmengine - INFO - Saving checkpoint at 11 epochs
2026/08/21 21:41:41 - mmengine - INFO - Epoch(train) [12][  50/2804]  base_lr: 5.0000e-05 lr: 5.0000e-05  eta: 0:14:29  time: 0.3122  data_time: 0.0017  memory: 7065  grad_norm: 2.9609  loss: 1.3450  loss_cls: 0.3271  loss_bbox: 0.3831  loss_centerness: 0.6347
2026/08/21 21:41:57 - mmengine - INFO - Epoch(train) [12][ 100/2804]  base_lr: 5.0000e-05 lr: 5.0000e-05  eta: 0:14:13  time: 0.3149  data_time: 0.0018  memory: 7170  grad_norm: 2.7952  loss: 1.4201  loss_cls: 0.4115  loss_bbox: 0.3795  loss_centerness: 0.6292
2026/08/21 21:42:12 - mmengine - INFO - Epoch(train) [12][ 150/2804]  base_lr: 5.0000e-05 lr: 5.0000e-05  eta: 0:13:57  time: 0.3126  data_time: 0.0017  memory: 7139  grad_norm: 2.5537  loss: 1.4515  loss_cls: 0.3765  loss_bbox: 0.4343  loss_centerness: 0.6406
2026/08/21 21:42:14 - mmengine - INFO - Exp name: fcos_r50_fpn_p2p6_aitodv2_20260821_183100
2026/08/21 21:42:28 - mmengine - INFO - Epoch(train) [12][ 200/2804]  base_lr: 5.0000e-05 lr: 5.0000e-05  eta: 0:13:42  time: 0.3171  data_time: 0.0019  memory: 8118  grad_norm: 3.3235  loss: 1.3456  loss_cls: 0.3616  loss_bbox: 0.3564  loss_centerness: 0.6276
2026/08/21 21:42:44 - mmengine - INFO - Epoch(train) [12][ 250/2804]  base_lr: 5.0000e-05 lr: 5.0000e-05  eta: 0:13:26  time: 0.3125  data_time: 0.0016  memory: 7891  grad_norm: 2.7861  loss: 1.5041  loss_cls: 0.4457  loss_bbox: 0.4225  loss_centerness: 0.6359
2026/08/21 21:42:59 - mmengine - INFO - Epoch(train) [12][ 300/2804]  base_lr: 5.0000e-05 lr: 5.0000e-05  eta: 0:13:10  time: 0.3125  data_time: 0.0018  memory: 7079  grad_norm: 2.3066  loss: 1.5215  loss_cls: 0.4135  loss_bbox: 0.4634  loss_centerness: 0.6446
2026/08/21 21:43:15 - mmengine - INFO - Epoch(train) [12][ 350/2804]  base_lr: 5.0000e-05 lr: 5.0000e-05  eta: 0:12:54  time: 0.3130  data_time: 0.0017  memory: 7340  grad_norm: 2.7759  loss: 1.4808  loss_cls: 0.3977  loss_bbox: 0.4449  loss_centerness: 0.6383
2026/08/21 21:43:31 - mmengine - INFO - Epoch(train) [12][ 400/2804]  base_lr: 5.0000e-05 lr: 5.0000e-05  eta: 0:12:38  time: 0.3155  data_time: 0.0016  memory: 7221  grad_norm: 2.5004  loss: 1.4984  loss_cls: 0.4213  loss_bbox: 0.4392  loss_centerness: 0.6380
2026/08/21 21:43:46 - mmengine - INFO - Epoch(train) [12][ 450/2804]  base_lr: 5.0000e-05 lr: 5.0000e-05  eta: 0:12:23  time: 0.3128  data_time: 0.0018  memory: 7693  grad_norm: 2.4752  loss: 1.3483  loss_cls: 0.3065  loss_bbox: 0.4075  loss_centerness: 0.6344
2026/08/21 21:44:02 - mmengine - INFO - Epoch(train) [12][ 500/2804]  base_lr: 5.0000e-05 lr: 5.0000e-05  eta: 0:12:07  time: 0.3140  data_time: 0.0019  memory: 10127  grad_norm: 2.5918  loss: 1.4378  loss_cls: 0.3961  loss_bbox: 0.4085  loss_centerness: 0.6331
2026/08/21 21:44:18 - mmengine - INFO - Epoch(train) [12][ 550/2804]  base_lr: 5.0000e-05 lr: 5.0000e-05  eta: 0:11:51  time: 0.3099  data_time: 0.0017  memory: 7645  grad_norm: 2.1771  loss: 1.4080  loss_cls: 0.3636  loss_bbox: 0.4104  loss_centerness: 0.6340
2026/08/21 21:44:33 - mmengine - INFO - Epoch(train) [12][ 600/2804]  base_lr: 5.0000e-05 lr: 5.0000e-05  eta: 0:11:35  time: 0.3145  data_time: 0.0018  memory: 7936  grad_norm: 1.9265  loss: 1.2820  loss_cls: 0.2650  loss_bbox: 0.3842  loss_centerness: 0.6328
2026/08/21 21:44:49 - mmengine - INFO - Epoch(train) [12][ 650/2804]  base_lr: 5.0000e-05 lr: 5.0000e-05  eta: 0:11:19  time: 0.3130  data_time: 0.0018  memory: 7861  grad_norm: 1.9637  loss: 1.3766  loss_cls: 0.3298  loss_bbox: 0.4144  loss_centerness: 0.6324
2026/08/21 21:45:04 - mmengine - INFO - Epoch(train) [12][ 700/2804]  base_lr: 5.0000e-05 lr: 5.0000e-05  eta: 0:11:04  time: 0.3156  data_time: 0.0022  memory: 7463  grad_norm: 2.7653  loss: 1.4187  loss_cls: 0.3620  loss_bbox: 0.4188  loss_centerness: 0.6379
2026/08/21 21:45:20 - mmengine - INFO - Epoch(train) [12][ 750/2804]  base_lr: 5.0000e-05 lr: 5.0000e-05  eta: 0:10:48  time: 0.3139  data_time: 0.0020  memory: 10697  grad_norm: 2.7694  loss: 1.3910  loss_cls: 0.3625  loss_bbox: 0.3968  loss_centerness: 0.6317
2026/08/21 21:45:36 - mmengine - INFO - Epoch(train) [12][ 800/2804]  base_lr: 5.0000e-05 lr: 5.0000e-05  eta: 0:10:32  time: 0.3121  data_time: 0.0016  memory: 7495  grad_norm: 2.4607  loss: 1.4182  loss_cls: 0.3634  loss_bbox: 0.4188  loss_centerness: 0.6360
2026/08/21 21:45:51 - mmengine - INFO - Epoch(train) [12][ 850/2804]  base_lr: 5.0000e-05 lr: 5.0000e-05  eta: 0:10:16  time: 0.3112  data_time: 0.0017  memory: 8773  grad_norm: 2.5938  loss: 1.2894  loss_cls: 0.2932  loss_bbox: 0.3695  loss_centerness: 0.6267
2026/08/21 21:46:07 - mmengine - INFO - Epoch(train) [12][ 900/2804]  base_lr: 5.0000e-05 lr: 5.0000e-05  eta: 0:10:00  time: 0.3100  data_time: 0.0016  memory: 7037  grad_norm: 2.6314  loss: 1.3993  loss_cls: 0.3770  loss_bbox: 0.3924  loss_centerness: 0.6299
2026/08/21 21:46:23 - mmengine - INFO - Epoch(train) [12][ 950/2804]  base_lr: 5.0000e-05 lr: 5.0000e-05  eta: 0:09:45  time: 0.3132  data_time: 0.0018  memory: 9113  grad_norm: 3.0446  loss: 1.3844  loss_cls: 0.3422  loss_bbox: 0.4104  loss_centerness: 0.6318
2026/08/21 21:46:38 - mmengine - INFO - Epoch(train) [12][1000/2804]  base_lr: 5.0000e-05 lr: 5.0000e-05  eta: 0:09:29  time: 0.3135  data_time: 0.0018  memory: 8479  grad_norm: 2.7927  loss: 1.3965  loss_cls: 0.3425  loss_bbox: 0.4172  loss_centerness: 0.6369
2026/08/21 21:46:54 - mmengine - INFO - Epoch(train) [12][1050/2804]  base_lr: 5.0000e-05 lr: 5.0000e-05  eta: 0:09:13  time: 0.3104  data_time: 0.0017  memory: 7503  grad_norm: 2.4194  loss: 1.3669  loss_cls: 0.3373  loss_bbox: 0.4005  loss_centerness: 0.6291
2026/08/21 21:47:09 - mmengine - INFO - Epoch(train) [12][1100/2804]  base_lr: 5.0000e-05 lr: 5.0000e-05  eta: 0:08:57  time: 0.3090  data_time: 0.0016  memory: 6906  grad_norm: 2.1949  loss: 1.3588  loss_cls: 0.3250  loss_bbox: 0.4011  loss_centerness: 0.6327
2026/08/21 21:47:25 - mmengine - INFO - Epoch(train) [12][1150/2804]  base_lr: 5.0000e-05 lr: 5.0000e-05  eta: 0:08:41  time: 0.3136  data_time: 0.0017  memory: 7048  grad_norm: 2.3146  loss: 1.3360  loss_cls: 0.2997  loss_bbox: 0.4055  loss_centerness: 0.6308
2026/08/21 21:47:27 - mmengine - INFO - Exp name: fcos_r50_fpn_p2p6_aitodv2_20260821_183100
2026/08/21 21:47:41 - mmengine - INFO - Epoch(train) [12][1200/2804]  base_lr: 5.0000e-05 lr: 5.0000e-05  eta: 0:08:26  time: 0.3207  data_time: 0.0018  memory: 7304  grad_norm: 3.1700  loss: 1.4700  loss_cls: 0.4120  loss_bbox: 0.4220  loss_centerness: 0.6361
2026/08/21 21:47:56 - mmengine - INFO - Epoch(train) [12][1250/2804]  base_lr: 5.0000e-05 lr: 5.0000e-05  eta: 0:08:10  time: 0.3101  data_time: 0.0020  memory: 7388  grad_norm: 2.5781  loss: 1.3599  loss_cls: 0.3528  loss_bbox: 0.3803  loss_centerness: 0.6268
2026/08/21 21:48:12 - mmengine - INFO - Epoch(train) [12][1300/2804]  base_lr: 5.0000e-05 lr: 5.0000e-05  eta: 0:07:54  time: 0.3119  data_time: 0.0018  memory: 9046  grad_norm: 2.9364  loss: 1.4248  loss_cls: 0.3952  loss_bbox: 0.3956  loss_centerness: 0.6341
2026/08/21 21:48:28 - mmengine - INFO - Epoch(train) [12][1350/2804]  base_lr: 5.0000e-05 lr: 5.0000e-05  eta: 0:07:38  time: 0.3155  data_time: 0.0019  memory: 7540  grad_norm: 2.3194  loss: 1.4757  loss_cls: 0.4075  loss_bbox: 0.4302  loss_centerness: 0.6381
2026/08/21 21:48:43 - mmengine - INFO - Epoch(train) [12][1400/2804]  base_lr: 5.0000e-05 lr: 5.0000e-05  eta: 0:07:23  time: 0.3120  data_time: 0.0017  memory: 7559  grad_norm: 3.3010  loss: 1.4758  loss_cls: 0.4017  loss_bbox: 0.4334  loss_centerness: 0.6407
2026/08/21 21:48:59 - mmengine - INFO - Epoch(train) [12][1450/2804]  base_lr: 5.0000e-05 lr: 5.0000e-05  eta: 0:07:07  time: 0.3117  data_time: 0.0017  memory: 7088  grad_norm: 2.4078  loss: 1.3983  loss_cls: 0.3677  loss_bbox: 0.3956  loss_centerness: 0.6350
2026/08/21 21:49:15 - mmengine - INFO - Epoch(train) [12][1500/2804]  base_lr: 5.0000e-05 lr: 5.0000e-05  eta: 0:06:51  time: 0.3215  data_time: 0.0020  memory: 9800  grad_norm: 2.1880  loss: 1.3039  loss_cls: 0.3176  loss_bbox: 0.3622  loss_centerness: 0.6241
2026/08/21 21:49:31 - mmengine - INFO - Epoch(train) [12][1550/2804]  base_lr: 5.0000e-05 lr: 5.0000e-05  eta: 0:06:35  time: 0.3191  data_time: 0.0021  memory: 9063  grad_norm: 2.4104  loss: 1.4381  loss_cls: 0.3597  loss_bbox: 0.4354  loss_centerness: 0.6430
2026/08/21 21:49:47 - mmengine - INFO - Epoch(train) [12][1600/2804]  base_lr: 5.0000e-05 lr: 5.0000e-05  eta: 0:06:19  time: 0.3162  data_time: 0.0021  memory: 7299  grad_norm: 2.2332  loss: 1.3164  loss_cls: 0.3023  loss_bbox: 0.3829  loss_centerness: 0.6311
2026/08/21 21:50:03 - mmengine - INFO - Epoch(train) [12][1650/2804]  base_lr: 5.0000e-05 lr: 5.0000e-05  eta: 0:06:04  time: 0.3157  data_time: 0.0019  memory: 9951  grad_norm: 3.0400  loss: 1.3867  loss_cls: 0.3379  loss_bbox: 0.4093  loss_centerness: 0.6395
2026/08/21 21:50:19 - mmengine - INFO - Epoch(train) [12][1700/2804]  base_lr: 5.0000e-05 lr: 5.0000e-05  eta: 0:05:48  time: 0.3183  data_time: 0.0018  memory: 7041  grad_norm: 2.8376  loss: 1.4155  loss_cls: 0.3656  loss_bbox: 0.4125  loss_centerness: 0.6374
2026/08/21 21:50:34 - mmengine - INFO - Epoch(train) [12][1750/2804]  base_lr: 5.0000e-05 lr: 5.0000e-05  eta: 0:05:32  time: 0.3173  data_time: 0.0019  memory: 7037  grad_norm: 3.5784  loss: 1.4453  loss_cls: 0.4356  loss_bbox: 0.3784  loss_centerness: 0.6312
2026/08/21 21:50:50 - mmengine - INFO - Epoch(train) [12][1800/2804]  base_lr: 5.0000e-05 lr: 5.0000e-05  eta: 0:05:16  time: 0.3390  data_time: 0.0018  memory: 7086  grad_norm: 1.9117  loss: 1.3290  loss_cls: 0.3016  loss_bbox: 0.3968  loss_centerness: 0.6306
2026/08/21 21:51:06 - mmengine - INFO - Epoch(train) [12][1850/2804]  base_lr: 5.0000e-05 lr: 5.0000e-05  eta: 0:05:01  time: 0.3153  data_time: 0.0020  memory: 9107  grad_norm: 2.7385  loss: 1.3935  loss_cls: 0.3485  loss_bbox: 0.4022  loss_centerness: 0.6428
2026/08/21 21:51:22 - mmengine - INFO - Epoch(train) [12][1900/2804]  base_lr: 5.0000e-05 lr: 5.0000e-05  eta: 0:04:45  time: 0.3160  data_time: 0.0022  memory: 8531  grad_norm: 3.0012  loss: 1.5155  loss_cls: 0.4390  loss_bbox: 0.4447  loss_centerness: 0.6319
2026/08/21 21:51:38 - mmengine - INFO - Epoch(train) [12][1950/2804]  base_lr: 5.0000e-05 lr: 5.0000e-05  eta: 0:04:29  time: 0.3146  data_time: 0.0021  memory: 7287  grad_norm: 2.3892  loss: 1.3996  loss_cls: 0.3583  loss_bbox: 0.4057  loss_centerness: 0.6356
2026/08/21 21:51:54 - mmengine - INFO - Epoch(train) [12][2000/2804]  base_lr: 5.0000e-05 lr: 5.0000e-05  eta: 0:04:13  time: 0.3200  data_time: 0.0018  memory: 7554  grad_norm: 2.5408  loss: 1.4389  loss_cls: 0.3840  loss_bbox: 0.4202  loss_centerness: 0.6347
2026/08/21 21:52:09 - mmengine - INFO - Epoch(train) [12][2050/2804]  base_lr: 5.0000e-05 lr: 5.0000e-05  eta: 0:03:57  time: 0.3123  data_time: 0.0018  memory: 7541  grad_norm: 2.2572  loss: 1.3907  loss_cls: 0.3734  loss_bbox: 0.3858  loss_centerness: 0.6316
2026/08/21 21:52:25 - mmengine - INFO - Epoch(train) [12][2100/2804]  base_lr: 5.0000e-05 lr: 5.0000e-05  eta: 0:03:42  time: 0.3142  data_time: 0.0022  memory: 7783  grad_norm: 2.5134  loss: 1.4259  loss_cls: 0.3890  loss_bbox: 0.4037  loss_centerness: 0.6331
2026/08/21 21:52:41 - mmengine - INFO - Epoch(train) [12][2150/2804]  base_lr: 5.0000e-05 lr: 5.0000e-05  eta: 0:03:26  time: 0.3142  data_time: 0.0020  memory: 7492  grad_norm: 2.2380  loss: 1.3827  loss_cls: 0.3401  loss_bbox: 0.4075  loss_centerness: 0.6351
2026/08/21 21:52:43 - mmengine - INFO - Exp name: fcos_r50_fpn_p2p6_aitodv2_20260821_183100
2026/08/21 21:52:56 - mmengine - INFO - Epoch(train) [12][2200/2804]  base_lr: 5.0000e-05 lr: 5.0000e-05  eta: 0:03:10  time: 0.3111  data_time: 0.0017  memory: 7865  grad_norm: 2.7926  loss: 1.4212  loss_cls: 0.3700  loss_bbox: 0.4186  loss_centerness: 0.6326
2026/08/21 21:53:12 - mmengine - INFO - Epoch(train) [12][2250/2804]  base_lr: 5.0000e-05 lr: 5.0000e-05  eta: 0:02:54  time: 0.3150  data_time: 0.0019  memory: 7231  grad_norm: 2.1721  loss: 1.3776  loss_cls: 0.3408  loss_bbox: 0.3993  loss_centerness: 0.6375
2026/08/21 21:53:28 - mmengine - INFO - Epoch(train) [12][2300/2804]  base_lr: 5.0000e-05 lr: 5.0000e-05  eta: 0:02:39  time: 0.3153  data_time: 0.0019  memory: 7246  grad_norm: 2.7670  loss: 1.3669  loss_cls: 0.3361  loss_bbox: 0.3985  loss_centerness: 0.6323
2026/08/21 21:53:44 - mmengine - INFO - Epoch(train) [12][2350/2804]  base_lr: 5.0000e-05 lr: 5.0000e-05  eta: 0:02:23  time: 0.3154  data_time: 0.0019  memory: 7979  grad_norm: 3.9224  loss: 1.3485  loss_cls: 0.3428  loss_bbox: 0.3700  loss_centerness: 0.6357
2026/08/21 21:53:59 - mmengine - INFO - Epoch(train) [12][2400/2804]  base_lr: 5.0000e-05 lr: 5.0000e-05  eta: 0:02:07  time: 0.3137  data_time: 0.0018  memory: 8188  grad_norm: 3.1583  loss: 1.3842  loss_cls: 0.3510  loss_bbox: 0.4001  loss_centerness: 0.6331
2026/08/21 21:54:15 - mmengine - INFO - Epoch(train) [12][2450/2804]  base_lr: 5.0000e-05 lr: 5.0000e-05  eta: 0:01:51  time: 0.3114  data_time: 0.0018  memory: 7152  grad_norm: 2.1603  loss: 1.3828  loss_cls: 0.3574  loss_bbox: 0.3893  loss_centerness: 0.6361
2026/08/21 21:54:31 - mmengine - INFO - Epoch(train) [12][2500/2804]  base_lr: 5.0000e-05 lr: 5.0000e-05  eta: 0:01:35  time: 0.3140  data_time: 0.0018  memory: 9633  grad_norm: 4.1688  loss: 1.3809  loss_cls: 0.3679  loss_bbox: 0.3807  loss_centerness: 0.6323
2026/08/21 21:54:46 - mmengine - INFO - Epoch(train) [12][2550/2804]  base_lr: 5.0000e-05 lr: 5.0000e-05  eta: 0:01:20  time: 0.3138  data_time: 0.0020  memory: 7818  grad_norm: 3.1889  loss: 1.3863  loss_cls: 0.3561  loss_bbox: 0.3972  loss_centerness: 0.6330
2026/08/21 21:55:02 - mmengine - INFO - Epoch(train) [12][2600/2804]  base_lr: 5.0000e-05 lr: 5.0000e-05  eta: 0:01:04  time: 0.3175  data_time: 0.0021  memory: 9717  grad_norm: 2.2826  loss: 1.3279  loss_cls: 0.3116  loss_bbox: 0.3846  loss_centerness: 0.6317
2026/08/21 21:55:18 - mmengine - INFO - Epoch(train) [12][2650/2804]  base_lr: 5.0000e-05 lr: 5.0000e-05  eta: 0:00:48  time: 0.3123  data_time: 0.0016  memory: 7784  grad_norm: 2.0889  loss: 1.3848  loss_cls: 0.3232  loss_bbox: 0.4250  loss_centerness: 0.6367
2026/08/21 21:55:34 - mmengine - INFO - Epoch(train) [12][2700/2804]  base_lr: 5.0000e-05 lr: 5.0000e-05  eta: 0:00:32  time: 0.3315  data_time: 0.0019  memory: 7462  grad_norm: 2.5722  loss: 1.3533  loss_cls: 0.3379  loss_bbox: 0.3859  loss_centerness: 0.6294
2026/08/21 21:55:50 - mmengine - INFO - Epoch(train) [12][2750/2804]  base_lr: 5.0000e-05 lr: 5.0000e-05  eta: 0:00:17  time: 0.3185  data_time: 0.0021  memory: 7361  grad_norm: 2.2083  loss: 1.3045  loss_cls: 0.3019  loss_bbox: 0.3743  loss_centerness: 0.6283
2026/08/21 21:56:05 - mmengine - INFO - Epoch(train) [12][2800/2804]  base_lr: 5.0000e-05 lr: 5.0000e-05  eta: 0:00:01  time: 0.3180  data_time: 0.0020  memory: 7500  grad_norm: 2.8288  loss: 1.3836  loss_cls: 0.3603  loss_bbox: 0.3963  loss_centerness: 0.6270
2026/08/21 21:56:07 - mmengine - INFO - Exp name: fcos_r50_fpn_p2p6_aitodv2_20260821_183100
2026/08/21 21:56:07 - mmengine - INFO - Saving checkpoint at 12 epochs
2026/08/21 21:56:13 - mmengine - INFO - Epoch(val) [12][ 50/701]    eta: 0:01:00  time: 0.0826  data_time: 0.0005  memory: 7118  
2026/08/21 21:56:17 - mmengine - INFO - Epoch(val) [12][100/701]    eta: 0:00:52  time: 0.0812  data_time: 0.0004  memory: 1120  
2026/08/21 21:56:21 - mmengine - INFO - Epoch(val) [12][150/701]    eta: 0:00:47  time: 0.0814  data_time: 0.0004  memory: 1120  
2026/08/21 21:56:26 - mmengine - INFO - Epoch(val) [12][200/701]    eta: 0:00:42  time: 0.0812  data_time: 0.0004  memory: 1120  
2026/08/21 21:56:30 - mmengine - INFO - Epoch(val) [12][250/701]    eta: 0:00:37  time: 0.0812  data_time: 0.0004  memory: 1120  
2026/08/21 21:56:34 - mmengine - INFO - Epoch(val) [12][300/701]    eta: 0:00:33  time: 0.0819  data_time: 0.0004  memory: 1120  
2026/08/21 21:56:38 - mmengine - INFO - Epoch(val) [12][350/701]    eta: 0:00:29  time: 0.0822  data_time: 0.0005  memory: 1120  
2026/08/21 21:56:42 - mmengine - INFO - Epoch(val) [12][400/701]    eta: 0:00:25  time: 0.0821  data_time: 0.0005  memory: 1120  
2026/08/21 21:56:46 - mmengine - INFO - Epoch(val) [12][450/701]    eta: 0:00:20  time: 0.0825  data_time: 0.0005  memory: 1120  
2026/08/21 21:56:50 - mmengine - INFO - Epoch(val) [12][500/701]    eta: 0:00:16  time: 0.0820  data_time: 0.0004  memory: 1120  
2026/08/21 21:56:54 - mmengine - INFO - Epoch(val) [12][550/701]    eta: 0:00:12  time: 0.0821  data_time: 0.0004  memory: 1120  
2026/08/21 21:56:58 - mmengine - INFO - Epoch(val) [12][600/701]    eta: 0:00:08  time: 0.0814  data_time: 0.0004  memory: 1120  
2026/08/21 21:57:02 - mmengine - INFO - Epoch(val) [12][650/701]    eta: 0:00:04  time: 0.0816  data_time: 0.0004  memory: 1120  
2026/08/21 21:57:07 - mmengine - INFO - Epoch(val) [12][700/701]    eta: 0:00:00  time: 0.0829  data_time: 0.0003  memory: 1120  
2026/08/21 21:57:33 - mmengine - INFO - Evaluating bbox...
2026/08/21 22:10:28 - mmengine - INFO - bbox_mAP_copypaste: 0.044 0.121 0.030 0.048 0.070 -1.000
2026/08/21 22:10:30 - mmengine - INFO - Epoch(val) [12][701/701]    coco/bbox_mAP: 0.0440  coco/bbox_mAP_50: 0.1210  coco/bbox_mAP_75: 0.0300  coco/bbox_mAP_s: 0.0480  coco/bbox_mAP_m: 0.0700  coco/bbox_mAP_l: -1.0000  data_time: 0.0009  time: 0.0827
2026/08/21 22:10:30 - mmengine - INFO - The previous best checkpoint /root/tiny-object-research/outputs/PRT-001/B1/seed0/best_coco_bbox_mAP_epoch_8.pth is removed
2026/08/21 22:10:31 - mmengine - INFO - The best checkpoint with 0.0440 coco/bbox_mAP at 12 epoch is saved to best_coco_bbox_mAP_epoch_12.pth.
