2026/08/21 23:16:31 - mmengine - INFO - 
------------------------------------------------------------
System environment:
    sys.platform: linux
    Python: 3.8.10 (default, Jun  4 2021, 15:09:15) [GCC 7.5.0]
    CUDA available: True
    MUSA available: False
    numpy_random_seed: 0
    GPU 0: NVIDIA GeForce RTX 4090 D
    CUDA_HOME: /usr/local/cuda
    NVCC: Cuda compilation tools, release 11.8, V11.8.89
    GCC: gcc (Ubuntu 9.4.0-1ubuntu1~20.04.1) 9.4.0
    PyTorch: 2.0.0+cu118
    PyTorch compiling details: PyTorch built with:
  - GCC 9.3
  - C++ Version: 201703
  - Intel(R) oneAPI Math Kernel Library Version 2022.2-Product Build 20220804 for Intel(R) 64 architecture applications
  - Intel(R) MKL-DNN v2.7.3 (Git Hash 6dbeffbae1f23cbbeae17adb7b5b13f1f37c080e)
  - OpenMP 201511 (a.k.a. OpenMP 4.5)
  - LAPACK is enabled (usually provided by MKL)
  - NNPACK is enabled
  - CPU capability usage: AVX2
  - CUDA Runtime 11.8
  - NVCC architecture flags: -gencode;arch=compute_37,code=sm_37;-gencode;arch=compute_50,code=sm_50;-gencode;arch=compute_60,code=sm_60;-gencode;arch=compute_70,code=sm_70;-gencode;arch=compute_75,code=sm_75;-gencode;arch=compute_80,code=sm_80;-gencode;arch=compute_86,code=sm_86;-gencode;arch=compute_90,code=sm_90
  - CuDNN 8.7
  - Magma 2.6.1
  - Build settings: BLAS_INFO=mkl, BUILD_TYPE=Release, CUDA_VERSION=11.8, CUDNN_VERSION=8.7.0, CXX_COMPILER=/opt/rh/devtoolset-9/root/usr/bin/c++, CXX_FLAGS= -D_GLIBCXX_USE_CXX11_ABI=0 -fabi-version=11 -Wno-deprecated -fvisibility-inlines-hidden -DUSE_PTHREADPOOL -DNDEBUG -DUSE_KINETO -DLIBKINETO_NOROCTRACER -DUSE_FBGEMM -DUSE_QNNPACK -DUSE_PYTORCH_QNNPACK -DUSE_XNNPACK -DSYMBOLICATE_MOBILE_DEBUG_HANDLE -O2 -fPIC -Wall -Wextra -Werror=return-type -Werror=non-virtual-dtor -Werror=bool-operation -Wnarrowing -Wno-missing-field-initializers -Wno-type-limits -Wno-array-bounds -Wno-unknown-pragmas -Wunused-local-typedefs -Wno-unused-parameter -Wno-unused-function -Wno-unused-result -Wno-strict-overflow -Wno-strict-aliasing -Wno-error=deprecated-declarations -Wno-stringop-overflow -Wno-psabi -Wno-error=pedantic -Wno-error=redundant-decls -Wno-error=old-style-cast -fdiagnostics-color=always -faligned-new -Wno-unused-but-set-variable -Wno-maybe-uninitialized -fno-math-errno -fno-trapping-math -Werror=format -Werror=cast-function-type -Wno-stringop-overflow, LAPACK_INFO=mkl, PERF_WITH_AVX=1, PERF_WITH_AVX2=1, PERF_WITH_AVX512=1, TORCH_DISABLE_GPU_ASSERTS=ON, TORCH_VERSION=2.0.0, USE_CUDA=ON, USE_CUDNN=ON, USE_EXCEPTION_PTR=1, USE_GFLAGS=OFF, USE_GLOG=OFF, USE_MKL=ON, USE_MKLDNN=ON, USE_MPI=OFF, USE_NCCL=1, USE_NNPACK=ON, USE_OPENMP=ON, USE_ROCM=OFF, 

    TorchVision: 0.15.1+cu118
    OpenCV: 4.9.0
    MMEngine: 0.10.7

Runtime environment:
    dist_cfg: {'backend': 'nccl'}
    seed: 0
    deterministic: True
    Distributed launcher: none
    Distributed training: False
    GPU number: 1
------------------------------------------------------------

2026/08/21 23:16:32 - mmengine - INFO - Config:
class_names = [
    'airplane',
    'bridge',
    'storage-tank',
    'ship',
    'swimming-pool',
    'vehicle',
    'person',
    'wind-mill',
]
custom_imports = dict(
    allow_failed_imports=False, imports=[
        'prtiny.models',
    ])
data_root = 'data/AI-TOD-v2/'
dataset_type = 'CocoDataset'
default_hooks = dict(
    checkpoint=dict(
        interval=1, max_keep_ckpts=3, save_best='auto', type='CheckpointHook'),
    logger=dict(interval=50, type='LoggerHook'),
    param_scheduler=dict(type='ParamSchedulerHook'),
    sampler_seed=dict(type='DistSamplerSeedHook'),
    timer=dict(type='IterTimerHook'))
default_scope = 'mmdet'
input_size = (
    800,
    800,
)
launcher = 'none'
load_from = None
model = dict(
    backbone=dict(
        depth=50,
        frozen_stages=1,
        init_cfg=dict(
            checkpoint='data/pretrained/resnet50_msra-5891d200.pth',
            type='Pretrained'),
        norm_cfg=dict(requires_grad=True, type='BN'),
        norm_eval=True,
        num_stages=4,
        out_indices=(
            0,
            1,
            2,
            3,
        ),
        pdd_stages=(
            0,
            1,
        ),
        style='pytorch',
        type='ResNetWithPDD'),
    bbox_head=dict(
        feat_channels=256,
        in_channels=256,
        loss_bbox=dict(loss_weight=1.0, type='GIoULoss'),
        loss_centerness=dict(
            loss_weight=1.0, type='CrossEntropyLoss', use_sigmoid=True),
        loss_cls=dict(
            alpha=0.25,
            gamma=2.0,
            loss_weight=1.0,
            type='FocalLoss',
            use_sigmoid=True),
        num_classes=8,
        regress_ranges=(
            (
                -1,
                32,
            ),
            (
                32,
                64,
            ),
            (
                64,
                128,
            ),
            (
                128,
                256,
            ),
            (
                256,
                100000000.0,
            ),
        ),
        stacked_convs=4,
        strides=[
            4,
            8,
            16,
            32,
            64,
        ],
        type='FCOSHead'),
    data_preprocessor=dict(
        bgr_to_rgb=True,
        mean=[
            123.675,
            116.28,
            103.53,
        ],
        pad_size_divisor=32,
        std=[
            58.395,
            57.12,
            57.375,
        ],
        type='DetDataPreprocessor'),
    neck=dict(
        add_extra_convs='on_output',
        in_channels=[
            256,
            512,
            1024,
            2048,
        ],
        num_outs=5,
        out_channels=256,
        relu_before_extra_convs=True,
        start_level=0,
        type='FPN'),
    test_cfg=dict(
        max_per_img=3000,
        min_bbox_size=0,
        nms=dict(iou_threshold=0.5, type='nms'),
        nms_pre=3000,
        score_thr=0.05),
    type='FCOS')
num_classes = 8
optim_wrapper = dict(
    clip_grad=dict(max_norm=35, norm_type=2),
    optimizer=dict(lr=0.005, momentum=0.9, type='SGD', weight_decay=0.0001),
    paramwise_cfg=dict(bias_decay_mult=0.0, bias_lr_mult=2.0),
    type='OptimWrapper')
param_scheduler = [
    dict(
        begin=0,
        by_epoch=False,
        end=250,
        start_factor=0.3333333333333333,
        type='LinearLR'),
    dict(
        begin=0,
        by_epoch=True,
        end=12,
        gamma=0.1,
        milestones=[
            8,
            11,
        ],
        type='MultiStepLR'),
]
randomness = dict(deterministic=True, seed=0)
resume = True
test_cfg = dict(type='TestLoop')
test_dataloader = dict(
    batch_size=4,
    dataset=dict(
        ann_file='annotations/aitod_test_v1.json',
        data_prefix=dict(img='test/images/'),
        data_root='data/AI-TOD-v2/',
        metainfo=dict(classes=[
            'airplane',
            'bridge',
            'storage-tank',
            'ship',
            'swimming-pool',
            'vehicle',
            'person',
            'wind-mill',
        ]),
        pipeline=[
            dict(backend_args=None, type='LoadImageFromFile'),
            dict(keep_ratio=True, scale=(
                800,
                800,
            ), type='Resize'),
            dict(size_divisor=32, type='Pad'),
            dict(type='LoadAnnotations', with_bbox=True),
            dict(
                meta_keys=(
                    'img_id',
                    'img_path',
                    'ori_shape',
                    'img_shape',
                    'scale_factor',
                ),
                type='PackDetInputs'),
        ],
        test_mode=True,
        type='CocoDataset'),
    drop_last=False,
    num_workers=8,
    persistent_workers=True,
    pin_memory=True,
    sampler=dict(shuffle=False, type='DefaultSampler'))
test_evaluator = dict(
    ann_file='data/AI-TOD-v2/annotations/aitod_test_v1.json',
    format_only=False,
    metric='bbox',
    type='CocoMetric')
test_pipeline = [
    dict(backend_args=None, type='LoadImageFromFile'),
    dict(keep_ratio=True, scale=(
        800,
        800,
    ), type='Resize'),
    dict(size_divisor=32, type='Pad'),
    dict(type='LoadAnnotations', with_bbox=True),
    dict(
        meta_keys=(
            'img_id',
            'img_path',
            'ori_shape',
            'img_shape',
            'scale_factor',
        ),
        type='PackDetInputs'),
]
train_cfg = dict(max_epochs=12, type='EpochBasedTrainLoop', val_interval=4)
train_dataloader = dict(
    batch_sampler=dict(type='AspectRatioBatchSampler'),
    batch_size=4,
    dataset=dict(
        ann_file='annotations/aitod_train_v1.json',
        data_prefix=dict(img='train/images/'),
        data_root='data/AI-TOD-v2/',
        filter_cfg=dict(filter_empty_gt=True, min_size=2),
        metainfo=dict(classes=[
            'airplane',
            'bridge',
            'storage-tank',
            'ship',
            'swimming-pool',
            'vehicle',
            'person',
            'wind-mill',
        ]),
        pipeline=[
            dict(backend_args=None, type='LoadImageFromFile'),
            dict(type='LoadAnnotations', with_bbox=True),
            dict(keep_ratio=True, scale=(
                800,
                800,
            ), type='Resize'),
            dict(prob=0.5, type='RandomFlip'),
            dict(size_divisor=32, type='Pad'),
            dict(type='PackDetInputs'),
        ],
        type='CocoDataset'),
    num_workers=8,
    persistent_workers=True,
    pin_memory=True,
    sampler=dict(shuffle=True, type='DefaultSampler'))
train_pipeline = [
    dict(backend_args=None, type='LoadImageFromFile'),
    dict(type='LoadAnnotations', with_bbox=True),
    dict(keep_ratio=True, scale=(
        800,
        800,
    ), type='Resize'),
    dict(prob=0.5, type='RandomFlip'),
    dict(size_divisor=32, type='Pad'),
    dict(type='PackDetInputs'),
]
val_cfg = dict(type='ValLoop')
val_dataloader = dict(
    batch_size=4,
    dataset=dict(
        ann_file='annotations/aitod_val_v1.json',
        data_prefix=dict(img='val/images/'),
        data_root='data/AI-TOD-v2/',
        metainfo=dict(classes=[
            'airplane',
            'bridge',
            'storage-tank',
            'ship',
            'swimming-pool',
            'vehicle',
            'person',
            'wind-mill',
        ]),
        pipeline=[
            dict(backend_args=None, type='LoadImageFromFile'),
            dict(keep_ratio=True, scale=(
                800,
                800,
            ), type='Resize'),
            dict(size_divisor=32, type='Pad'),
            dict(type='LoadAnnotations', with_bbox=True),
            dict(
                meta_keys=(
                    'img_id',
                    'img_path',
                    'ori_shape',
                    'img_shape',
                    'scale_factor',
                ),
                type='PackDetInputs'),
        ],
        test_mode=True,
        type='CocoDataset'),
    drop_last=False,
    num_workers=8,
    persistent_workers=True,
    pin_memory=True,
    sampler=dict(shuffle=False, type='DefaultSampler'))
val_evaluator = dict(
    ann_file='data/AI-TOD-v2/annotations/aitod_val_v1.json',
    format_only=False,
    metric='bbox',
    type='CocoMetric')
val_pipeline = [
    dict(backend_args=None, type='LoadImageFromFile'),
    dict(keep_ratio=True, scale=(
        800,
        800,
    ), type='Resize'),
    dict(size_divisor=32, type='Pad'),
    dict(type='LoadAnnotations', with_bbox=True),
    dict(
        meta_keys=(
            'img_id',
            'img_path',
            'ori_shape',
            'img_shape',
            'scale_factor',
        ),
        type='PackDetInputs'),
]
work_dir = 'outputs/PRT-002/PDD/seed0'

2026/08/21 23:16:33 - mmengine - INFO - Distributed training is not used, all SyncBatchNorm (SyncBN) layers in the model will be automatically reverted to BatchNormXd layers if they are used.
2026/08/21 23:16:33 - mmengine - INFO - Hooks will be executed in the following order:
before_run:
(VERY_HIGH   ) RuntimeInfoHook                    
(BELOW_NORMAL) LoggerHook                         
 -------------------- 
before_train:
(VERY_HIGH   ) RuntimeInfoHook                    
(NORMAL      ) IterTimerHook                      
(VERY_LOW    ) CheckpointHook                     
 -------------------- 
before_train_epoch:
(VERY_HIGH   ) RuntimeInfoHook                    
(NORMAL      ) IterTimerHook                      
(NORMAL      ) DistSamplerSeedHook                
 -------------------- 
before_train_iter:
(VERY_HIGH   ) RuntimeInfoHook                    
(NORMAL      ) IterTimerHook                      
 -------------------- 
after_train_iter:
(VERY_HIGH   ) RuntimeInfoHook                    
(NORMAL      ) IterTimerHook                      
(BELOW_NORMAL) LoggerHook                         
(LOW         ) ParamSchedulerHook                 
(VERY_LOW    ) CheckpointHook                     
 -------------------- 
after_train_epoch:
(NORMAL      ) IterTimerHook                      
(LOW         ) ParamSchedulerHook                 
(VERY_LOW    ) CheckpointHook                     
 -------------------- 
before_val:
(VERY_HIGH   ) RuntimeInfoHook                    
 -------------------- 
before_val_epoch:
(NORMAL      ) IterTimerHook                      
 -------------------- 
before_val_iter:
(NORMAL      ) IterTimerHook                      
 -------------------- 
after_val_iter:
(NORMAL      ) IterTimerHook                      
(BELOW_NORMAL) LoggerHook                         
 -------------------- 
after_val_epoch:
(VERY_HIGH   ) RuntimeInfoHook                    
(NORMAL      ) IterTimerHook                      
(BELOW_NORMAL) LoggerHook                         
(LOW         ) ParamSchedulerHook                 
(VERY_LOW    ) CheckpointHook                     
 -------------------- 
after_val:
(VERY_HIGH   ) RuntimeInfoHook                    
 -------------------- 
after_train:
(VERY_HIGH   ) RuntimeInfoHook                    
(VERY_LOW    ) CheckpointHook                     
 -------------------- 
before_test:
(VERY_HIGH   ) RuntimeInfoHook                    
 -------------------- 
before_test_epoch:
(NORMAL      ) IterTimerHook                      
 -------------------- 
before_test_iter:
(NORMAL      ) IterTimerHook                      
 -------------------- 
after_test_iter:
(NORMAL      ) IterTimerHook                      
(BELOW_NORMAL) LoggerHook                         
 -------------------- 
after_test_epoch:
(VERY_HIGH   ) RuntimeInfoHook                    
(NORMAL      ) IterTimerHook                      
(BELOW_NORMAL) LoggerHook                         
 -------------------- 
after_test:
(VERY_HIGH   ) RuntimeInfoHook                    
 -------------------- 
after_run:
(BELOW_NORMAL) LoggerHook                         
 -------------------- 
2026/08/21 23:16:39 - mmengine - WARNING - backbone.conv1.weight is skipped since its requires_grad=False
2026/08/21 23:16:39 - mmengine - WARNING - backbone.bn1.weight is skipped since its requires_grad=False
2026/08/21 23:16:39 - mmengine - WARNING - backbone.bn1.bias is skipped since its requires_grad=False
2026/08/21 23:16:39 - mmengine - INFO - paramwise_options -- backbone.maxpool.bn_dw.bias:weight_decay=0.0
2026/08/21 23:16:39 - mmengine - INFO - paramwise_options -- backbone.maxpool.fuse_conv.1.bias:weight_decay=0.0
2026/08/21 23:16:39 - mmengine - WARNING - backbone.layer1.0.conv1.weight is skipped since its requires_grad=False
2026/08/21 23:16:39 - mmengine - WARNING - backbone.layer1.0.bn1.weight is skipped since its requires_grad=False
2026/08/21 23:16:39 - mmengine - WARNING - backbone.layer1.0.bn1.bias is skipped since its requires_grad=False
2026/08/21 23:16:39 - mmengine - WARNING - backbone.layer1.0.conv2.weight is skipped since its requires_grad=False
2026/08/21 23:16:39 - mmengine - WARNING - backbone.layer1.0.bn2.weight is skipped since its requires_grad=False
2026/08/21 23:16:39 - mmengine - WARNING - backbone.layer1.0.bn2.bias is skipped since its requires_grad=False
2026/08/21 23:16:39 - mmengine - WARNING - backbone.layer1.0.conv3.weight is skipped since its requires_grad=False
2026/08/21 23:16:39 - mmengine - WARNING - backbone.layer1.0.bn3.weight is skipped since its requires_grad=False
2026/08/21 23:16:39 - mmengine - WARNING - backbone.layer1.0.bn3.bias is skipped since its requires_grad=False
2026/08/21 23:16:39 - mmengine - WARNING - backbone.layer1.0.downsample.0.weight is skipped since its requires_grad=False
2026/08/21 23:16:39 - mmengine - WARNING - backbone.layer1.0.downsample.1.weight is skipped since its requires_grad=False
2026/08/21 23:16:39 - mmengine - WARNING - backbone.layer1.0.downsample.1.bias is skipped since its requires_grad=False
2026/08/21 23:16:39 - mmengine - WARNING - backbone.layer1.1.conv1.weight is skipped since its requires_grad=False
2026/08/21 23:16:39 - mmengine - WARNING - backbone.layer1.1.bn1.weight is skipped since its requires_grad=False
2026/08/21 23:16:39 - mmengine - WARNING - backbone.layer1.1.bn1.bias is skipped since its requires_grad=False
2026/08/21 23:16:39 - mmengine - WARNING - backbone.layer1.1.conv2.weight is skipped since its requires_grad=False
2026/08/21 23:16:39 - mmengine - WARNING - backbone.layer1.1.bn2.weight is skipped since its requires_grad=False
2026/08/21 23:16:39 - mmengine - WARNING - backbone.layer1.1.bn2.bias is skipped since its requires_grad=False
2026/08/21 23:16:39 - mmengine - WARNING - backbone.layer1.1.conv3.weight is skipped since its requires_grad=False
2026/08/21 23:16:39 - mmengine - WARNING - backbone.layer1.1.bn3.weight is skipped since its requires_grad=False
2026/08/21 23:16:39 - mmengine - WARNING - backbone.layer1.1.bn3.bias is skipped since its requires_grad=False
2026/08/21 23:16:39 - mmengine - WARNING - backbone.layer1.2.conv1.weight is skipped since its requires_grad=False
2026/08/21 23:16:39 - mmengine - WARNING - backbone.layer1.2.bn1.weight is skipped since its requires_grad=False
2026/08/21 23:16:39 - mmengine - WARNING - backbone.layer1.2.bn1.bias is skipped since its requires_grad=False
2026/08/21 23:16:39 - mmengine - WARNING - backbone.layer1.2.conv2.weight is skipped since its requires_grad=False
2026/08/21 23:16:39 - mmengine - WARNING - backbone.layer1.2.bn2.weight is skipped since its requires_grad=False
2026/08/21 23:16:39 - mmengine - WARNING - backbone.layer1.2.bn2.bias is skipped since its requires_grad=False
2026/08/21 23:16:39 - mmengine - WARNING - backbone.layer1.2.conv3.weight is skipped since its requires_grad=False
2026/08/21 23:16:39 - mmengine - WARNING - backbone.layer1.2.bn3.weight is skipped since its requires_grad=False
2026/08/21 23:16:39 - mmengine - WARNING - backbone.layer1.2.bn3.bias is skipped since its requires_grad=False
2026/08/21 23:16:39 - mmengine - INFO - paramwise_options -- backbone.layer2.0.bn1.bias:weight_decay=0.0
2026/08/21 23:16:39 - mmengine - INFO - paramwise_options -- backbone.layer2.0.bn2.bias:weight_decay=0.0
2026/08/21 23:16:39 - mmengine - INFO - paramwise_options -- backbone.layer2.0.bn3.bias:weight_decay=0.0
2026/08/21 23:16:39 - mmengine - INFO - paramwise_options -- backbone.layer2.0.downsample.1.bias:weight_decay=0.0
2026/08/21 23:16:39 - mmengine - INFO - paramwise_options -- backbone.layer2.1.bn1.bias:weight_decay=0.0
2026/08/21 23:16:39 - mmengine - INFO - paramwise_options -- backbone.layer2.1.bn2.bias:weight_decay=0.0
2026/08/21 23:16:39 - mmengine - INFO - paramwise_options -- backbone.layer2.1.bn3.bias:weight_decay=0.0
2026/08/21 23:16:39 - mmengine - INFO - paramwise_options -- backbone.layer2.2.bn1.bias:weight_decay=0.0
2026/08/21 23:16:39 - mmengine - INFO - paramwise_options -- backbone.layer2.2.bn2.bias:weight_decay=0.0
2026/08/21 23:16:39 - mmengine - INFO - paramwise_options -- backbone.layer2.2.bn3.bias:weight_decay=0.0
2026/08/21 23:16:39 - mmengine - INFO - paramwise_options -- backbone.layer2.3.bn1.bias:weight_decay=0.0
2026/08/21 23:16:39 - mmengine - INFO - paramwise_options -- backbone.layer2.3.bn2.bias:weight_decay=0.0
2026/08/21 23:16:39 - mmengine - INFO - paramwise_options -- backbone.layer2.3.bn3.bias:weight_decay=0.0
2026/08/21 23:16:39 - mmengine - INFO - paramwise_options -- backbone.layer3.0.bn1.bias:weight_decay=0.0
2026/08/21 23:16:39 - mmengine - INFO - paramwise_options -- backbone.layer3.0.bn2.bias:weight_decay=0.0
2026/08/21 23:16:39 - mmengine - INFO - paramwise_options -- backbone.layer3.0.bn3.bias:weight_decay=0.0
2026/08/21 23:16:39 - mmengine - INFO - paramwise_options -- backbone.layer3.0.downsample.1.bias:weight_decay=0.0
2026/08/21 23:16:39 - mmengine - INFO - paramwise_options -- backbone.layer3.1.bn1.bias:weight_decay=0.0
2026/08/21 23:16:39 - mmengine - INFO - paramwise_options -- backbone.layer3.1.bn2.bias:weight_decay=0.0
2026/08/21 23:16:39 - mmengine - INFO - paramwise_options -- backbone.layer3.1.bn3.bias:weight_decay=0.0
2026/08/21 23:16:39 - mmengine - INFO - paramwise_options -- backbone.layer3.2.bn1.bias:weight_decay=0.0
2026/08/21 23:16:39 - mmengine - INFO - paramwise_options -- backbone.layer3.2.bn2.bias:weight_decay=0.0
2026/08/21 23:16:39 - mmengine - INFO - paramwise_options -- backbone.layer3.2.bn3.bias:weight_decay=0.0
2026/08/21 23:16:39 - mmengine - INFO - paramwise_options -- backbone.layer3.3.bn1.bias:weight_decay=0.0
2026/08/21 23:16:39 - mmengine - INFO - paramwise_options -- backbone.layer3.3.bn2.bias:weight_decay=0.0
2026/08/21 23:16:39 - mmengine - INFO - paramwise_options -- backbone.layer3.3.bn3.bias:weight_decay=0.0
2026/08/21 23:16:39 - mmengine - INFO - paramwise_options -- backbone.layer3.4.bn1.bias:weight_decay=0.0
2026/08/21 23:16:39 - mmengine - INFO - paramwise_options -- backbone.layer3.4.bn2.bias:weight_decay=0.0
2026/08/21 23:16:39 - mmengine - INFO - paramwise_options -- backbone.layer3.4.bn3.bias:weight_decay=0.0
2026/08/21 23:16:39 - mmengine - INFO - paramwise_options -- backbone.layer3.5.bn1.bias:weight_decay=0.0
2026/08/21 23:16:39 - mmengine - INFO - paramwise_options -- backbone.layer3.5.bn2.bias:weight_decay=0.0
2026/08/21 23:16:39 - mmengine - INFO - paramwise_options -- backbone.layer3.5.bn3.bias:weight_decay=0.0
2026/08/21 23:16:39 - mmengine - INFO - paramwise_options -- backbone.layer4.0.bn1.bias:weight_decay=0.0
2026/08/21 23:16:39 - mmengine - INFO - paramwise_options -- backbone.layer4.0.bn2.bias:weight_decay=0.0
2026/08/21 23:16:39 - mmengine - INFO - paramwise_options -- backbone.layer4.0.bn3.bias:weight_decay=0.0
2026/08/21 23:16:39 - mmengine - INFO - paramwise_options -- backbone.layer4.0.downsample.1.bias:weight_decay=0.0
2026/08/21 23:16:39 - mmengine - INFO - paramwise_options -- backbone.layer4.1.bn1.bias:weight_decay=0.0
2026/08/21 23:16:39 - mmengine - INFO - paramwise_options -- backbone.layer4.1.bn2.bias:weight_decay=0.0
2026/08/21 23:16:39 - mmengine - INFO - paramwise_options -- backbone.layer4.1.bn3.bias:weight_decay=0.0
2026/08/21 23:16:39 - mmengine - INFO - paramwise_options -- backbone.layer4.2.bn1.bias:weight_decay=0.0
2026/08/21 23:16:39 - mmengine - INFO - paramwise_options -- backbone.layer4.2.bn2.bias:weight_decay=0.0
2026/08/21 23:16:39 - mmengine - INFO - paramwise_options -- backbone.layer4.2.bn3.bias:weight_decay=0.0
2026/08/21 23:16:39 - mmengine - INFO - paramwise_options -- neck.lateral_convs.0.conv.bias:lr=0.01
2026/08/21 23:16:39 - mmengine - INFO - paramwise_options -- neck.lateral_convs.0.conv.bias:weight_decay=0.0
2026/08/21 23:16:39 - mmengine - INFO - paramwise_options -- neck.lateral_convs.1.conv.bias:lr=0.01
2026/08/21 23:16:39 - mmengine - INFO - paramwise_options -- neck.lateral_convs.1.conv.bias:weight_decay=0.0
2026/08/21 23:16:39 - mmengine - INFO - paramwise_options -- neck.lateral_convs.2.conv.bias:lr=0.01
2026/08/21 23:16:39 - mmengine - INFO - paramwise_options -- neck.lateral_convs.2.conv.bias:weight_decay=0.0
2026/08/21 23:16:39 - mmengine - INFO - paramwise_options -- neck.lateral_convs.3.conv.bias:lr=0.01
2026/08/21 23:16:39 - mmengine - INFO - paramwise_options -- neck.lateral_convs.3.conv.bias:weight_decay=0.0
2026/08/21 23:16:39 - mmengine - INFO - paramwise_options -- neck.fpn_convs.0.conv.bias:lr=0.01
2026/08/21 23:16:39 - mmengine - INFO - paramwise_options -- neck.fpn_convs.0.conv.bias:weight_decay=0.0
2026/08/21 23:16:39 - mmengine - INFO - paramwise_options -- neck.fpn_convs.1.conv.bias:lr=0.01
2026/08/21 23:16:39 - mmengine - INFO - paramwise_options -- neck.fpn_convs.1.conv.bias:weight_decay=0.0
2026/08/21 23:16:39 - mmengine - INFO - paramwise_options -- neck.fpn_convs.2.conv.bias:lr=0.01
2026/08/21 23:16:39 - mmengine - INFO - paramwise_options -- neck.fpn_convs.2.conv.bias:weight_decay=0.0
2026/08/21 23:16:39 - mmengine - INFO - paramwise_options -- neck.fpn_convs.3.conv.bias:lr=0.01
2026/08/21 23:16:39 - mmengine - INFO - paramwise_options -- neck.fpn_convs.3.conv.bias:weight_decay=0.0
2026/08/21 23:16:39 - mmengine - INFO - paramwise_options -- neck.fpn_convs.4.conv.bias:lr=0.01
2026/08/21 23:16:39 - mmengine - INFO - paramwise_options -- neck.fpn_convs.4.conv.bias:weight_decay=0.0
2026/08/21 23:16:39 - mmengine - INFO - paramwise_options -- bbox_head.cls_convs.0.gn.bias:weight_decay=0.0
2026/08/21 23:16:39 - mmengine - INFO - paramwise_options -- bbox_head.cls_convs.1.gn.bias:weight_decay=0.0
2026/08/21 23:16:39 - mmengine - INFO - paramwise_options -- bbox_head.cls_convs.2.gn.bias:weight_decay=0.0
2026/08/21 23:16:39 - mmengine - INFO - paramwise_options -- bbox_head.cls_convs.3.gn.bias:weight_decay=0.0
2026/08/21 23:16:39 - mmengine - INFO - paramwise_options -- bbox_head.reg_convs.0.gn.bias:weight_decay=0.0
2026/08/21 23:16:39 - mmengine - INFO - paramwise_options -- bbox_head.reg_convs.1.gn.bias:weight_decay=0.0
2026/08/21 23:16:39 - mmengine - INFO - paramwise_options -- bbox_head.reg_convs.2.gn.bias:weight_decay=0.0
2026/08/21 23:16:39 - mmengine - INFO - paramwise_options -- bbox_head.reg_convs.3.gn.bias:weight_decay=0.0
2026/08/21 23:16:39 - mmengine - INFO - paramwise_options -- bbox_head.conv_cls.bias:lr=0.01
2026/08/21 23:16:39 - mmengine - INFO - paramwise_options -- bbox_head.conv_cls.bias:weight_decay=0.0
2026/08/21 23:16:39 - mmengine - INFO - paramwise_options -- bbox_head.conv_reg.bias:lr=0.01
2026/08/21 23:16:39 - mmengine - INFO - paramwise_options -- bbox_head.conv_reg.bias:weight_decay=0.0
2026/08/21 23:16:39 - mmengine - INFO - paramwise_options -- bbox_head.conv_centerness.bias:lr=0.01
2026/08/21 23:16:39 - mmengine - INFO - paramwise_options -- bbox_head.conv_centerness.bias:weight_decay=0.0
2026/08/21 23:16:41 - mmengine - INFO - load model from: data/pretrained/resnet50_msra-5891d200.pth
2026/08/21 23:16:41 - mmengine - INFO - Loads checkpoint by local backend from path: data/pretrained/resnet50_msra-5891d200.pth
2026/08/21 23:16:41 - mmengine - WARNING - The model and loaded state dict do not match exactly

unexpected key in source state_dict: conv1.bias

missing keys in source state_dict: maxpool.dw_conv.weight, maxpool.bn_dw.weight, maxpool.bn_dw.bias, maxpool.bn_dw.running_mean, maxpool.bn_dw.running_var, maxpool.fuse_conv.0.weight, maxpool.fuse_conv.1.weight, maxpool.fuse_conv.1.bias, maxpool.fuse_conv.1.running_mean, maxpool.fuse_conv.1.running_var

Name of parameter - Initialization information

backbone.conv1.weight - torch.Size([64, 3, 7, 7]): 
PretrainedInit: load from data/pretrained/resnet50_msra-5891d200.pth 

backbone.bn1.weight - torch.Size([64]): 
PretrainedInit: load from data/pretrained/resnet50_msra-5891d200.pth 

backbone.bn1.bias - torch.Size([64]): 
PretrainedInit: load from data/pretrained/resnet50_msra-5891d200.pth 

backbone.maxpool.dw_conv.weight - torch.Size([32, 1, 3, 3]): 
The value is the same before and after calling `init_weights` of FCOS  

backbone.maxpool.bn_dw.weight - torch.Size([32]): 
The value is the same before and after calling `init_weights` of FCOS  

backbone.maxpool.bn_dw.bias - torch.Size([32]): 
The value is the same before and after calling `init_weights` of FCOS  

backbone.maxpool.fuse_conv.0.weight - torch.Size([64, 160, 1, 1]): 
The value is the same before and after calling `init_weights` of FCOS  

backbone.maxpool.fuse_conv.1.weight - torch.Size([64]): 
The value is the same before and after calling `init_weights` of FCOS  

backbone.maxpool.fuse_conv.1.bias - torch.Size([64]): 
The value is the same before and after calling `init_weights` of FCOS  

backbone.layer1.0.conv1.weight - torch.Size([64, 64, 1, 1]): 
PretrainedInit: load from data/pretrained/resnet50_msra-5891d200.pth 

backbone.layer1.0.bn1.weight - torch.Size([64]): 
PretrainedInit: load from data/pretrained/resnet50_msra-5891d200.pth 

backbone.layer1.0.bn1.bias - torch.Size([64]): 
PretrainedInit: load from data/pretrained/resnet50_msra-5891d200.pth 

backbone.layer1.0.conv2.weight - torch.Size([64, 64, 3, 3]): 
PretrainedInit: load from data/pretrained/resnet50_msra-5891d200.pth 

backbone.layer1.0.bn2.weight - torch.Size([64]): 
PretrainedInit: load from data/pretrained/resnet50_msra-5891d200.pth 

backbone.layer1.0.bn2.bias - torch.Size([64]): 
PretrainedInit: load from data/pretrained/resnet50_msra-5891d200.pth 

backbone.layer1.0.conv3.weight - torch.Size([256, 64, 1, 1]): 
PretrainedInit: load from data/pretrained/resnet50_msra-5891d200.pth 

backbone.layer1.0.bn3.weight - torch.Size([256]): 
PretrainedInit: load from data/pretrained/resnet50_msra-5891d200.pth 

backbone.layer1.0.bn3.bias - torch.Size([256]): 
PretrainedInit: load from data/pretrained/resnet50_msra-5891d200.pth 

backbone.layer1.0.downsample.0.weight - torch.Size([256, 64, 1, 1]): 
PretrainedInit: load from data/pretrained/resnet50_msra-5891d200.pth 

backbone.layer1.0.downsample.1.weight - torch.Size([256]): 
PretrainedInit: load from data/pretrained/resnet50_msra-5891d200.pth 

backbone.layer1.0.downsample.1.bias - torch.Size([256]): 
PretrainedInit: load from data/pretrained/resnet50_msra-5891d200.pth 

backbone.layer1.1.conv1.weight - torch.Size([64, 256, 1, 1]): 
PretrainedInit: load from data/pretrained/resnet50_msra-5891d200.pth 

backbone.layer1.1.bn1.weight - torch.Size([64]): 
PretrainedInit: load from data/pretrained/resnet50_msra-5891d200.pth 

backbone.layer1.1.bn1.bias - torch.Size([64]): 
PretrainedInit: load from data/pretrained/resnet50_msra-5891d200.pth 

backbone.layer1.1.conv2.weight - torch.Size([64, 64, 3, 3]): 
PretrainedInit: load from data/pretrained/resnet50_msra-5891d200.pth 

backbone.layer1.1.bn2.weight - torch.Size([64]): 
PretrainedInit: load from data/pretrained/resnet50_msra-5891d200.pth 

backbone.layer1.1.bn2.bias - torch.Size([64]): 
PretrainedInit: load from data/pretrained/resnet50_msra-5891d200.pth 

backbone.layer1.1.conv3.weight - torch.Size([256, 64, 1, 1]): 
PretrainedInit: load from data/pretrained/resnet50_msra-5891d200.pth 

backbone.layer1.1.bn3.weight - torch.Size([256]): 
PretrainedInit: load from data/pretrained/resnet50_msra-5891d200.pth 

backbone.layer1.1.bn3.bias - torch.Size([256]): 
PretrainedInit: load from data/pretrained/resnet50_msra-5891d200.pth 

backbone.layer1.2.conv1.weight - torch.Size([64, 256, 1, 1]): 
PretrainedInit: load from data/pretrained/resnet50_msra-5891d200.pth 

backbone.layer1.2.bn1.weight - torch.Size([64]): 
PretrainedInit: load from data/pretrained/resnet50_msra-5891d200.pth 

backbone.layer1.2.bn1.bias - torch.Size([64]): 
PretrainedInit: load from data/pretrained/resnet50_msra-5891d200.pth 

backbone.layer1.2.conv2.weight - torch.Size([64, 64, 3, 3]): 
PretrainedInit: load from data/pretrained/resnet50_msra-5891d200.pth 

backbone.layer1.2.bn2.weight - torch.Size([64]): 
PretrainedInit: load from data/pretrained/resnet50_msra-5891d200.pth 

backbone.layer1.2.bn2.bias - torch.Size([64]): 
PretrainedInit: load from data/pretrained/resnet50_msra-5891d200.pth 

backbone.layer1.2.conv3.weight - torch.Size([256, 64, 1, 1]): 
PretrainedInit: load from data/pretrained/resnet50_msra-5891d200.pth 

backbone.layer1.2.bn3.weight - torch.Size([256]): 
PretrainedInit: load from data/pretrained/resnet50_msra-5891d200.pth 

backbone.layer1.2.bn3.bias - torch.Size([256]): 
PretrainedInit: load from data/pretrained/resnet50_msra-5891d200.pth 

backbone.layer2.0.conv1.weight - torch.Size([128, 256, 1, 1]): 
PretrainedInit: load from data/pretrained/resnet50_msra-5891d200.pth 

backbone.layer2.0.bn1.weight - torch.Size([128]): 
PretrainedInit: load from data/pretrained/resnet50_msra-5891d200.pth 

backbone.layer2.0.bn1.bias - torch.Size([128]): 
PretrainedInit: load from data/pretrained/resnet50_msra-5891d200.pth 

backbone.layer2.0.conv2.weight - torch.Size([128, 128, 3, 3]): 
PretrainedInit: load from data/pretrained/resnet50_msra-5891d200.pth 

backbone.layer2.0.bn2.weight - torch.Size([128]): 
PretrainedInit: load from data/pretrained/resnet50_msra-5891d200.pth 

backbone.layer2.0.bn2.bias - torch.Size([128]): 
PretrainedInit: load from data/pretrained/resnet50_msra-5891d200.pth 

backbone.layer2.0.conv3.weight - torch.Size([512, 128, 1, 1]): 
PretrainedInit: load from data/pretrained/resnet50_msra-5891d200.pth 

backbone.layer2.0.bn3.weight - torch.Size([512]): 
PretrainedInit: load from data/pretrained/resnet50_msra-5891d200.pth 

backbone.layer2.0.bn3.bias - torch.Size([512]): 
PretrainedInit: load from data/pretrained/resnet50_msra-5891d200.pth 

backbone.layer2.0.downsample.0.weight - torch.Size([512, 256, 1, 1]): 
PretrainedInit: load from data/pretrained/resnet50_msra-5891d200.pth 

backbone.layer2.0.downsample.1.weight - torch.Size([512]): 
PretrainedInit: load from data/pretrained/resnet50_msra-5891d200.pth 

backbone.layer2.0.downsample.1.bias - torch.Size([512]): 
PretrainedInit: load from data/pretrained/resnet50_msra-5891d200.pth 

backbone.layer2.1.conv1.weight - torch.Size([128, 512, 1, 1]): 
PretrainedInit: load from data/pretrained/resnet50_msra-5891d200.pth 

backbone.layer2.1.bn1.weight - torch.Size([128]): 
PretrainedInit: load from data/pretrained/resnet50_msra-5891d200.pth 

backbone.layer2.1.bn1.bias - torch.Size([128]): 
PretrainedInit: load from data/pretrained/resnet50_msra-5891d200.pth 

backbone.layer2.1.conv2.weight - torch.Size([128, 128, 3, 3]): 
PretrainedInit: load from data/pretrained/resnet50_msra-5891d200.pth 

backbone.layer2.1.bn2.weight - torch.Size([128]): 
PretrainedInit: load from data/pretrained/resnet50_msra-5891d200.pth 

backbone.layer2.1.bn2.bias - torch.Size([128]): 
PretrainedInit: load from data/pretrained/resnet50_msra-5891d200.pth 

backbone.layer2.1.conv3.weight - torch.Size([512, 128, 1, 1]): 
PretrainedInit: load from data/pretrained/resnet50_msra-5891d200.pth 

backbone.layer2.1.bn3.weight - torch.Size([512]): 
PretrainedInit: load from data/pretrained/resnet50_msra-5891d200.pth 

backbone.layer2.1.bn3.bias - torch.Size([512]): 
PretrainedInit: load from data/pretrained/resnet50_msra-5891d200.pth 

backbone.layer2.2.conv1.weight - torch.Size([128, 512, 1, 1]): 
PretrainedInit: load from data/pretrained/resnet50_msra-5891d200.pth 

backbone.layer2.2.bn1.weight - torch.Size([128]): 
PretrainedInit: load from data/pretrained/resnet50_msra-5891d200.pth 

backbone.layer2.2.bn1.bias - torch.Size([128]): 
PretrainedInit: load from data/pretrained/resnet50_msra-5891d200.pth 

backbone.layer2.2.conv2.weight - torch.Size([128, 128, 3, 3]): 
PretrainedInit: load from data/pretrained/resnet50_msra-5891d200.pth 

backbone.layer2.2.bn2.weight - torch.Size([128]): 
PretrainedInit: load from data/pretrained/resnet50_msra-5891d200.pth 

backbone.layer2.2.bn2.bias - torch.Size([128]): 
PretrainedInit: load from data/pretrained/resnet50_msra-5891d200.pth 

backbone.layer2.2.conv3.weight - torch.Size([512, 128, 1, 1]): 
PretrainedInit: load from data/pretrained/resnet50_msra-5891d200.pth 

backbone.layer2.2.bn3.weight - torch.Size([512]): 
PretrainedInit: load from data/pretrained/resnet50_msra-5891d200.pth 

backbone.layer2.2.bn3.bias - torch.Size([512]): 
PretrainedInit: load from data/pretrained/resnet50_msra-5891d200.pth 

backbone.layer2.3.conv1.weight - torch.Size([128, 512, 1, 1]): 
PretrainedInit: load from data/pretrained/resnet50_msra-5891d200.pth 

backbone.layer2.3.bn1.weight - torch.Size([128]): 
PretrainedInit: load from data/pretrained/resnet50_msra-5891d200.pth 

backbone.layer2.3.bn1.bias - torch.Size([128]): 
PretrainedInit: load from data/pretrained/resnet50_msra-5891d200.pth 

backbone.layer2.3.conv2.weight - torch.Size([128, 128, 3, 3]): 
PretrainedInit: load from data/pretrained/resnet50_msra-5891d200.pth 

backbone.layer2.3.bn2.weight - torch.Size([128]): 
PretrainedInit: load from data/pretrained/resnet50_msra-5891d200.pth 

backbone.layer2.3.bn2.bias - torch.Size([128]): 
PretrainedInit: load from data/pretrained/resnet50_msra-5891d200.pth 

backbone.layer2.3.conv3.weight - torch.Size([512, 128, 1, 1]): 
PretrainedInit: load from data/pretrained/resnet50_msra-5891d200.pth 

backbone.layer2.3.bn3.weight - torch.Size([512]): 
PretrainedInit: load from data/pretrained/resnet50_msra-5891d200.pth 

backbone.layer2.3.bn3.bias - torch.Size([512]): 
PretrainedInit: load from data/pretrained/resnet50_msra-5891d200.pth 

backbone.layer3.0.conv1.weight - torch.Size([256, 512, 1, 1]): 
PretrainedInit: load from data/pretrained/resnet50_msra-5891d200.pth 

backbone.layer3.0.bn1.weight - torch.Size([256]): 
PretrainedInit: load from data/pretrained/resnet50_msra-5891d200.pth 

backbone.layer3.0.bn1.bias - torch.Size([256]): 
PretrainedInit: load from data/pretrained/resnet50_msra-5891d200.pth 

backbone.layer3.0.conv2.weight - torch.Size([256, 256, 3, 3]): 
PretrainedInit: load from data/pretrained/resnet50_msra-5891d200.pth 

backbone.layer3.0.bn2.weight - torch.Size([256]): 
PretrainedInit: load from data/pretrained/resnet50_msra-5891d200.pth 

backbone.layer3.0.bn2.bias - torch.Size([256]): 
PretrainedInit: load from data/pretrained/resnet50_msra-5891d200.pth 

backbone.layer3.0.conv3.weight - torch.Size([1024, 256, 1, 1]): 
PretrainedInit: load from data/pretrained/resnet50_msra-5891d200.pth 

backbone.layer3.0.bn3.weight - torch.Size([1024]): 
PretrainedInit: load from data/pretrained/resnet50_msra-5891d200.pth 

backbone.layer3.0.bn3.bias - torch.Size([1024]): 
PretrainedInit: load from data/pretrained/resnet50_msra-5891d200.pth 

backbone.layer3.0.downsample.0.weight - torch.Size([1024, 512, 1, 1]): 
PretrainedInit: load from data/pretrained/resnet50_msra-5891d200.pth 

backbone.layer3.0.downsample.1.weight - torch.Size([1024]): 
PretrainedInit: load from data/pretrained/resnet50_msra-5891d200.pth 

backbone.layer3.0.downsample.1.bias - torch.Size([1024]): 
PretrainedInit: load from data/pretrained/resnet50_msra-5891d200.pth 

backbone.layer3.1.conv1.weight - torch.Size([256, 1024, 1, 1]): 
PretrainedInit: load from data/pretrained/resnet50_msra-5891d200.pth 

backbone.layer3.1.bn1.weight - torch.Size([256]): 
PretrainedInit: load from data/pretrained/resnet50_msra-5891d200.pth 

backbone.layer3.1.bn1.bias - torch.Size([256]): 
PretrainedInit: load from data/pretrained/resnet50_msra-5891d200.pth 

backbone.layer3.1.conv2.weight - torch.Size([256, 256, 3, 3]): 
PretrainedInit: load from data/pretrained/resnet50_msra-5891d200.pth 

backbone.layer3.1.bn2.weight - torch.Size([256]): 
PretrainedInit: load from data/pretrained/resnet50_msra-5891d200.pth 

backbone.layer3.1.bn2.bias - torch.Size([256]): 
PretrainedInit: load from data/pretrained/resnet50_msra-5891d200.pth 

backbone.layer3.1.conv3.weight - torch.Size([1024, 256, 1, 1]): 
PretrainedInit: load from data/pretrained/resnet50_msra-5891d200.pth 

backbone.layer3.1.bn3.weight - torch.Size([1024]): 
PretrainedInit: load from data/pretrained/resnet50_msra-5891d200.pth 

backbone.layer3.1.bn3.bias - torch.Size([1024]): 
PretrainedInit: load from data/pretrained/resnet50_msra-5891d200.pth 

backbone.layer3.2.conv1.weight - torch.Size([256, 1024, 1, 1]): 
PretrainedInit: load from data/pretrained/resnet50_msra-5891d200.pth 

backbone.layer3.2.bn1.weight - torch.Size([256]): 
PretrainedInit: load from data/pretrained/resnet50_msra-5891d200.pth 

backbone.layer3.2.bn1.bias - torch.Size([256]): 
PretrainedInit: load from data/pretrained/resnet50_msra-5891d200.pth 

backbone.layer3.2.conv2.weight - torch.Size([256, 256, 3, 3]): 
PretrainedInit: load from data/pretrained/resnet50_msra-5891d200.pth 

backbone.layer3.2.bn2.weight - torch.Size([256]): 
PretrainedInit: load from data/pretrained/resnet50_msra-5891d200.pth 

backbone.layer3.2.bn2.bias - torch.Size([256]): 
PretrainedInit: load from data/pretrained/resnet50_msra-5891d200.pth 

backbone.layer3.2.conv3.weight - torch.Size([1024, 256, 1, 1]): 
PretrainedInit: load from data/pretrained/resnet50_msra-5891d200.pth 

backbone.layer3.2.bn3.weight - torch.Size([1024]): 
PretrainedInit: load from data/pretrained/resnet50_msra-5891d200.pth 

backbone.layer3.2.bn3.bias - torch.Size([1024]): 
PretrainedInit: load from data/pretrained/resnet50_msra-5891d200.pth 

backbone.layer3.3.conv1.weight - torch.Size([256, 1024, 1, 1]): 
PretrainedInit: load from data/pretrained/resnet50_msra-5891d200.pth 

backbone.layer3.3.bn1.weight - torch.Size([256]): 
PretrainedInit: load from data/pretrained/resnet50_msra-5891d200.pth 

backbone.layer3.3.bn1.bias - torch.Size([256]): 
PretrainedInit: load from data/pretrained/resnet50_msra-5891d200.pth 

backbone.layer3.3.conv2.weight - torch.Size([256, 256, 3, 3]): 
PretrainedInit: load from data/pretrained/resnet50_msra-5891d200.pth 

backbone.layer3.3.bn2.weight - torch.Size([256]): 
PretrainedInit: load from data/pretrained/resnet50_msra-5891d200.pth 

backbone.layer3.3.bn2.bias - torch.Size([256]): 
PretrainedInit: load from data/pretrained/resnet50_msra-5891d200.pth 

backbone.layer3.3.conv3.weight - torch.Size([1024, 256, 1, 1]): 
PretrainedInit: load from data/pretrained/resnet50_msra-5891d200.pth 

backbone.layer3.3.bn3.weight - torch.Size([1024]): 
PretrainedInit: load from data/pretrained/resnet50_msra-5891d200.pth 

backbone.layer3.3.bn3.bias - torch.Size([1024]): 
PretrainedInit: load from data/pretrained/resnet50_msra-5891d200.pth 

backbone.layer3.4.conv1.weight - torch.Size([256, 1024, 1, 1]): 
PretrainedInit: load from data/pretrained/resnet50_msra-5891d200.pth 

backbone.layer3.4.bn1.weight - torch.Size([256]): 
PretrainedInit: load from data/pretrained/resnet50_msra-5891d200.pth 

backbone.layer3.4.bn1.bias - torch.Size([256]): 
PretrainedInit: load from data/pretrained/resnet50_msra-5891d200.pth 

backbone.layer3.4.conv2.weight - torch.Size([256, 256, 3, 3]): 
PretrainedInit: load from data/pretrained/resnet50_msra-5891d200.pth 

backbone.layer3.4.bn2.weight - torch.Size([256]): 
PretrainedInit: load from data/pretrained/resnet50_msra-5891d200.pth 

backbone.layer3.4.bn2.bias - torch.Size([256]): 
PretrainedInit: load from data/pretrained/resnet50_msra-5891d200.pth 

backbone.layer3.4.conv3.weight - torch.Size([1024, 256, 1, 1]): 
PretrainedInit: load from data/pretrained/resnet50_msra-5891d200.pth 

backbone.layer3.4.bn3.weight - torch.Size([1024]): 
PretrainedInit: load from data/pretrained/resnet50_msra-5891d200.pth 

backbone.layer3.4.bn3.bias - torch.Size([1024]): 
PretrainedInit: load from data/pretrained/resnet50_msra-5891d200.pth 

backbone.layer3.5.conv1.weight - torch.Size([256, 1024, 1, 1]): 
PretrainedInit: load from data/pretrained/resnet50_msra-5891d200.pth 

backbone.layer3.5.bn1.weight - torch.Size([256]): 
PretrainedInit: load from data/pretrained/resnet50_msra-5891d200.pth 

backbone.layer3.5.bn1.bias - torch.Size([256]): 
PretrainedInit: load from data/pretrained/resnet50_msra-5891d200.pth 

backbone.layer3.5.conv2.weight - torch.Size([256, 256, 3, 3]): 
PretrainedInit: load from data/pretrained/resnet50_msra-5891d200.pth 

backbone.layer3.5.bn2.weight - torch.Size([256]): 
PretrainedInit: load from data/pretrained/resnet50_msra-5891d200.pth 

backbone.layer3.5.bn2.bias - torch.Size([256]): 
PretrainedInit: load from data/pretrained/resnet50_msra-5891d200.pth 

backbone.layer3.5.conv3.weight - torch.Size([1024, 256, 1, 1]): 
PretrainedInit: load from data/pretrained/resnet50_msra-5891d200.pth 

backbone.layer3.5.bn3.weight - torch.Size([1024]): 
PretrainedInit: load from data/pretrained/resnet50_msra-5891d200.pth 

backbone.layer3.5.bn3.bias - torch.Size([1024]): 
PretrainedInit: load from data/pretrained/resnet50_msra-5891d200.pth 

backbone.layer4.0.conv1.weight - torch.Size([512, 1024, 1, 1]): 
PretrainedInit: load from data/pretrained/resnet50_msra-5891d200.pth 

backbone.layer4.0.bn1.weight - torch.Size([512]): 
PretrainedInit: load from data/pretrained/resnet50_msra-5891d200.pth 

backbone.layer4.0.bn1.bias - torch.Size([512]): 
PretrainedInit: load from data/pretrained/resnet50_msra-5891d200.pth 

backbone.layer4.0.conv2.weight - torch.Size([512, 512, 3, 3]): 
PretrainedInit: load from data/pretrained/resnet50_msra-5891d200.pth 

backbone.layer4.0.bn2.weight - torch.Size([512]): 
PretrainedInit: load from data/pretrained/resnet50_msra-5891d200.pth 

backbone.layer4.0.bn2.bias - torch.Size([512]): 
PretrainedInit: load from data/pretrained/resnet50_msra-5891d200.pth 

backbone.layer4.0.conv3.weight - torch.Size([2048, 512, 1, 1]): 
PretrainedInit: load from data/pretrained/resnet50_msra-5891d200.pth 

backbone.layer4.0.bn3.weight - torch.Size([2048]): 
PretrainedInit: load from data/pretrained/resnet50_msra-5891d200.pth 

backbone.layer4.0.bn3.bias - torch.Size([2048]): 
PretrainedInit: load from data/pretrained/resnet50_msra-5891d200.pth 

backbone.layer4.0.downsample.0.weight - torch.Size([2048, 1024, 1, 1]): 
PretrainedInit: load from data/pretrained/resnet50_msra-5891d200.pth 

backbone.layer4.0.downsample.1.weight - torch.Size([2048]): 
PretrainedInit: load from data/pretrained/resnet50_msra-5891d200.pth 

backbone.layer4.0.downsample.1.bias - torch.Size([2048]): 
PretrainedInit: load from data/pretrained/resnet50_msra-5891d200.pth 

backbone.layer4.1.conv1.weight - torch.Size([512, 2048, 1, 1]): 
PretrainedInit: load from data/pretrained/resnet50_msra-5891d200.pth 

backbone.layer4.1.bn1.weight - torch.Size([512]): 
PretrainedInit: load from data/pretrained/resnet50_msra-5891d200.pth 

backbone.layer4.1.bn1.bias - torch.Size([512]): 
PretrainedInit: load from data/pretrained/resnet50_msra-5891d200.pth 

backbone.layer4.1.conv2.weight - torch.Size([512, 512, 3, 3]): 
PretrainedInit: load from data/pretrained/resnet50_msra-5891d200.pth 

backbone.layer4.1.bn2.weight - torch.Size([512]): 
PretrainedInit: load from data/pretrained/resnet50_msra-5891d200.pth 

backbone.layer4.1.bn2.bias - torch.Size([512]): 
PretrainedInit: load from data/pretrained/resnet50_msra-5891d200.pth 

backbone.layer4.1.conv3.weight - torch.Size([2048, 512, 1, 1]): 
PretrainedInit: load from data/pretrained/resnet50_msra-5891d200.pth 

backbone.layer4.1.bn3.weight - torch.Size([2048]): 
PretrainedInit: load from data/pretrained/resnet50_msra-5891d200.pth 

backbone.layer4.1.bn3.bias - torch.Size([2048]): 
PretrainedInit: load from data/pretrained/resnet50_msra-5891d200.pth 

backbone.layer4.2.conv1.weight - torch.Size([512, 2048, 1, 1]): 
PretrainedInit: load from data/pretrained/resnet50_msra-5891d200.pth 

backbone.layer4.2.bn1.weight - torch.Size([512]): 
PretrainedInit: load from data/pretrained/resnet50_msra-5891d200.pth 

backbone.layer4.2.bn1.bias - torch.Size([512]): 
PretrainedInit: load from data/pretrained/resnet50_msra-5891d200.pth 

backbone.layer4.2.conv2.weight - torch.Size([512, 512, 3, 3]): 
PretrainedInit: load from data/pretrained/resnet50_msra-5891d200.pth 

backbone.layer4.2.bn2.weight - torch.Size([512]): 
PretrainedInit: load from data/pretrained/resnet50_msra-5891d200.pth 

backbone.layer4.2.bn2.bias - torch.Size([512]): 
PretrainedInit: load from data/pretrained/resnet50_msra-5891d200.pth 

backbone.layer4.2.conv3.weight - torch.Size([2048, 512, 1, 1]): 
PretrainedInit: load from data/pretrained/resnet50_msra-5891d200.pth 

backbone.layer4.2.bn3.weight - torch.Size([2048]): 
PretrainedInit: load from data/pretrained/resnet50_msra-5891d200.pth 

backbone.layer4.2.bn3.bias - torch.Size([2048]): 
PretrainedInit: load from data/pretrained/resnet50_msra-5891d200.pth 

neck.lateral_convs.0.conv.weight - torch.Size([256, 256, 1, 1]): 
XavierInit: gain=1, distribution=uniform, bias=0 

neck.lateral_convs.0.conv.bias - torch.Size([256]): 
The value is the same before and after calling `init_weights` of FCOS  

neck.lateral_convs.1.conv.weight - torch.Size([256, 512, 1, 1]): 
XavierInit: gain=1, distribution=uniform, bias=0 

neck.lateral_convs.1.conv.bias - torch.Size([256]): 
The value is the same before and after calling `init_weights` of FCOS  

neck.lateral_convs.2.conv.weight - torch.Size([256, 1024, 1, 1]): 
XavierInit: gain=1, distribution=uniform, bias=0 

neck.lateral_convs.2.conv.bias - torch.Size([256]): 
The value is the same before and after calling `init_weights` of FCOS  

neck.lateral_convs.3.conv.weight - torch.Size([256, 2048, 1, 1]): 
XavierInit: gain=1, distribution=uniform, bias=0 

neck.lateral_convs.3.conv.bias - torch.Size([256]): 
The value is the same before and after calling `init_weights` of FCOS  

neck.fpn_convs.0.conv.weight - torch.Size([256, 256, 3, 3]): 
XavierInit: gain=1, distribution=uniform, bias=0 

neck.fpn_convs.0.conv.bias - torch.Size([256]): 
The value is the same before and after calling `init_weights` of FCOS  

neck.fpn_convs.1.conv.weight - torch.Size([256, 256, 3, 3]): 
XavierInit: gain=1, distribution=uniform, bias=0 

neck.fpn_convs.1.conv.bias - torch.Size([256]): 
The value is the same before and after calling `init_weights` of FCOS  

neck.fpn_convs.2.conv.weight - torch.Size([256, 256, 3, 3]): 
XavierInit: gain=1, distribution=uniform, bias=0 

neck.fpn_convs.2.conv.bias - torch.Size([256]): 
The value is the same before and after calling `init_weights` of FCOS  

neck.fpn_convs.3.conv.weight - torch.Size([256, 256, 3, 3]): 
XavierInit: gain=1, distribution=uniform, bias=0 

neck.fpn_convs.3.conv.bias - torch.Size([256]): 
The value is the same before and after calling `init_weights` of FCOS  

neck.fpn_convs.4.conv.weight - torch.Size([256, 256, 3, 3]): 
XavierInit: gain=1, distribution=uniform, bias=0 

neck.fpn_convs.4.conv.bias - torch.Size([256]): 
The value is the same before and after calling `init_weights` of FCOS  

bbox_head.cls_convs.0.conv.weight - torch.Size([256, 256, 3, 3]): 
NormalInit: mean=0, std=0.01, bias=0 

bbox_head.cls_convs.0.gn.weight - torch.Size([256]): 
The value is the same before and after calling `init_weights` of FCOS  

bbox_head.cls_convs.0.gn.bias - torch.Size([256]): 
The value is the same before and after calling `init_weights` of FCOS  

bbox_head.cls_convs.1.conv.weight - torch.Size([256, 256, 3, 3]): 
NormalInit: mean=0, std=0.01, bias=0 

bbox_head.cls_convs.1.gn.weight - torch.Size([256]): 
The value is the same before and after calling `init_weights` of FCOS  

bbox_head.cls_convs.1.gn.bias - torch.Size([256]): 
The value is the same before and after calling `init_weights` of FCOS  

bbox_head.cls_convs.2.conv.weight - torch.Size([256, 256, 3, 3]): 
NormalInit: mean=0, std=0.01, bias=0 

bbox_head.cls_convs.2.gn.weight - torch.Size([256]): 
The value is the same before and after calling `init_weights` of FCOS  

bbox_head.cls_convs.2.gn.bias - torch.Size([256]): 
The value is the same before and after calling `init_weights` of FCOS  

bbox_head.cls_convs.3.conv.weight - torch.Size([256, 256, 3, 3]): 
NormalInit: mean=0, std=0.01, bias=0 

bbox_head.cls_convs.3.gn.weight - torch.Size([256]): 
The value is the same before and after calling `init_weights` of FCOS  

bbox_head.cls_convs.3.gn.bias - torch.Size([256]): 
The value is the same before and after calling `init_weights` of FCOS  

bbox_head.reg_convs.0.conv.weight - torch.Size([256, 256, 3, 3]): 
NormalInit: mean=0, std=0.01, bias=0 

bbox_head.reg_convs.0.gn.weight - torch.Size([256]): 
The value is the same before and after calling `init_weights` of FCOS  

bbox_head.reg_convs.0.gn.bias - torch.Size([256]): 
The value is the same before and after calling `init_weights` of FCOS  

bbox_head.reg_convs.1.conv.weight - torch.Size([256, 256, 3, 3]): 
NormalInit: mean=0, std=0.01, bias=0 

bbox_head.reg_convs.1.gn.weight - torch.Size([256]): 
The value is the same before and after calling `init_weights` of FCOS  

bbox_head.reg_convs.1.gn.bias - torch.Size([256]): 
The value is the same before and after calling `init_weights` of FCOS  

bbox_head.reg_convs.2.conv.weight - torch.Size([256, 256, 3, 3]): 
NormalInit: mean=0, std=0.01, bias=0 

bbox_head.reg_convs.2.gn.weight - torch.Size([256]): 
The value is the same before and after calling `init_weights` of FCOS  

bbox_head.reg_convs.2.gn.bias - torch.Size([256]): 
The value is the same before and after calling `init_weights` of FCOS  

bbox_head.reg_convs.3.conv.weight - torch.Size([256, 256, 3, 3]): 
NormalInit: mean=0, std=0.01, bias=0 

bbox_head.reg_convs.3.gn.weight - torch.Size([256]): 
The value is the same before and after calling `init_weights` of FCOS  

bbox_head.reg_convs.3.gn.bias - torch.Size([256]): 
The value is the same before and after calling `init_weights` of FCOS  

bbox_head.conv_cls.weight - torch.Size([8, 256, 3, 3]): 
NormalInit: mean=0, std=0.01, bias=-4.59511985013459 

bbox_head.conv_cls.bias - torch.Size([8]): 
NormalInit: mean=0, std=0.01, bias=-4.59511985013459 

bbox_head.conv_reg.weight - torch.Size([4, 256, 3, 3]): 
NormalInit: mean=0, std=0.01, bias=0 

bbox_head.conv_reg.bias - torch.Size([4]): 
NormalInit: mean=0, std=0.01, bias=0 

bbox_head.conv_centerness.weight - torch.Size([1, 256, 3, 3]): 
NormalInit: mean=0, std=0.01, bias=0 

bbox_head.conv_centerness.bias - torch.Size([1]): 
NormalInit: mean=0, std=0.01, bias=0 

bbox_head.scales.0.scale - torch.Size([]): 
The value is the same before and after calling `init_weights` of FCOS  

bbox_head.scales.1.scale - torch.Size([]): 
The value is the same before and after calling `init_weights` of FCOS  

bbox_head.scales.2.scale - torch.Size([]): 
The value is the same before and after calling `init_weights` of FCOS  

bbox_head.scales.3.scale - torch.Size([]): 
The value is the same before and after calling `init_weights` of FCOS  

bbox_head.scales.4.scale - torch.Size([]): 
The value is the same before and after calling `init_weights` of FCOS  
2026/08/21 23:16:41 - mmengine - INFO - Auto resumed from the latest checkpoint /root/tiny-object-research/outputs/PRT-002/PDD/seed0/epoch_3.pth.
2026/08/21 23:16:41 - mmengine - INFO - Load checkpoint from /root/tiny-object-research/outputs/PRT-002/PDD/seed0/epoch_3.pth
2026/08/21 23:16:41 - mmengine - INFO - resumed epoch: 3, iter: 8412
2026/08/21 23:16:41 - mmengine - WARNING - "FileClient" will be deprecated in future. Please use io functions in https://mmengine.readthedocs.io/en/latest/api/fileio.html#file-io
2026/08/21 23:16:41 - mmengine - WARNING - "HardDiskBackend" is the alias of "LocalBackend" and the former will be deprecated in future.
2026/08/21 23:16:41 - mmengine - INFO - Checkpoints will be saved to /root/tiny-object-research/outputs/PRT-002/PDD/seed0.
2026/08/21 23:17:01 - mmengine - INFO - Epoch(train)  [4][  50/2804]  base_lr: 5.0000e-03 lr: 5.0000e-03  eta: 2:45:11  time: 0.3247  data_time: 0.0013  memory: 9130  grad_norm: 1.0046  loss: 2.1425  loss_cls: 0.8106  loss_bbox: 0.6694  loss_centerness: 0.6625
2026/08/21 23:17:17 - mmengine - INFO - Epoch(train)  [4][ 100/2804]  base_lr: 5.0000e-03 lr: 5.0000e-03  eta: 2:30:23  time: 0.3213  data_time: 0.0013  memory: 9766  grad_norm: 1.2259  loss: 2.1684  loss_cls: 0.8237  loss_bbox: 0.6820  loss_centerness: 0.6627
2026/08/21 23:17:33 - mmengine - INFO - Epoch(train)  [4][ 150/2804]  base_lr: 5.0000e-03 lr: 5.0000e-03  eta: 2:24:37  time: 0.3146  data_time: 0.0013  memory: 9281  grad_norm: 1.4763  loss: 2.2648  loss_cls: 0.9294  loss_bbox: 0.6755  loss_centerness: 0.6599
2026/08/21 23:17:49 - mmengine - INFO - Epoch(train)  [4][ 200/2804]  base_lr: 5.0000e-03 lr: 5.0000e-03  eta: 2:21:29  time: 0.3165  data_time: 0.0012  memory: 8833  grad_norm: 0.9425  loss: 2.1699  loss_cls: 0.8249  loss_bbox: 0.6788  loss_centerness: 0.6662
2026/08/21 23:18:05 - mmengine - INFO - Epoch(train)  [4][ 250/2804]  base_lr: 5.0000e-03 lr: 5.0000e-03  eta: 2:19:41  time: 0.3225  data_time: 0.0014  memory: 9297  grad_norm: 0.7959  loss: 2.0516  loss_cls: 0.7198  loss_bbox: 0.6704  loss_centerness: 0.6614
2026/08/21 23:18:21 - mmengine - INFO - Epoch(train)  [4][ 300/2804]  base_lr: 5.0000e-03 lr: 5.0000e-03  eta: 2:18:30  time: 0.3219  data_time: 0.0013  memory: 10559  grad_norm: 1.2206  loss: 2.2330  loss_cls: 0.8679  loss_bbox: 0.7005  loss_centerness: 0.6647
2026/08/21 23:18:38 - mmengine - INFO - Epoch(train)  [4][ 350/2804]  base_lr: 5.0000e-03 lr: 5.0000e-03  eta: 2:17:34  time: 0.3216  data_time: 0.0013  memory: 9678  grad_norm: 0.9607  loss: 2.1192  loss_cls: 0.7753  loss_bbox: 0.6790  loss_centerness: 0.6649
2026/08/21 23:18:54 - mmengine - INFO - Epoch(train)  [4][ 400/2804]  base_lr: 5.0000e-03 lr: 5.0000e-03  eta: 2:16:48  time: 0.3226  data_time: 0.0012  memory: 8824  grad_norm: 0.7696  loss: 2.1553  loss_cls: 0.8204  loss_bbox: 0.6694  loss_centerness: 0.6656
2026/08/21 23:19:10 - mmengine - INFO - Epoch(train)  [4][ 450/2804]  base_lr: 5.0000e-03 lr: 5.0000e-03  eta: 2:16:14  time: 0.3275  data_time: 0.0013  memory: 8724  grad_norm: 0.7568  loss: 2.1765  loss_cls: 0.8227  loss_bbox: 0.6893  loss_centerness: 0.6645
2026/08/21 23:19:26 - mmengine - INFO - Epoch(train)  [4][ 500/2804]  base_lr: 5.0000e-03 lr: 5.0000e-03  eta: 2:15:43  time: 0.3234  data_time: 0.0013  memory: 8982  grad_norm: 1.0793  loss: 2.1528  loss_cls: 0.7990  loss_bbox: 0.6916  loss_centerness: 0.6623
2026/08/21 23:19:42 - mmengine - INFO - Epoch(train)  [4][ 550/2804]  base_lr: 5.0000e-03 lr: 5.0000e-03  eta: 2:15:12  time: 0.3225  data_time: 0.0013  memory: 9572  grad_norm: 0.9699  loss: 2.2065  loss_cls: 0.8499  loss_bbox: 0.6904  loss_centerness: 0.6662
2026/08/21 23:19:54 - mmengine - INFO - Exp name: fcos_r50_pdd_p2p6_aitodv2_20260821_231631
2026/08/21 23:19:58 - mmengine - INFO - Epoch(train)  [4][ 600/2804]  base_lr: 5.0000e-03 lr: 5.0000e-03  eta: 2:14:45  time: 0.3238  data_time: 0.0013  memory: 9133  grad_norm: 1.0195  loss: 2.1063  loss_cls: 0.7278  loss_bbox: 0.7138  loss_centerness: 0.6647
2026/08/21 23:20:15 - mmengine - INFO - Epoch(train)  [4][ 650/2804]  base_lr: 5.0000e-03 lr: 5.0000e-03  eta: 2:14:19  time: 0.3254  data_time: 0.0012  memory: 10852  grad_norm: 0.9784  loss: 2.1942  loss_cls: 0.8396  loss_bbox: 0.6897  loss_centerness: 0.6649
2026/08/21 23:20:31 - mmengine - INFO - Epoch(train)  [4][ 700/2804]  base_lr: 5.0000e-03 lr: 5.0000e-03  eta: 2:13:54  time: 0.3229  data_time: 0.0013  memory: 9662  grad_norm: 1.1445  loss: 2.1915  loss_cls: 0.8478  loss_bbox: 0.6776  loss_centerness: 0.6661
2026/08/21 23:20:47 - mmengine - INFO - Epoch(train)  [4][ 750/2804]  base_lr: 5.0000e-03 lr: 5.0000e-03  eta: 2:13:30  time: 0.3242  data_time: 0.0013  memory: 9363  grad_norm: 1.0399  loss: 2.1336  loss_cls: 0.7923  loss_bbox: 0.6773  loss_centerness: 0.6640
2026/08/21 23:21:03 - mmengine - INFO - Epoch(train)  [4][ 800/2804]  base_lr: 5.0000e-03 lr: 5.0000e-03  eta: 2:13:07  time: 0.3221  data_time: 0.0013  memory: 9293  grad_norm: 0.8793  loss: 2.0838  loss_cls: 0.7670  loss_bbox: 0.6559  loss_centerness: 0.6610
2026/08/21 23:21:19 - mmengine - INFO - Epoch(train)  [4][ 850/2804]  base_lr: 5.0000e-03 lr: 5.0000e-03  eta: 2:12:49  time: 0.3274  data_time: 0.0016  memory: 9974  grad_norm: 0.9809  loss: 2.2221  loss_cls: 0.8615  loss_bbox: 0.6990  loss_centerness: 0.6615
2026/08/21 23:21:35 - mmengine - INFO - Epoch(train)  [4][ 900/2804]  base_lr: 5.0000e-03 lr: 5.0000e-03  eta: 2:12:30  time: 0.3292  data_time: 0.0013  memory: 8815  grad_norm: 1.2155  loss: 2.1717  loss_cls: 0.8051  loss_bbox: 0.7024  loss_centerness: 0.6642
2026/08/21 23:21:52 - mmengine - INFO - Epoch(train)  [4][ 950/2804]  base_lr: 5.0000e-03 lr: 5.0000e-03  eta: 2:12:11  time: 0.3222  data_time: 0.0012  memory: 9653  grad_norm: 1.6696  loss: 2.2862  loss_cls: 0.9732  loss_bbox: 0.6522  loss_centerness: 0.6608
2026/08/21 23:22:08 - mmengine - INFO - Epoch(train)  [4][1000/2804]  base_lr: 5.0000e-03 lr: 5.0000e-03  eta: 2:11:50  time: 0.3236  data_time: 0.0013  memory: 11504  grad_norm: 1.1305  loss: 2.1033  loss_cls: 0.7484  loss_bbox: 0.6902  loss_centerness: 0.6647
2026/08/21 23:22:24 - mmengine - INFO - Epoch(train)  [4][1050/2804]  base_lr: 5.0000e-03 lr: 5.0000e-03  eta: 2:11:29  time: 0.3225  data_time: 0.0012  memory: 9346  grad_norm: 0.9431  loss: 2.1536  loss_cls: 0.8295  loss_bbox: 0.6621  loss_centerness: 0.6620
2026/08/21 23:22:40 - mmengine - INFO - Epoch(train)  [4][1100/2804]  base_lr: 5.0000e-03 lr: 5.0000e-03  eta: 2:11:11  time: 0.3204  data_time: 0.0012  memory: 9191  grad_norm: 1.2941  loss: 2.1754  loss_cls: 0.8257  loss_bbox: 0.6893  loss_centerness: 0.6604
2026/08/21 23:22:56 - mmengine - INFO - Epoch(train)  [4][1150/2804]  base_lr: 5.0000e-03 lr: 5.0000e-03  eta: 2:10:54  time: 0.3308  data_time: 0.0019  memory: 10318  grad_norm: 1.3956  loss: 2.2296  loss_cls: 0.8591  loss_bbox: 0.7054  loss_centerness: 0.6651
2026/08/21 23:23:13 - mmengine - INFO - Epoch(train)  [4][1200/2804]  base_lr: 5.0000e-03 lr: 5.0000e-03  eta: 2:10:39  time: 0.3290  data_time: 0.0014  memory: 8894  grad_norm: 0.8861  loss: 2.1470  loss_cls: 0.8321  loss_bbox: 0.6541  loss_centerness: 0.6608
2026/08/21 23:23:29 - mmengine - INFO - Epoch(train)  [4][1250/2804]  base_lr: 5.0000e-03 lr: 5.0000e-03  eta: 2:10:23  time: 0.3258  data_time: 0.0013  memory: 11917  grad_norm: 1.1495  loss: 2.1768  loss_cls: 0.8589  loss_bbox: 0.6552  loss_centerness: 0.6627
2026/08/21 23:23:45 - mmengine - INFO - Epoch(train)  [4][1300/2804]  base_lr: 5.0000e-03 lr: 5.0000e-03  eta: 2:10:04  time: 0.3201  data_time: 0.0017  memory: 8793  grad_norm: 0.9018  loss: 2.1424  loss_cls: 0.8112  loss_bbox: 0.6662  loss_centerness: 0.6650
2026/08/21 23:24:02 - mmengine - INFO - Epoch(train)  [4][1350/2804]  base_lr: 5.0000e-03 lr: 5.0000e-03  eta: 2:09:46  time: 0.3274  data_time: 0.0016  memory: 9247  grad_norm: 1.0726  loss: 2.1525  loss_cls: 0.7964  loss_bbox: 0.6944  loss_centerness: 0.6616
2026/08/21 23:24:18 - mmengine - INFO - Epoch(train)  [4][1400/2804]  base_lr: 5.0000e-03 lr: 5.0000e-03  eta: 2:09:29  time: 0.3226  data_time: 0.0014  memory: 8853  grad_norm: 0.8983  loss: 2.1513  loss_cls: 0.8021  loss_bbox: 0.6812  loss_centerness: 0.6679
2026/08/21 23:24:34 - mmengine - INFO - Epoch(train)  [4][1450/2804]  base_lr: 5.0000e-03 lr: 5.0000e-03  eta: 2:09:16  time: 0.3275  data_time: 0.0016  memory: 11740  grad_norm: 0.9738  loss: 2.2149  loss_cls: 0.8939  loss_bbox: 0.6532  loss_centerness: 0.6678
2026/08/21 23:24:51 - mmengine - INFO - Epoch(train)  [4][1500/2804]  base_lr: 5.0000e-03 lr: 5.0000e-03  eta: 2:09:00  time: 0.3252  data_time: 0.0014  memory: 9585  grad_norm: 1.3449  loss: 2.3556  loss_cls: 1.0171  loss_bbox: 0.6790  loss_centerness: 0.6595
2026/08/21 23:25:07 - mmengine - INFO - Epoch(train)  [4][1550/2804]  base_lr: 5.0000e-03 lr: 5.0000e-03  eta: 2:08:44  time: 0.3262  data_time: 0.0014  memory: 12482  grad_norm: 1.4428  loss: 2.1559  loss_cls: 0.8170  loss_bbox: 0.6754  loss_centerness: 0.6635
2026/08/21 23:25:19 - mmengine - INFO - Exp name: fcos_r50_pdd_p2p6_aitodv2_20260821_231631
2026/08/21 23:25:23 - mmengine - INFO - Epoch(train)  [4][1600/2804]  base_lr: 5.0000e-03 lr: 5.0000e-03  eta: 2:08:30  time: 0.3264  data_time: 0.0015  memory: 8815  grad_norm: 0.8488  loss: 2.1593  loss_cls: 0.8155  loss_bbox: 0.6816  loss_centerness: 0.6622
2026/08/21 23:25:40 - mmengine - INFO - Epoch(train)  [4][1650/2804]  base_lr: 5.0000e-03 lr: 5.0000e-03  eta: 2:08:13  time: 0.3263  data_time: 0.0015  memory: 8787  grad_norm: 1.0236  loss: 2.2060  loss_cls: 0.8183  loss_bbox: 0.7226  loss_centerness: 0.6651
2026/08/21 23:25:56 - mmengine - INFO - Epoch(train)  [4][1700/2804]  base_lr: 5.0000e-03 lr: 5.0000e-03  eta: 2:07:57  time: 0.3272  data_time: 0.0014  memory: 9650  grad_norm: 0.9128  loss: 2.0996  loss_cls: 0.7606  loss_bbox: 0.6735  loss_centerness: 0.6655
2026/08/21 23:26:12 - mmengine - INFO - Epoch(train)  [4][1750/2804]  base_lr: 5.0000e-03 lr: 5.0000e-03  eta: 2:07:42  time: 0.3302  data_time: 0.0017  memory: 8884  grad_norm: 1.2209  loss: 2.0264  loss_cls: 0.6865  loss_bbox: 0.6780  loss_centerness: 0.6619
2026/08/21 23:26:29 - mmengine - INFO - Epoch(train)  [4][1800/2804]  base_lr: 5.0000e-03 lr: 5.0000e-03  eta: 2:07:27  time: 0.3316  data_time: 0.0015  memory: 9484  grad_norm: 0.9116  loss: 2.1476  loss_cls: 0.8457  loss_bbox: 0.6412  loss_centerness: 0.6608
2026/08/21 23:26:45 - mmengine - INFO - Epoch(train)  [4][1850/2804]  base_lr: 5.0000e-03 lr: 5.0000e-03  eta: 2:07:12  time: 0.3265  data_time: 0.0013  memory: 9905  grad_norm: 1.0516  loss: 2.0827  loss_cls: 0.7536  loss_bbox: 0.6668  loss_centerness: 0.6623
2026/08/21 23:27:02 - mmengine - INFO - Epoch(train)  [4][1900/2804]  base_lr: 5.0000e-03 lr: 5.0000e-03  eta: 2:06:58  time: 0.3336  data_time: 0.0015  memory: 9606  grad_norm: 1.2170  loss: 2.2580  loss_cls: 0.8902  loss_bbox: 0.7033  loss_centerness: 0.6646
2026/08/21 23:27:18 - mmengine - INFO - Epoch(train)  [4][1950/2804]  base_lr: 5.0000e-03 lr: 5.0000e-03  eta: 2:06:41  time: 0.3250  data_time: 0.0014  memory: 9192  grad_norm: 1.4180  loss: 2.2559  loss_cls: 0.8878  loss_bbox: 0.7059  loss_centerness: 0.6623
2026/08/21 23:27:35 - mmengine - INFO - Epoch(train)  [4][2000/2804]  base_lr: 5.0000e-03 lr: 5.0000e-03  eta: 2:06:27  time: 0.3250  data_time: 0.0014  memory: 11592  grad_norm: 0.9467  loss: 2.1982  loss_cls: 0.8762  loss_bbox: 0.6576  loss_centerness: 0.6644
2026/08/21 23:27:51 - mmengine - INFO - Epoch(train)  [4][2050/2804]  base_lr: 5.0000e-03 lr: 5.0000e-03  eta: 2:06:12  time: 0.3292  data_time: 0.0017  memory: 8686  grad_norm: 0.9572  loss: 2.1425  loss_cls: 0.8185  loss_bbox: 0.6610  loss_centerness: 0.6630
2026/08/21 23:28:07 - mmengine - INFO - Epoch(train)  [4][2100/2804]  base_lr: 5.0000e-03 lr: 5.0000e-03  eta: 2:05:56  time: 0.3310  data_time: 0.0016  memory: 10832  grad_norm: 0.8481  loss: 2.0757  loss_cls: 0.7640  loss_bbox: 0.6516  loss_centerness: 0.6601
2026/08/21 23:28:24 - mmengine - INFO - Epoch(train)  [4][2150/2804]  base_lr: 5.0000e-03 lr: 5.0000e-03  eta: 2:05:41  time: 0.3295  data_time: 0.0015  memory: 8892  grad_norm: 0.9173  loss: 2.2108  loss_cls: 0.8995  loss_bbox: 0.6516  loss_centerness: 0.6597
2026/08/21 23:28:40 - mmengine - INFO - Epoch(train)  [4][2200/2804]  base_lr: 5.0000e-03 lr: 5.0000e-03  eta: 2:05:26  time: 0.3277  data_time: 0.0014  memory: 9281  grad_norm: 0.7517  loss: 2.1549  loss_cls: 0.8171  loss_bbox: 0.6756  loss_centerness: 0.6622
2026/08/21 23:28:57 - mmengine - INFO - Epoch(train)  [4][2250/2804]  base_lr: 5.0000e-03 lr: 5.0000e-03  eta: 2:05:12  time: 0.3250  data_time: 0.0016  memory: 11421  grad_norm: 0.8706  loss: 2.1154  loss_cls: 0.7742  loss_bbox: 0.6802  loss_centerness: 0.6610
2026/08/21 23:29:13 - mmengine - INFO - Epoch(train)  [4][2300/2804]  base_lr: 5.0000e-03 lr: 5.0000e-03  eta: 2:04:55  time: 0.3303  data_time: 0.0014  memory: 9131  grad_norm: 0.7769  loss: 2.1181  loss_cls: 0.7820  loss_bbox: 0.6737  loss_centerness: 0.6623
2026/08/21 23:29:30 - mmengine - INFO - Epoch(train)  [4][2350/2804]  base_lr: 5.0000e-03 lr: 5.0000e-03  eta: 2:04:39  time: 0.3272  data_time: 0.0014  memory: 8916  grad_norm: 1.1150  loss: 2.1437  loss_cls: 0.8108  loss_bbox: 0.6675  loss_centerness: 0.6654
2026/08/21 23:29:46 - mmengine - INFO - Epoch(train)  [4][2400/2804]  base_lr: 5.0000e-03 lr: 5.0000e-03  eta: 2:04:22  time: 0.3248  data_time: 0.0014  memory: 10896  grad_norm: 0.8742  loss: 2.1361  loss_cls: 0.8079  loss_bbox: 0.6654  loss_centerness: 0.6628
2026/08/21 23:30:02 - mmengine - INFO - Epoch(train)  [4][2450/2804]  base_lr: 5.0000e-03 lr: 5.0000e-03  eta: 2:04:05  time: 0.3257  data_time: 0.0015  memory: 10901  grad_norm: 1.0294  loss: 2.1465  loss_cls: 0.8321  loss_bbox: 0.6527  loss_centerness: 0.6618
2026/08/21 23:30:18 - mmengine - INFO - Epoch(train)  [4][2500/2804]  base_lr: 5.0000e-03 lr: 5.0000e-03  eta: 2:03:48  time: 0.3249  data_time: 0.0014  memory: 9287  grad_norm: 0.8199  loss: 2.1145  loss_cls: 0.8062  loss_bbox: 0.6481  loss_centerness: 0.6603
2026/08/21 23:30:35 - mmengine - INFO - Epoch(train)  [4][2550/2804]  base_lr: 5.0000e-03 lr: 5.0000e-03  eta: 2:03:31  time: 0.3239  data_time: 0.0013  memory: 8724  grad_norm: 1.1405  loss: 2.2241  loss_cls: 0.8732  loss_bbox: 0.6913  loss_centerness: 0.6596
2026/08/21 23:30:47 - mmengine - INFO - Exp name: fcos_r50_pdd_p2p6_aitodv2_20260821_231631
2026/08/21 23:30:51 - mmengine - INFO - Epoch(train)  [4][2600/2804]  base_lr: 5.0000e-03 lr: 5.0000e-03  eta: 2:03:14  time: 0.3273  data_time: 0.0015  memory: 10837  grad_norm: 1.1056  loss: 2.1626  loss_cls: 0.7968  loss_bbox: 0.7041  loss_centerness: 0.6616
2026/08/21 23:31:07 - mmengine - INFO - Epoch(train)  [4][2650/2804]  base_lr: 5.0000e-03 lr: 5.0000e-03  eta: 2:02:57  time: 0.3259  data_time: 0.0014  memory: 9012  grad_norm: 0.9279  loss: 2.1398  loss_cls: 0.8090  loss_bbox: 0.6688  loss_centerness: 0.6620
2026/08/21 23:31:23 - mmengine - INFO - Epoch(train)  [4][2700/2804]  base_lr: 5.0000e-03 lr: 5.0000e-03  eta: 2:02:40  time: 0.3238  data_time: 0.0014  memory: 9175  grad_norm: 1.0632  loss: 2.1859  loss_cls: 0.8232  loss_bbox: 0.6995  loss_centerness: 0.6632
2026/08/21 23:31:40 - mmengine - INFO - Epoch(train)  [4][2750/2804]  base_lr: 5.0000e-03 lr: 5.0000e-03  eta: 2:02:23  time: 0.3232  data_time: 0.0013  memory: 9729  grad_norm: 1.0170  loss: 2.2036  loss_cls: 0.8907  loss_bbox: 0.6534  loss_centerness: 0.6596
2026/08/21 23:31:56 - mmengine - INFO - Epoch(train)  [4][2800/2804]  base_lr: 5.0000e-03 lr: 5.0000e-03  eta: 2:02:05  time: 0.3200  data_time: 0.0008  memory: 8986  grad_norm: 1.1718  loss: 2.2170  loss_cls: 0.8545  loss_bbox: 0.6939  loss_centerness: 0.6686
2026/08/21 23:31:57 - mmengine - INFO - Exp name: fcos_r50_pdd_p2p6_aitodv2_20260821_231631
2026/08/21 23:31:57 - mmengine - INFO - Saving checkpoint at 4 epochs
2026/08/21 23:32:04 - mmengine - INFO - Epoch(val)  [4][ 50/701]    eta: 0:00:58  time: 0.0780  data_time: 0.0003  memory: 8760  
2026/08/21 23:32:07 - mmengine - INFO - Epoch(val)  [4][100/701]    eta: 0:00:50  time: 0.0784  data_time: 0.0004  memory: 1122  
2026/08/21 23:32:11 - mmengine - INFO - Epoch(val)  [4][150/701]    eta: 0:00:45  time: 0.0786  data_time: 0.0004  memory: 1122  
2026/08/21 23:32:15 - mmengine - INFO - Epoch(val)  [4][200/701]    eta: 0:00:40  time: 0.0782  data_time: 0.0004  memory: 1122  
2026/08/21 23:32:19 - mmengine - INFO - Epoch(val)  [4][250/701]    eta: 0:00:36  time: 0.0782  data_time: 0.0004  memory: 1122  
2026/08/21 23:32:23 - mmengine - INFO - Epoch(val)  [4][300/701]    eta: 0:00:32  time: 0.0788  data_time: 0.0005  memory: 1122  
2026/08/21 23:32:27 - mmengine - INFO - Epoch(val)  [4][350/701]    eta: 0:00:28  time: 0.0779  data_time: 0.0004  memory: 1122  
2026/08/21 23:32:31 - mmengine - INFO - Epoch(val)  [4][400/701]    eta: 0:00:24  time: 0.0780  data_time: 0.0004  memory: 1122  
2026/08/21 23:32:35 - mmengine - INFO - Epoch(val)  [4][450/701]    eta: 0:00:19  time: 0.0782  data_time: 0.0004  memory: 1122  
2026/08/21 23:32:39 - mmengine - INFO - Epoch(val)  [4][500/701]    eta: 0:00:15  time: 0.0778  data_time: 0.0004  memory: 1122  
2026/08/21 23:32:43 - mmengine - INFO - Epoch(val)  [4][550/701]    eta: 0:00:11  time: 0.0782  data_time: 0.0004  memory: 1122  
2026/08/21 23:32:47 - mmengine - INFO - Epoch(val)  [4][600/701]    eta: 0:00:08  time: 0.0784  data_time: 0.0004  memory: 1122  
2026/08/21 23:32:51 - mmengine - INFO - Epoch(val)  [4][650/701]    eta: 0:00:04  time: 0.0782  data_time: 0.0004  memory: 1122  
2026/08/21 23:32:54 - mmengine - INFO - Epoch(val)  [4][700/701]    eta: 0:00:00  time: 0.0773  data_time: 0.0002  memory: 1122  
2026/08/21 23:32:55 - mmengine - INFO - Evaluating bbox...
2026/08/21 23:32:55 - mmengine - ERROR - /root/miniconda3/lib/python3.8/site-packages/mmdet/evaluation/metrics/coco_metric.py - compute_metrics - 465 - The testing results of the whole dataset is empty.
2026/08/21 23:32:55 - mmengine - INFO - Epoch(val) [4][701/701]    data_time: 0.0011  time: 0.0791
2026/08/21 23:32:55 - mmengine - WARNING - Since `metrics` is an empty dict, the behavior to save the best checkpoint will be skipped in this evaluation.
2026/08/21 23:33:11 - mmengine - INFO - Epoch(train)  [5][  50/2804]  base_lr: 5.0000e-03 lr: 5.0000e-03  eta: 2:01:50  time: 0.3244  data_time: 0.0018  memory: 8818  grad_norm: 1.0730  loss: 2.1924  loss_cls: 0.8521  loss_bbox: 0.6770  loss_centerness: 0.6633
2026/08/21 23:33:27 - mmengine - INFO - Epoch(train)  [5][ 100/2804]  base_lr: 5.0000e-03 lr: 5.0000e-03  eta: 2:01:34  time: 0.3263  data_time: 0.0016  memory: 12482  grad_norm: 0.7488  loss: 2.0526  loss_cls: 0.7308  loss_bbox: 0.6580  loss_centerness: 0.6638
2026/08/21 23:33:44 - mmengine - INFO - Epoch(train)  [5][ 150/2804]  base_lr: 5.0000e-03 lr: 5.0000e-03  eta: 2:01:17  time: 0.3241  data_time: 0.0015  memory: 9430  grad_norm: 0.7569  loss: 2.2221  loss_cls: 0.8938  loss_bbox: 0.6669  loss_centerness: 0.6614
2026/08/21 23:34:00 - mmengine - INFO - Epoch(train)  [5][ 200/2804]  base_lr: 5.0000e-03 lr: 5.0000e-03  eta: 2:01:01  time: 0.3266  data_time: 0.0018  memory: 8958  grad_norm: 1.2626  loss: 2.1890  loss_cls: 0.8415  loss_bbox: 0.6873  loss_centerness: 0.6602
2026/08/21 23:34:16 - mmengine - INFO - Epoch(train)  [5][ 250/2804]  base_lr: 5.0000e-03 lr: 5.0000e-03  eta: 2:00:45  time: 0.3293  data_time: 0.0019  memory: 10896  grad_norm: 1.0398  loss: 2.0754  loss_cls: 0.7424  loss_bbox: 0.6694  loss_centerness: 0.6636
2026/08/21 23:34:33 - mmengine - INFO - Epoch(train)  [5][ 300/2804]  base_lr: 5.0000e-03 lr: 5.0000e-03  eta: 2:00:28  time: 0.3260  data_time: 0.0014  memory: 10901  grad_norm: 1.1405  loss: 2.1837  loss_cls: 0.8673  loss_bbox: 0.6524  loss_centerness: 0.6641
2026/08/21 23:34:49 - mmengine - INFO - Epoch(train)  [5][ 350/2804]  base_lr: 5.0000e-03 lr: 5.0000e-03  eta: 2:00:12  time: 0.3254  data_time: 0.0012  memory: 9123  grad_norm: 1.2985  loss: 2.2047  loss_cls: 0.8819  loss_bbox: 0.6611  loss_centerness: 0.6618
2026/08/21 23:35:05 - mmengine - INFO - Epoch(train)  [5][ 400/2804]  base_lr: 5.0000e-03 lr: 5.0000e-03  eta: 1:59:57  time: 0.3291  data_time: 0.0015  memory: 9261  grad_norm: 1.0933  loss: 2.1450  loss_cls: 0.8099  loss_bbox: 0.6733  loss_centerness: 0.6617
2026/08/21 23:35:22 - mmengine - INFO - Epoch(train)  [5][ 450/2804]  base_lr: 5.0000e-03 lr: 5.0000e-03  eta: 1:59:41  time: 0.3246  data_time: 0.0013  memory: 9342  grad_norm: 0.9064  loss: 2.0983  loss_cls: 0.7839  loss_bbox: 0.6557  loss_centerness: 0.6587
2026/08/21 23:35:38 - mmengine - INFO - Epoch(train)  [5][ 500/2804]  base_lr: 5.0000e-03 lr: 5.0000e-03  eta: 1:59:24  time: 0.3251  data_time: 0.0013  memory: 9281  grad_norm: 1.0056  loss: 2.1821  loss_cls: 0.8419  loss_bbox: 0.6786  loss_centerness: 0.6616
2026/08/21 23:35:54 - mmengine - INFO - Epoch(train)  [5][ 550/2804]  base_lr: 5.0000e-03 lr: 5.0000e-03  eta: 1:59:07  time: 0.3249  data_time: 0.0015  memory: 10850  grad_norm: 1.1353  loss: 2.1946  loss_cls: 0.8359  loss_bbox: 0.6963  loss_centerness: 0.6624
2026/08/21 23:36:11 - mmengine - INFO - Epoch(train)  [5][ 600/2804]  base_lr: 5.0000e-03 lr: 5.0000e-03  eta: 1:58:50  time: 0.3253  data_time: 0.0014  memory: 9162  grad_norm: 0.8933  loss: 2.1367  loss_cls: 0.8162  loss_bbox: 0.6631  loss_centerness: 0.6574
2026/08/21 23:36:27 - mmengine - INFO - Epoch(train)  [5][ 650/2804]  base_lr: 5.0000e-03 lr: 5.0000e-03  eta: 1:58:33  time: 0.3237  data_time: 0.0012  memory: 9295  grad_norm: 0.8041  loss: 2.0922  loss_cls: 0.7503  loss_bbox: 0.6801  loss_centerness: 0.6618
2026/08/21 23:36:43 - mmengine - INFO - Epoch(train)  [5][ 700/2804]  base_lr: 5.0000e-03 lr: 5.0000e-03  eta: 1:58:17  time: 0.3270  data_time: 0.0014  memory: 10318  grad_norm: 1.2905  loss: 2.1231  loss_cls: 0.7815  loss_bbox: 0.6779  loss_centerness: 0.6637
2026/08/21 23:36:59 - mmengine - INFO - Epoch(train)  [5][ 750/2804]  base_lr: 5.0000e-03 lr: 5.0000e-03  eta: 1:58:00  time: 0.3253  data_time: 0.0013  memory: 9653  grad_norm: 0.9239  loss: 2.1643  loss_cls: 0.7985  loss_bbox: 0.7040  loss_centerness: 0.6618
2026/08/21 23:37:10 - mmengine - INFO - Exp name: fcos_r50_pdd_p2p6_aitodv2_20260821_231631
2026/08/21 23:37:16 - mmengine - INFO - Epoch(train)  [5][ 800/2804]  base_lr: 5.0000e-03 lr: 5.0000e-03  eta: 1:57:43  time: 0.3257  data_time: 0.0014  memory: 8677  grad_norm: 1.0468  loss: 2.1910  loss_cls: 0.8436  loss_bbox: 0.6877  loss_centerness: 0.6597
2026/08/21 23:37:32 - mmengine - INFO - Epoch(train)  [5][ 850/2804]  base_lr: 5.0000e-03 lr: 5.0000e-03  eta: 1:57:27  time: 0.3260  data_time: 0.0013  memory: 8936  grad_norm: 0.9563  loss: 2.1250  loss_cls: 0.7859  loss_bbox: 0.6758  loss_centerness: 0.6633
2026/08/21 23:37:48 - mmengine - INFO - Epoch(train)  [5][ 900/2804]  base_lr: 5.0000e-03 lr: 5.0000e-03  eta: 1:57:10  time: 0.3232  data_time: 0.0013  memory: 9292  grad_norm: 0.9493  loss: 2.1337  loss_cls: 0.7960  loss_bbox: 0.6747  loss_centerness: 0.6630
2026/08/21 23:38:04 - mmengine - INFO - Epoch(train)  [5][ 950/2804]  base_lr: 5.0000e-03 lr: 5.0000e-03  eta: 1:56:53  time: 0.3244  data_time: 0.0014  memory: 9103  grad_norm: 1.1218  loss: 2.1783  loss_cls: 0.8273  loss_bbox: 0.6891  loss_centerness: 0.6618
2026/08/21 23:38:21 - mmengine - INFO - Epoch(train)  [5][1000/2804]  base_lr: 5.0000e-03 lr: 5.0000e-03  eta: 1:56:36  time: 0.3255  data_time: 0.0014  memory: 9607  grad_norm: 0.9899  loss: 2.1138  loss_cls: 0.8016  loss_bbox: 0.6518  loss_centerness: 0.6603
2026/08/21 23:38:37 - mmengine - INFO - Epoch(train)  [5][1050/2804]  base_lr: 5.0000e-03 lr: 5.0000e-03  eta: 1:56:19  time: 0.3256  data_time: 0.0014  memory: 9484  grad_norm: 0.8221  loss: 2.0617  loss_cls: 0.7464  loss_bbox: 0.6518  loss_centerness: 0.6634
2026/08/21 23:38:53 - mmengine - INFO - Epoch(train)  [5][1100/2804]  base_lr: 5.0000e-03 lr: 5.0000e-03  eta: 1:56:03  time: 0.3271  data_time: 0.0014  memory: 9129  grad_norm: 1.0535  loss: 2.1977  loss_cls: 0.8444  loss_bbox: 0.6855  loss_centerness: 0.6678
2026/08/21 23:39:09 - mmengine - INFO - Epoch(train)  [5][1150/2804]  base_lr: 5.0000e-03 lr: 5.0000e-03  eta: 1:55:46  time: 0.3267  data_time: 0.0015  memory: 9361  grad_norm: 1.1085  loss: 2.1332  loss_cls: 0.7818  loss_bbox: 0.6889  loss_centerness: 0.6625
2026/08/21 23:39:26 - mmengine - INFO - Epoch(train)  [5][1200/2804]  base_lr: 5.0000e-03 lr: 5.0000e-03  eta: 1:55:31  time: 0.3294  data_time: 0.0019  memory: 9026  grad_norm: 0.9178  loss: 2.2340  loss_cls: 0.9068  loss_bbox: 0.6579  loss_centerness: 0.6693
2026/08/21 23:39:42 - mmengine - INFO - Epoch(train)  [5][1250/2804]  base_lr: 5.0000e-03 lr: 5.0000e-03  eta: 1:55:15  time: 0.3279  data_time: 0.0015  memory: 10829  grad_norm: 0.7824  loss: 2.0796  loss_cls: 0.7758  loss_bbox: 0.6431  loss_centerness: 0.6607
2026/08/21 23:39:59 - mmengine - INFO - Epoch(train)  [5][1300/2804]  base_lr: 5.0000e-03 lr: 5.0000e-03  eta: 1:55:01  time: 0.3317  data_time: 0.0016  memory: 9575  grad_norm: 0.9110  loss: 2.1280  loss_cls: 0.7925  loss_bbox: 0.6742  loss_centerness: 0.6614
2026/08/21 23:40:16 - mmengine - INFO - Epoch(train)  [5][1350/2804]  base_lr: 5.0000e-03 lr: 5.0000e-03  eta: 1:54:46  time: 0.3280  data_time: 0.0015  memory: 10836  grad_norm: 0.9751  loss: 2.0849  loss_cls: 0.7445  loss_bbox: 0.6766  loss_centerness: 0.6638
2026/08/21 23:40:32 - mmengine - INFO - Epoch(train)  [5][1400/2804]  base_lr: 5.0000e-03 lr: 5.0000e-03  eta: 1:54:32  time: 0.3405  data_time: 0.0018  memory: 8846  grad_norm: 1.0888  loss: 2.2248  loss_cls: 0.8809  loss_bbox: 0.6824  loss_centerness: 0.6615
2026/08/21 23:40:49 - mmengine - INFO - Epoch(train)  [5][1450/2804]  base_lr: 5.0000e-03 lr: 5.0000e-03  eta: 1:54:18  time: 0.3355  data_time: 0.0018  memory: 9501  grad_norm: 0.9622  loss: 2.1280  loss_cls: 0.7910  loss_bbox: 0.6706  loss_centerness: 0.6664
2026/08/21 23:41:06 - mmengine - INFO - Epoch(train)  [5][1500/2804]  base_lr: 5.0000e-03 lr: 5.0000e-03  eta: 1:54:02  time: 0.3254  data_time: 0.0015  memory: 9288  grad_norm: 1.1117  loss: 2.1613  loss_cls: 0.8252  loss_bbox: 0.6761  loss_centerness: 0.6600
2026/08/21 23:41:22 - mmengine - INFO - Epoch(train)  [5][1550/2804]  base_lr: 5.0000e-03 lr: 5.0000e-03  eta: 1:53:46  time: 0.3295  data_time: 0.0016  memory: 11423  grad_norm: 0.9510  loss: 2.2177  loss_cls: 0.8998  loss_bbox: 0.6552  loss_centerness: 0.6627
2026/08/21 23:41:38 - mmengine - INFO - Epoch(train)  [5][1600/2804]  base_lr: 5.0000e-03 lr: 5.0000e-03  eta: 1:53:30  time: 0.3290  data_time: 0.0015  memory: 8825  grad_norm: 0.8470  loss: 2.1916  loss_cls: 0.8637  loss_bbox: 0.6687  loss_centerness: 0.6592
2026/08/21 23:41:55 - mmengine - INFO - Epoch(train)  [5][1650/2804]  base_lr: 5.0000e-03 lr: 5.0000e-03  eta: 1:53:13  time: 0.3266  data_time: 0.0015  memory: 8877  grad_norm: 0.9246  loss: 2.1159  loss_cls: 0.7770  loss_bbox: 0.6741  loss_centerness: 0.6648
2026/08/21 23:42:11 - mmengine - INFO - Epoch(train)  [5][1700/2804]  base_lr: 5.0000e-03 lr: 5.0000e-03  eta: 1:52:57  time: 0.3255  data_time: 0.0012  memory: 10267  grad_norm: 1.0108  loss: 2.3221  loss_cls: 0.9802  loss_bbox: 0.6799  loss_centerness: 0.6621
2026/08/21 23:42:28 - mmengine - INFO - Epoch(train)  [5][1750/2804]  base_lr: 5.0000e-03 lr: 5.0000e-03  eta: 1:52:41  time: 0.3281  data_time: 0.0015  memory: 11588  grad_norm: 0.8109  loss: 2.2156  loss_cls: 0.8810  loss_bbox: 0.6721  loss_centerness: 0.6625
2026/08/21 23:42:39 - mmengine - INFO - Exp name: fcos_r50_pdd_p2p6_aitodv2_20260821_231631
2026/08/21 23:42:44 - mmengine - INFO - Epoch(train)  [5][1800/2804]  base_lr: 5.0000e-03 lr: 5.0000e-03  eta: 1:52:25  time: 0.3336  data_time: 0.0015  memory: 9766  grad_norm: 1.1929  loss: 2.0824  loss_cls: 0.7690  loss_bbox: 0.6497  loss_centerness: 0.6637
2026/08/21 23:43:01 - mmengine - INFO - Epoch(train)  [5][1850/2804]  base_lr: 5.0000e-03 lr: 5.0000e-03  eta: 1:52:10  time: 0.3424  data_time: 0.0017  memory: 11916  grad_norm: 0.8672  loss: 2.1096  loss_cls: 0.7160  loss_bbox: 0.7285  loss_centerness: 0.6651
2026/08/21 23:43:18 - mmengine - INFO - Epoch(train)  [5][1900/2804]  base_lr: 5.0000e-03 lr: 5.0000e-03  eta: 1:51:56  time: 0.3370  data_time: 0.0015  memory: 9725  grad_norm: 1.1014  loss: 2.2114  loss_cls: 0.8596  loss_bbox: 0.6879  loss_centerness: 0.6639
2026/08/21 23:43:34 - mmengine - INFO - Epoch(train)  [5][1950/2804]  base_lr: 5.0000e-03 lr: 5.0000e-03  eta: 1:51:41  time: 0.3275  data_time: 0.0015  memory: 9585  grad_norm: 0.8966  loss: 2.1244  loss_cls: 0.7732  loss_bbox: 0.6873  loss_centerness: 0.6639
2026/08/21 23:43:51 - mmengine - INFO - Epoch(train)  [5][2000/2804]  base_lr: 5.0000e-03 lr: 5.0000e-03  eta: 1:51:28  time: 0.3601  data_time: 0.0029  memory: 8795  grad_norm: 0.9721  loss: 2.1750  loss_cls: 0.8644  loss_bbox: 0.6512  loss_centerness: 0.6594
2026/08/21 23:44:09 - mmengine - INFO - Epoch(train)  [5][2050/2804]  base_lr: 5.0000e-03 lr: 5.0000e-03  eta: 1:51:16  time: 0.3411  data_time: 0.0018  memory: 9176  grad_norm: 1.1169  loss: 2.2387  loss_cls: 0.8658  loss_bbox: 0.7106  loss_centerness: 0.6623
2026/08/21 23:44:26 - mmengine - INFO - Epoch(train)  [5][2100/2804]  base_lr: 5.0000e-03 lr: 5.0000e-03  eta: 1:51:02  time: 0.3452  data_time: 0.0019  memory: 9192  grad_norm: 0.9883  loss: 2.1340  loss_cls: 0.7933  loss_bbox: 0.6781  loss_centerness: 0.6626
2026/08/21 23:44:43 - mmengine - INFO - Epoch(train)  [5][2150/2804]  base_lr: 5.0000e-03 lr: 5.0000e-03  eta: 1:50:48  time: 0.3371  data_time: 0.0017  memory: 9149  grad_norm: 1.0640  loss: 2.0915  loss_cls: 0.7505  loss_bbox: 0.6788  loss_centerness: 0.6622
2026/08/21 23:45:00 - mmengine - INFO - Epoch(train)  [5][2200/2804]  base_lr: 5.0000e-03 lr: 5.0000e-03  eta: 1:50:36  time: 0.3706  data_time: 0.0296  memory: 9202  grad_norm: 0.8754  loss: 2.2011  loss_cls: 0.8412  loss_bbox: 0.6954  loss_centerness: 0.6645
2026/08/21 23:45:17 - mmengine - INFO - Epoch(train)  [5][2250/2804]  base_lr: 5.0000e-03 lr: 5.0000e-03  eta: 1:50:22  time: 0.3322  data_time: 0.0016  memory: 9034  grad_norm: 0.8607  loss: 2.0841  loss_cls: 0.7437  loss_bbox: 0.6788  loss_centerness: 0.6616
2026/08/21 23:45:34 - mmengine - INFO - Epoch(train)  [5][2300/2804]  base_lr: 5.0000e-03 lr: 5.0000e-03  eta: 1:50:07  time: 0.3357  data_time: 0.0016  memory: 8606  grad_norm: 0.8216  loss: 2.1983  loss_cls: 0.8504  loss_bbox: 0.6824  loss_centerness: 0.6655
2026/08/21 23:45:51 - mmengine - INFO - Epoch(train)  [5][2350/2804]  base_lr: 5.0000e-03 lr: 5.0000e-03  eta: 1:49:51  time: 0.3181  data_time: 0.0014  memory: 11738  grad_norm: 1.2211  loss: 2.1016  loss_cls: 0.7409  loss_bbox: 0.6962  loss_centerness: 0.6645
2026/08/21 23:46:07 - mmengine - INFO - Epoch(train)  [5][2400/2804]  base_lr: 5.0000e-03 lr: 5.0000e-03  eta: 1:49:35  time: 0.3258  data_time: 0.0016  memory: 9976  grad_norm: 0.8447  loss: 2.1348  loss_cls: 0.8105  loss_bbox: 0.6642  loss_centerness: 0.6600
2026/08/21 23:46:23 - mmengine - INFO - Epoch(train)  [5][2450/2804]  base_lr: 5.0000e-03 lr: 5.0000e-03  eta: 1:49:19  time: 0.3288  data_time: 0.0017  memory: 9283  grad_norm: 0.7830  loss: 2.1759  loss_cls: 0.8368  loss_bbox: 0.6771  loss_centerness: 0.6619
2026/08/21 23:46:40 - mmengine - INFO - Epoch(train)  [5][2500/2804]  base_lr: 5.0000e-03 lr: 5.0000e-03  eta: 1:49:03  time: 0.3318  data_time: 0.0015  memory: 9648  grad_norm: 0.9054  loss: 2.1504  loss_cls: 0.8258  loss_bbox: 0.6649  loss_centerness: 0.6598
2026/08/21 23:46:57 - mmengine - INFO - Epoch(train)  [5][2550/2804]  base_lr: 5.0000e-03 lr: 5.0000e-03  eta: 1:48:47  time: 0.3285  data_time: 0.0015  memory: 9021  grad_norm: 1.1567  loss: 2.2339  loss_cls: 0.9113  loss_bbox: 0.6572  loss_centerness: 0.6654
2026/08/21 23:47:13 - mmengine - INFO - Epoch(train)  [5][2600/2804]  base_lr: 5.0000e-03 lr: 5.0000e-03  eta: 1:48:31  time: 0.3308  data_time: 0.0016  memory: 8799  grad_norm: 0.7770  loss: 2.1499  loss_cls: 0.8186  loss_bbox: 0.6683  loss_centerness: 0.6630
2026/08/21 23:47:30 - mmengine - INFO - Epoch(train)  [5][2650/2804]  base_lr: 5.0000e-03 lr: 5.0000e-03  eta: 1:48:15  time: 0.3330  data_time: 0.0015  memory: 8885  grad_norm: 1.0719  loss: 2.1768  loss_cls: 0.8365  loss_bbox: 0.6781  loss_centerness: 0.6622
2026/08/21 23:47:46 - mmengine - INFO - Epoch(train)  [5][2700/2804]  base_lr: 5.0000e-03 lr: 5.0000e-03  eta: 1:47:59  time: 0.3296  data_time: 0.0016  memory: 9069  grad_norm: 0.9301  loss: 2.1889  loss_cls: 0.8521  loss_bbox: 0.6731  loss_centerness: 0.6636
2026/08/21 23:48:03 - mmengine - INFO - Epoch(train)  [5][2750/2804]  base_lr: 5.0000e-03 lr: 5.0000e-03  eta: 1:47:43  time: 0.3265  data_time: 0.0015  memory: 9151  grad_norm: 0.9017  loss: 2.1942  loss_cls: 0.8435  loss_bbox: 0.6862  loss_centerness: 0.6645
2026/08/21 23:48:14 - mmengine - INFO - Exp name: fcos_r50_pdd_p2p6_aitodv2_20260821_231631
2026/08/21 23:48:19 - mmengine - INFO - Epoch(train)  [5][2800/2804]  base_lr: 5.0000e-03 lr: 5.0000e-03  eta: 1:47:26  time: 0.3222  data_time: 0.0010  memory: 9423  grad_norm: 0.8571  loss: 2.1672  loss_cls: 0.8021  loss_bbox: 0.7015  loss_centerness: 0.6636
2026/08/21 23:48:20 - mmengine - INFO - Exp name: fcos_r50_pdd_p2p6_aitodv2_20260821_231631
2026/08/21 23:48:20 - mmengine - INFO - Saving checkpoint at 5 epochs
2026/08/21 23:48:39 - mmengine - INFO - Epoch(train)  [6][  50/2804]  base_lr: 5.0000e-03 lr: 5.0000e-03  eta: 1:47:09  time: 0.3413  data_time: 0.0021  memory: 10900  grad_norm: 1.0655  loss: 2.1428  loss_cls: 0.7909  loss_bbox: 0.6873  loss_centerness: 0.6646
2026/08/21 23:48:56 - mmengine - INFO - Epoch(train)  [6][ 100/2804]  base_lr: 5.0000e-03 lr: 5.0000e-03  eta: 1:46:54  time: 0.3398  data_time: 0.0028  memory: 9661  grad_norm: 0.7862  loss: 2.0619  loss_cls: 0.7339  loss_bbox: 0.6621  loss_centerness: 0.6659
2026/08/21 23:49:12 - mmengine - INFO - Epoch(train)  [6][ 150/2804]  base_lr: 5.0000e-03 lr: 5.0000e-03  eta: 1:46:38  time: 0.3270  data_time: 0.0015  memory: 12484  grad_norm: 0.7364  loss: 2.1623  loss_cls: 0.8261  loss_bbox: 0.6750  loss_centerness: 0.6613
2026/08/21 23:49:28 - mmengine - INFO - Epoch(train)  [6][ 200/2804]  base_lr: 5.0000e-03 lr: 5.0000e-03  eta: 1:46:22  time: 0.3424  data_time: 0.0017  memory: 9331  grad_norm: 1.4444  loss: 2.3972  loss_cls: 1.0366  loss_bbox: 0.6939  loss_centerness: 0.6667
2026/08/21 23:49:45 - mmengine - INFO - Epoch(train)  [6][ 250/2804]  base_lr: 5.0000e-03 lr: 5.0000e-03  eta: 1:46:06  time: 0.3349  data_time: 0.0024  memory: 9131  grad_norm: 0.9550  loss: 2.2219  loss_cls: 0.8733  loss_bbox: 0.6860  loss_centerness: 0.6626
2026/08/21 23:50:02 - mmengine - INFO - Epoch(train)  [6][ 300/2804]  base_lr: 5.0000e-03 lr: 5.0000e-03  eta: 1:45:50  time: 0.3311  data_time: 0.0017  memory: 9485  grad_norm: 0.8804  loss: 2.0901  loss_cls: 0.7622  loss_bbox: 0.6657  loss_centerness: 0.6621
2026/08/21 23:50:18 - mmengine - INFO - Epoch(train)  [6][ 350/2804]  base_lr: 5.0000e-03 lr: 5.0000e-03  eta: 1:45:34  time: 0.3291  data_time: 0.0015  memory: 11916  grad_norm: 0.8066  loss: 2.2231  loss_cls: 0.8949  loss_bbox: 0.6665  loss_centerness: 0.6617
2026/08/21 23:50:35 - mmengine - INFO - Epoch(train)  [6][ 400/2804]  base_lr: 5.0000e-03 lr: 5.0000e-03  eta: 1:45:18  time: 0.3319  data_time: 0.0019  memory: 8853  grad_norm: 0.9508  loss: 2.1494  loss_cls: 0.8222  loss_bbox: 0.6680  loss_centerness: 0.6592
2026/08/21 23:50:51 - mmengine - INFO - Epoch(train)  [6][ 450/2804]  base_lr: 5.0000e-03 lr: 5.0000e-03  eta: 1:45:01  time: 0.3280  data_time: 0.0015  memory: 9571  grad_norm: 1.0583  loss: 2.2474  loss_cls: 0.9280  loss_bbox: 0.6548  loss_centerness: 0.6646
2026/08/21 23:51:08 - mmengine - INFO - Epoch(train)  [6][ 500/2804]  base_lr: 5.0000e-03 lr: 5.0000e-03  eta: 1:44:45  time: 0.3310  data_time: 0.0017  memory: 9103  grad_norm: 0.7293  loss: 2.0672  loss_cls: 0.7509  loss_bbox: 0.6531  loss_centerness: 0.6632
2026/08/21 23:51:24 - mmengine - INFO - Epoch(train)  [6][ 550/2804]  base_lr: 5.0000e-03 lr: 5.0000e-03  eta: 1:44:29  time: 0.3270  data_time: 0.0016  memory: 11740  grad_norm: 0.7564  loss: 2.0363  loss_cls: 0.7169  loss_bbox: 0.6583  loss_centerness: 0.6611
2026/08/21 23:51:41 - mmengine - INFO - Epoch(train)  [6][ 600/2804]  base_lr: 5.0000e-03 lr: 5.0000e-03  eta: 1:44:13  time: 0.3349  data_time: 0.0019  memory: 9148  grad_norm: 0.9157  loss: 2.1005  loss_cls: 0.7641  loss_bbox: 0.6743  loss_centerness: 0.6621
2026/08/21 23:51:57 - mmengine - INFO - Epoch(train)  [6][ 650/2804]  base_lr: 5.0000e-03 lr: 5.0000e-03  eta: 1:43:57  time: 0.3289  data_time: 0.0014  memory: 9007  grad_norm: 0.7333  loss: 2.1333  loss_cls: 0.7836  loss_bbox: 0.6865  loss_centerness: 0.6632
2026/08/21 23:52:14 - mmengine - INFO - Epoch(train)  [6][ 700/2804]  base_lr: 5.0000e-03 lr: 5.0000e-03  eta: 1:43:40  time: 0.3275  data_time: 0.0013  memory: 9327  grad_norm: 0.7497  loss: 2.1538  loss_cls: 0.8411  loss_bbox: 0.6485  loss_centerness: 0.6642
2026/08/21 23:52:30 - mmengine - INFO - Epoch(train)  [6][ 750/2804]  base_lr: 5.0000e-03 lr: 5.0000e-03  eta: 1:43:24  time: 0.3259  data_time: 0.0014  memory: 9128  grad_norm: 0.8506  loss: 2.0869  loss_cls: 0.7288  loss_bbox: 0.6949  loss_centerness: 0.6632
2026/08/21 23:52:46 - mmengine - INFO - Epoch(train)  [6][ 800/2804]  base_lr: 5.0000e-03 lr: 5.0000e-03  eta: 1:43:07  time: 0.3281  data_time: 0.0015  memory: 9585  grad_norm: 0.9795  loss: 2.1685  loss_cls: 0.8065  loss_bbox: 0.6983  loss_centerness: 0.6637
2026/08/21 23:53:03 - mmengine - INFO - Epoch(train)  [6][ 850/2804]  base_lr: 5.0000e-03 lr: 5.0000e-03  eta: 1:42:50  time: 0.3287  data_time: 0.0014  memory: 11421  grad_norm: 0.8430  loss: 2.2042  loss_cls: 0.8508  loss_bbox: 0.6873  loss_centerness: 0.6660
2026/08/21 23:53:19 - mmengine - INFO - Epoch(train)  [6][ 900/2804]  base_lr: 5.0000e-03 lr: 5.0000e-03  eta: 1:42:34  time: 0.3288  data_time: 0.0014  memory: 9109  grad_norm: 0.8454  loss: 2.1507  loss_cls: 0.8131  loss_bbox: 0.6762  loss_centerness: 0.6613
2026/08/21 23:53:36 - mmengine - INFO - Epoch(train)  [6][ 950/2804]  base_lr: 5.0000e-03 lr: 5.0000e-03  eta: 1:42:18  time: 0.3358  data_time: 0.0021  memory: 8951  grad_norm: 0.7065  loss: 2.1746  loss_cls: 0.8359  loss_bbox: 0.6761  loss_centerness: 0.6626
2026/08/21 23:53:46 - mmengine - INFO - Exp name: fcos_r50_pdd_p2p6_aitodv2_20260821_231631
2026/08/21 23:53:53 - mmengine - INFO - Epoch(train)  [6][1000/2804]  base_lr: 5.0000e-03 lr: 5.0000e-03  eta: 1:42:04  time: 0.3388  data_time: 0.0020  memory: 9281  grad_norm: 1.0009  loss: 2.1703  loss_cls: 0.8464  loss_bbox: 0.6644  loss_centerness: 0.6596
2026/08/21 23:54:10 - mmengine - INFO - Epoch(train)  [6][1050/2804]  base_lr: 5.0000e-03 lr: 5.0000e-03  eta: 1:41:49  time: 0.3337  data_time: 0.0023  memory: 10893  grad_norm: 0.7828  loss: 2.0607  loss_cls: 0.7382  loss_bbox: 0.6579  loss_centerness: 0.6647
2026/08/21 23:54:27 - mmengine - INFO - Epoch(train)  [6][1100/2804]  base_lr: 5.0000e-03 lr: 5.0000e-03  eta: 1:41:33  time: 0.3340  data_time: 0.0020  memory: 10851  grad_norm: 0.7447  loss: 2.0968  loss_cls: 0.7835  loss_bbox: 0.6498  loss_centerness: 0.6636
2026/08/21 23:54:44 - mmengine - INFO - Epoch(train)  [6][1150/2804]  base_lr: 5.0000e-03 lr: 5.0000e-03  eta: 1:41:18  time: 0.3359  data_time: 0.0022  memory: 8951  grad_norm: 0.9143  loss: 2.1106  loss_cls: 0.7912  loss_bbox: 0.6572  loss_centerness: 0.6622
2026/08/21 23:55:00 - mmengine - INFO - Epoch(train)  [6][1200/2804]  base_lr: 5.0000e-03 lr: 5.0000e-03  eta: 1:41:03  time: 0.3303  data_time: 0.0017  memory: 8720  grad_norm: 1.0262  loss: 2.2863  loss_cls: 0.9282  loss_bbox: 0.6971  loss_centerness: 0.6610
2026/08/21 23:55:17 - mmengine - INFO - Epoch(train)  [6][1250/2804]  base_lr: 5.0000e-03 lr: 5.0000e-03  eta: 1:40:47  time: 0.3344  data_time: 0.0021  memory: 9906  grad_norm: 0.9170  loss: 2.1125  loss_cls: 0.7486  loss_bbox: 0.6981  loss_centerness: 0.6657
2026/08/21 23:55:34 - mmengine - INFO - Epoch(train)  [6][1300/2804]  base_lr: 5.0000e-03 lr: 5.0000e-03  eta: 1:40:31  time: 0.3351  data_time: 0.0020  memory: 10831  grad_norm: 0.7948  loss: 2.0667  loss_cls: 0.7365  loss_bbox: 0.6681  loss_centerness: 0.6621
2026/08/21 23:55:50 - mmengine - INFO - Epoch(train)  [6][1350/2804]  base_lr: 5.0000e-03 lr: 5.0000e-03  eta: 1:40:14  time: 0.3358  data_time: 0.0019  memory: 10559  grad_norm: 1.1125  loss: 2.2084  loss_cls: 0.8522  loss_bbox: 0.6934  loss_centerness: 0.6628
2026/08/21 23:56:07 - mmengine - INFO - Epoch(train)  [6][1400/2804]  base_lr: 5.0000e-03 lr: 5.0000e-03  eta: 1:39:58  time: 0.3302  data_time: 0.0019  memory: 9346  grad_norm: 1.2894  loss: 2.3287  loss_cls: 0.9891  loss_bbox: 0.6789  loss_centerness: 0.6606
2026/08/21 23:56:23 - mmengine - INFO - Epoch(train)  [6][1450/2804]  base_lr: 5.0000e-03 lr: 5.0000e-03  eta: 1:39:42  time: 0.3299  data_time: 0.0017  memory: 10835  grad_norm: 0.7811  loss: 2.1154  loss_cls: 0.8067  loss_bbox: 0.6471  loss_centerness: 0.6615
2026/08/21 23:56:40 - mmengine - INFO - Epoch(train)  [6][1500/2804]  base_lr: 5.0000e-03 lr: 5.0000e-03  eta: 1:39:26  time: 0.3416  data_time: 0.0023  memory: 9766  grad_norm: 0.7996  loss: 2.0505  loss_cls: 0.7141  loss_bbox: 0.6713  loss_centerness: 0.6651
2026/08/21 23:56:57 - mmengine - INFO - Epoch(train)  [6][1550/2804]  base_lr: 5.0000e-03 lr: 5.0000e-03  eta: 1:39:12  time: 0.3366  data_time: 0.0021  memory: 9088  grad_norm: 0.8485  loss: 2.1588  loss_cls: 0.8214  loss_bbox: 0.6767  loss_centerness: 0.6607
2026/08/21 23:57:14 - mmengine - INFO - Epoch(train)  [6][1600/2804]  base_lr: 5.0000e-03 lr: 5.0000e-03  eta: 1:38:56  time: 0.3246  data_time: 0.0015  memory: 9149  grad_norm: 1.0012  loss: 2.1583  loss_cls: 0.8417  loss_bbox: 0.6514  loss_centerness: 0.6652
2026/08/21 23:57:31 - mmengine - INFO - Epoch(train)  [6][1650/2804]  base_lr: 5.0000e-03 lr: 5.0000e-03  eta: 1:38:40  time: 0.3340  data_time: 0.0021  memory: 9281  grad_norm: 1.0576  loss: 2.1943  loss_cls: 0.8360  loss_bbox: 0.6934  loss_centerness: 0.6649
2026/08/21 23:57:48 - mmengine - INFO - Epoch(train)  [6][1700/2804]  base_lr: 5.0000e-03 lr: 5.0000e-03  eta: 1:38:24  time: 0.3372  data_time: 0.0024  memory: 8917  grad_norm: 0.8274  loss: 2.1486  loss_cls: 0.8071  loss_bbox: 0.6783  loss_centerness: 0.6632
2026/08/21 23:58:05 - mmengine - INFO - Epoch(train)  [6][1750/2804]  base_lr: 5.0000e-03 lr: 5.0000e-03  eta: 1:38:10  time: 0.3411  data_time: 0.0023  memory: 9976  grad_norm: 0.9081  loss: 2.1639  loss_cls: 0.8478  loss_bbox: 0.6548  loss_centerness: 0.6613
2026/08/21 23:58:21 - mmengine - INFO - Epoch(train)  [6][1800/2804]  base_lr: 5.0000e-03 lr: 5.0000e-03  eta: 1:37:54  time: 0.3273  data_time: 0.0016  memory: 9283  grad_norm: 1.0575  loss: 2.1985  loss_cls: 0.8409  loss_bbox: 0.6968  loss_centerness: 0.6608
2026/08/21 23:58:38 - mmengine - INFO - Epoch(train)  [6][1850/2804]  base_lr: 5.0000e-03 lr: 5.0000e-03  eta: 1:37:38  time: 0.3453  data_time: 0.0019  memory: 9019  grad_norm: 0.8060  loss: 2.1331  loss_cls: 0.7828  loss_bbox: 0.6868  loss_centerness: 0.6636
2026/08/21 23:58:55 - mmengine - INFO - Epoch(train)  [6][1900/2804]  base_lr: 5.0000e-03 lr: 5.0000e-03  eta: 1:37:22  time: 0.3477  data_time: 0.0024  memory: 9104  grad_norm: 0.8380  loss: 2.1244  loss_cls: 0.8022  loss_bbox: 0.6599  loss_centerness: 0.6622
2026/08/21 23:59:12 - mmengine - INFO - Epoch(train)  [6][1950/2804]  base_lr: 5.0000e-03 lr: 5.0000e-03  eta: 1:37:06  time: 0.3302  data_time: 0.0020  memory: 8765  grad_norm: 0.6651  loss: 2.1243  loss_cls: 0.7940  loss_bbox: 0.6682  loss_centerness: 0.6621
2026/08/21 23:59:22 - mmengine - INFO - Exp name: fcos_r50_pdd_p2p6_aitodv2_20260821_231631
2026/08/21 23:59:28 - mmengine - INFO - Epoch(train)  [6][2000/2804]  base_lr: 5.0000e-03 lr: 5.0000e-03  eta: 1:36:49  time: 0.3236  data_time: 0.0014  memory: 10321  grad_norm: 0.9677  loss: 2.1485  loss_cls: 0.8349  loss_bbox: 0.6488  loss_centerness: 0.6649
2026/08/21 23:59:44 - mmengine - INFO - Epoch(train)  [6][2050/2804]  base_lr: 5.0000e-03 lr: 5.0000e-03  eta: 1:36:33  time: 0.3284  data_time: 0.0017  memory: 9679  grad_norm: 1.0442  loss: 2.1428  loss_cls: 0.8063  loss_bbox: 0.6711  loss_centerness: 0.6655
2026/08/22 00:00:01 - mmengine - INFO - Epoch(train)  [6][2100/2804]  base_lr: 5.0000e-03 lr: 5.0000e-03  eta: 1:36:16  time: 0.3258  data_time: 0.0014  memory: 8906  grad_norm: 0.8357  loss: 2.2428  loss_cls: 0.9024  loss_bbox: 0.6795  loss_centerness: 0.6609
2026/08/22 00:00:18 - mmengine - INFO - Epoch(train)  [6][2150/2804]  base_lr: 5.0000e-03 lr: 5.0000e-03  eta: 1:36:00  time: 0.3303  data_time: 0.0016  memory: 9192  grad_norm: 0.8940  loss: 2.0741  loss_cls: 0.7522  loss_bbox: 0.6562  loss_centerness: 0.6657
2026/08/22 00:00:35 - mmengine - INFO - Epoch(train)  [6][2200/2804]  base_lr: 5.0000e-03 lr: 5.0000e-03  eta: 1:35:45  time: 0.3343  data_time: 0.0016  memory: 8867  grad_norm: 0.7215  loss: 2.2496  loss_cls: 0.8949  loss_bbox: 0.6867  loss_centerness: 0.6680
2026/08/22 00:00:51 - mmengine - INFO - Epoch(train)  [6][2250/2804]  base_lr: 5.0000e-03 lr: 5.0000e-03  eta: 1:35:29  time: 0.3358  data_time: 0.0016  memory: 8894  grad_norm: 0.8870  loss: 2.2090  loss_cls: 0.9111  loss_bbox: 0.6371  loss_centerness: 0.6608
2026/08/22 00:01:08 - mmengine - INFO - Epoch(train)  [6][2300/2804]  base_lr: 5.0000e-03 lr: 5.0000e-03  eta: 1:35:13  time: 0.3349  data_time: 0.0023  memory: 8938  grad_norm: 0.7504  loss: 2.1437  loss_cls: 0.7997  loss_bbox: 0.6831  loss_centerness: 0.6609
2026/08/22 00:01:25 - mmengine - INFO - Epoch(train)  [6][2350/2804]  base_lr: 5.0000e-03 lr: 5.0000e-03  eta: 1:34:58  time: 0.3419  data_time: 0.0016  memory: 8815  grad_norm: 0.7903  loss: 2.0899  loss_cls: 0.7560  loss_bbox: 0.6728  loss_centerness: 0.6612
2026/08/22 00:01:42 - mmengine - INFO - Epoch(train)  [6][2400/2804]  base_lr: 5.0000e-03 lr: 5.0000e-03  eta: 1:34:42  time: 0.3339  data_time: 0.0020  memory: 11505  grad_norm: 0.8693  loss: 2.1867  loss_cls: 0.8194  loss_bbox: 0.7022  loss_centerness: 0.6651
2026/08/22 00:01:58 - mmengine - INFO - Epoch(train)  [6][2450/2804]  base_lr: 5.0000e-03 lr: 5.0000e-03  eta: 1:34:25  time: 0.3306  data_time: 0.0016  memory: 9648  grad_norm: 1.0025  loss: 2.1984  loss_cls: 0.8595  loss_bbox: 0.6728  loss_centerness: 0.6662
2026/08/22 00:02:15 - mmengine - INFO - Epoch(train)  [6][2500/2804]  base_lr: 5.0000e-03 lr: 5.0000e-03  eta: 1:34:09  time: 0.3285  data_time: 0.0018  memory: 8922  grad_norm: 0.9595  loss: 2.1519  loss_cls: 0.8392  loss_bbox: 0.6485  loss_centerness: 0.6642
2026/08/22 00:02:32 - mmengine - INFO - Epoch(train)  [6][2550/2804]  base_lr: 5.0000e-03 lr: 5.0000e-03  eta: 1:33:53  time: 0.3245  data_time: 0.0012  memory: 9500  grad_norm: 0.6834  loss: 2.1221  loss_cls: 0.8138  loss_bbox: 0.6480  loss_centerness: 0.6604
2026/08/22 00:02:48 - mmengine - INFO - Epoch(train)  [6][2600/2804]  base_lr: 5.0000e-03 lr: 5.0000e-03  eta: 1:33:36  time: 0.3250  data_time: 0.0014  memory: 9351  grad_norm: 1.0334  loss: 2.3097  loss_cls: 0.9458  loss_bbox: 0.6968  loss_centerness: 0.6670
2026/08/22 00:03:04 - mmengine - INFO - Epoch(train)  [6][2650/2804]  base_lr: 5.0000e-03 lr: 5.0000e-03  eta: 1:33:19  time: 0.3273  data_time: 0.0017  memory: 10266  grad_norm: 0.9198  loss: 2.1903  loss_cls: 0.8567  loss_bbox: 0.6666  loss_centerness: 0.6670
2026/08/22 00:03:21 - mmengine - INFO - Epoch(train)  [6][2700/2804]  base_lr: 5.0000e-03 lr: 5.0000e-03  eta: 1:33:03  time: 0.3316  data_time: 0.0020  memory: 9363  grad_norm: 0.5683  loss: 2.0393  loss_cls: 0.7159  loss_bbox: 0.6631  loss_centerness: 0.6602
2026/08/22 00:03:37 - mmengine - INFO - Epoch(train)  [6][2750/2804]  base_lr: 5.0000e-03 lr: 5.0000e-03  eta: 1:32:46  time: 0.3274  data_time: 0.0015  memory: 8809  grad_norm: 0.9127  loss: 2.2033  loss_cls: 0.8195  loss_bbox: 0.7167  loss_centerness: 0.6672
2026/08/22 00:03:54 - mmengine - INFO - Epoch(train)  [6][2800/2804]  base_lr: 5.0000e-03 lr: 5.0000e-03  eta: 1:32:29  time: 0.3299  data_time: 0.0014  memory: 8650  grad_norm: 0.8849  loss: 2.1592  loss_cls: 0.8476  loss_bbox: 0.6511  loss_centerness: 0.6604
2026/08/22 00:03:55 - mmengine - INFO - Exp name: fcos_r50_pdd_p2p6_aitodv2_20260821_231631
2026/08/22 00:03:55 - mmengine - INFO - Saving checkpoint at 6 epochs
2026/08/22 00:04:13 - mmengine - INFO - Epoch(train)  [7][  50/2804]  base_lr: 5.0000e-03 lr: 5.0000e-03  eta: 1:32:12  time: 0.3263  data_time: 0.0014  memory: 12484  grad_norm: 0.6955  loss: 2.1175  loss_cls: 0.8076  loss_bbox: 0.6473  loss_centerness: 0.6626
2026/08/22 00:04:30 - mmengine - INFO - Epoch(train)  [7][ 100/2804]  base_lr: 5.0000e-03 lr: 5.0000e-03  eta: 1:31:55  time: 0.3348  data_time: 0.0019  memory: 8924  grad_norm: 1.1261  loss: 2.3552  loss_cls: 1.0020  loss_bbox: 0.6906  loss_centerness: 0.6626
2026/08/22 00:04:46 - mmengine - INFO - Epoch(train)  [7][ 150/2804]  base_lr: 5.0000e-03 lr: 5.0000e-03  eta: 1:31:39  time: 0.3304  data_time: 0.0017  memory: 9346  grad_norm: 0.8566  loss: 2.1613  loss_cls: 0.8310  loss_bbox: 0.6683  loss_centerness: 0.6620
2026/08/22 00:04:55 - mmengine - INFO - Exp name: fcos_r50_pdd_p2p6_aitodv2_20260821_231631
2026/08/22 00:05:03 - mmengine - INFO - Epoch(train)  [7][ 200/2804]  base_lr: 5.0000e-03 lr: 5.0000e-03  eta: 1:31:22  time: 0.3340  data_time: 0.0021  memory: 9024  grad_norm: 0.9366  loss: 2.2120  loss_cls: 0.8909  loss_bbox: 0.6610  loss_centerness: 0.6601
2026/08/22 00:05:19 - mmengine - INFO - Epoch(train)  [7][ 250/2804]  base_lr: 5.0000e-03 lr: 5.0000e-03  eta: 1:31:06  time: 0.3326  data_time: 0.0018  memory: 9581  grad_norm: 0.7152  loss: 2.1482  loss_cls: 0.7944  loss_bbox: 0.6901  loss_centerness: 0.6637
2026/08/22 00:05:36 - mmengine - INFO - Epoch(train)  [7][ 300/2804]  base_lr: 5.0000e-03 lr: 5.0000e-03  eta: 1:30:50  time: 0.3439  data_time: 0.0022  memory: 8870  grad_norm: 0.9234  loss: 2.0708  loss_cls: 0.7305  loss_bbox: 0.6761  loss_centerness: 0.6642
2026/08/22 00:05:54 - mmengine - INFO - Epoch(train)  [7][ 350/2804]  base_lr: 5.0000e-03 lr: 5.0000e-03  eta: 1:30:36  time: 0.3442  data_time: 0.0023  memory: 10559  grad_norm: 0.8321  loss: 2.1138  loss_cls: 0.7808  loss_bbox: 0.6698  loss_centerness: 0.6632
2026/08/22 00:06:11 - mmengine - INFO - Epoch(train)  [7][ 400/2804]  base_lr: 5.0000e-03 lr: 5.0000e-03  eta: 1:30:21  time: 0.3572  data_time: 0.0023  memory: 9295  grad_norm: 0.9066  loss: 2.1966  loss_cls: 0.8242  loss_bbox: 0.7077  loss_centerness: 0.6647
2026/08/22 00:06:29 - mmengine - INFO - Epoch(train)  [7][ 450/2804]  base_lr: 5.0000e-03 lr: 5.0000e-03  eta: 1:30:07  time: 0.3491  data_time: 0.0025  memory: 8834  grad_norm: 0.8444  loss: 2.0855  loss_cls: 0.7322  loss_bbox: 0.6897  loss_centerness: 0.6636
2026/08/22 00:06:46 - mmengine - INFO - Epoch(train)  [7][ 500/2804]  base_lr: 5.0000e-03 lr: 5.0000e-03  eta: 1:29:52  time: 0.3536  data_time: 0.0025  memory: 10830  grad_norm: 1.2763  loss: 2.2333  loss_cls: 0.8971  loss_bbox: 0.6714  loss_centerness: 0.6648
2026/08/22 00:07:03 - mmengine - INFO - Epoch(train)  [7][ 550/2804]  base_lr: 5.0000e-03 lr: 5.0000e-03  eta: 1:29:37  time: 0.3416  data_time: 0.0016  memory: 10850  grad_norm: 0.8082  loss: 2.1887  loss_cls: 0.8670  loss_bbox: 0.6600  loss_centerness: 0.6617
2026/08/22 00:07:21 - mmengine - INFO - Epoch(train)  [7][ 600/2804]  base_lr: 5.0000e-03 lr: 5.0000e-03  eta: 1:29:22  time: 0.3503  data_time: 0.0024  memory: 9327  grad_norm: 0.9040  loss: 2.2313  loss_cls: 0.9154  loss_bbox: 0.6534  loss_centerness: 0.6624
2026/08/22 00:07:38 - mmengine - INFO - Epoch(train)  [7][ 650/2804]  base_lr: 5.0000e-03 lr: 5.0000e-03  eta: 1:29:07  time: 0.3501  data_time: 0.0022  memory: 10836  grad_norm: 0.8723  loss: 2.1430  loss_cls: 0.7814  loss_bbox: 0.6970  loss_centerness: 0.6646
2026/08/22 00:07:56 - mmengine - INFO - Epoch(train)  [7][ 700/2804]  base_lr: 5.0000e-03 lr: 5.0000e-03  eta: 1:28:52  time: 0.3504  data_time: 0.0026  memory: 9049  grad_norm: 0.9301  loss: 2.1677  loss_cls: 0.8315  loss_bbox: 0.6703  loss_centerness: 0.6659
2026/08/22 00:08:13 - mmengine - INFO - Epoch(train)  [7][ 750/2804]  base_lr: 5.0000e-03 lr: 5.0000e-03  eta: 1:28:37  time: 0.3492  data_time: 0.0023  memory: 9041  grad_norm: 0.7466  loss: 2.1624  loss_cls: 0.8560  loss_bbox: 0.6464  loss_centerness: 0.6600
2026/08/22 00:08:30 - mmengine - INFO - Epoch(train)  [7][ 800/2804]  base_lr: 5.0000e-03 lr: 5.0000e-03  eta: 1:28:22  time: 0.3466  data_time: 0.0028  memory: 8576  grad_norm: 0.7275  loss: 2.1217  loss_cls: 0.7936  loss_bbox: 0.6659  loss_centerness: 0.6622
2026/08/22 00:08:48 - mmengine - INFO - Epoch(train)  [7][ 850/2804]  base_lr: 5.0000e-03 lr: 5.0000e-03  eta: 1:28:08  time: 0.3596  data_time: 0.0025  memory: 11420  grad_norm: 0.9328  loss: 2.0915  loss_cls: 0.7729  loss_bbox: 0.6538  loss_centerness: 0.6647
2026/08/22 00:09:06 - mmengine - INFO - Epoch(train)  [7][ 900/2804]  base_lr: 5.0000e-03 lr: 5.0000e-03  eta: 1:27:53  time: 0.3572  data_time: 0.0027  memory: 9077  grad_norm: 0.8072  loss: 2.1172  loss_cls: 0.7916  loss_bbox: 0.6668  loss_centerness: 0.6589
2026/08/22 00:09:24 - mmengine - INFO - Epoch(train)  [7][ 950/2804]  base_lr: 5.0000e-03 lr: 5.0000e-03  eta: 1:27:39  time: 0.3585  data_time: 0.0025  memory: 9251  grad_norm: 0.7947  loss: 2.1544  loss_cls: 0.8122  loss_bbox: 0.6808  loss_centerness: 0.6614
2026/08/22 00:09:42 - mmengine - INFO - Epoch(train)  [7][1000/2804]  base_lr: 5.0000e-03 lr: 5.0000e-03  eta: 1:27:24  time: 0.3632  data_time: 0.0023  memory: 9202  grad_norm: 0.7286  loss: 2.0723  loss_cls: 0.7473  loss_bbox: 0.6639  loss_centerness: 0.6611
2026/08/22 00:10:00 - mmengine - INFO - Epoch(train)  [7][1050/2804]  base_lr: 5.0000e-03 lr: 5.0000e-03  eta: 1:27:10  time: 0.3560  data_time: 0.0024  memory: 11592  grad_norm: 0.8493  loss: 2.1698  loss_cls: 0.8368  loss_bbox: 0.6728  loss_centerness: 0.6602
2026/08/22 00:10:17 - mmengine - INFO - Epoch(train)  [7][1100/2804]  base_lr: 5.0000e-03 lr: 5.0000e-03  eta: 1:26:54  time: 0.3547  data_time: 0.0021  memory: 9332  grad_norm: 0.9023  loss: 2.0829  loss_cls: 0.7502  loss_bbox: 0.6668  loss_centerness: 0.6659
2026/08/22 00:10:34 - mmengine - INFO - Epoch(train)  [7][1150/2804]  base_lr: 5.0000e-03 lr: 5.0000e-03  eta: 1:26:39  time: 0.3361  data_time: 0.0021  memory: 8904  grad_norm: 0.7468  loss: 2.1281  loss_cls: 0.7988  loss_bbox: 0.6675  loss_centerness: 0.6618
2026/08/22 00:10:43 - mmengine - INFO - Exp name: fcos_r50_pdd_p2p6_aitodv2_20260821_231631
2026/08/22 00:10:52 - mmengine - INFO - Epoch(train)  [7][1200/2804]  base_lr: 5.0000e-03 lr: 5.0000e-03  eta: 1:26:24  time: 0.3529  data_time: 0.0025  memory: 9074  grad_norm: 1.3878  loss: 2.3016  loss_cls: 0.9659  loss_bbox: 0.6714  loss_centerness: 0.6644
2026/08/22 00:11:09 - mmengine - INFO - Epoch(train)  [7][1250/2804]  base_lr: 5.0000e-03 lr: 5.0000e-03  eta: 1:26:08  time: 0.3621  data_time: 0.0017  memory: 8769  grad_norm: 0.7340  loss: 2.1431  loss_cls: 0.8391  loss_bbox: 0.6433  loss_centerness: 0.6607
2026/08/22 00:11:26 - mmengine - INFO - Epoch(train)  [7][1300/2804]  base_lr: 5.0000e-03 lr: 5.0000e-03  eta: 1:25:53  time: 0.3572  data_time: 0.0023  memory: 9484  grad_norm: 0.9250  loss: 2.0868  loss_cls: 0.7257  loss_bbox: 0.7006  loss_centerness: 0.6605
2026/08/22 00:11:44 - mmengine - INFO - Epoch(train)  [7][1350/2804]  base_lr: 5.0000e-03 lr: 5.0000e-03  eta: 1:25:38  time: 0.3418  data_time: 0.0027  memory: 9575  grad_norm: 0.8477  loss: 2.1659  loss_cls: 0.8183  loss_bbox: 0.6784  loss_centerness: 0.6692
2026/08/22 00:12:00 - mmengine - INFO - Epoch(train)  [7][1400/2804]  base_lr: 5.0000e-03 lr: 5.0000e-03  eta: 1:25:21  time: 0.3381  data_time: 0.0022  memory: 9648  grad_norm: 0.9731  loss: 2.2707  loss_cls: 0.9453  loss_bbox: 0.6632  loss_centerness: 0.6622
2026/08/22 00:12:17 - mmengine - INFO - Epoch(train)  [7][1450/2804]  base_lr: 5.0000e-03 lr: 5.0000e-03  eta: 1:25:05  time: 0.3369  data_time: 0.0021  memory: 9662  grad_norm: 0.8368  loss: 2.1031  loss_cls: 0.7640  loss_bbox: 0.6757  loss_centerness: 0.6634
2026/08/22 00:12:34 - mmengine - INFO - Epoch(train)  [7][1500/2804]  base_lr: 5.0000e-03 lr: 5.0000e-03  eta: 1:24:48  time: 0.3335  data_time: 0.0015  memory: 10263  grad_norm: 0.8484  loss: 2.1748  loss_cls: 0.8179  loss_bbox: 0.6929  loss_centerness: 0.6640
2026/08/22 00:12:50 - mmengine - INFO - Epoch(train)  [7][1550/2804]  base_lr: 5.0000e-03 lr: 5.0000e-03  eta: 1:24:32  time: 0.3381  data_time: 0.0023  memory: 8734  grad_norm: 0.7323  loss: 2.1237  loss_cls: 0.7713  loss_bbox: 0.6859  loss_centerness: 0.6665
2026/08/22 00:13:07 - mmengine - INFO - Epoch(train)  [7][1600/2804]  base_lr: 5.0000e-03 lr: 5.0000e-03  eta: 1:24:16  time: 0.3375  data_time: 0.0021  memory: 8833  grad_norm: 0.7103  loss: 2.1438  loss_cls: 0.8153  loss_bbox: 0.6680  loss_centerness: 0.6605
2026/08/22 00:13:24 - mmengine - INFO - Epoch(train)  [7][1650/2804]  base_lr: 5.0000e-03 lr: 5.0000e-03  eta: 1:23:59  time: 0.3362  data_time: 0.0019  memory: 10322  grad_norm: 1.0408  loss: 2.1974  loss_cls: 0.8705  loss_bbox: 0.6655  loss_centerness: 0.6615
2026/08/22 00:13:41 - mmengine - INFO - Epoch(train)  [7][1700/2804]  base_lr: 5.0000e-03 lr: 5.0000e-03  eta: 1:23:43  time: 0.3428  data_time: 0.0021  memory: 11915  grad_norm: 0.5900  loss: 2.1135  loss_cls: 0.7786  loss_bbox: 0.6710  loss_centerness: 0.6639
2026/08/22 00:13:58 - mmengine - INFO - Epoch(train)  [7][1750/2804]  base_lr: 5.0000e-03 lr: 5.0000e-03  eta: 1:23:28  time: 0.3576  data_time: 0.0023  memory: 9095  grad_norm: 0.9558  loss: 2.2242  loss_cls: 0.8970  loss_bbox: 0.6645  loss_centerness: 0.6627
2026/08/22 00:14:15 - mmengine - INFO - Epoch(train)  [7][1800/2804]  base_lr: 5.0000e-03 lr: 5.0000e-03  eta: 1:23:11  time: 0.3395  data_time: 0.0022  memory: 8953  grad_norm: 0.7379  loss: 2.1502  loss_cls: 0.8210  loss_bbox: 0.6650  loss_centerness: 0.6643
2026/08/22 00:14:32 - mmengine - INFO - Epoch(train)  [7][1850/2804]  base_lr: 5.0000e-03 lr: 5.0000e-03  eta: 1:22:55  time: 0.3369  data_time: 0.0021  memory: 9430  grad_norm: 0.8728  loss: 2.2126  loss_cls: 0.8948  loss_bbox: 0.6541  loss_centerness: 0.6637
2026/08/22 00:14:49 - mmengine - INFO - Epoch(train)  [7][1900/2804]  base_lr: 5.0000e-03 lr: 5.0000e-03  eta: 1:22:39  time: 0.3413  data_time: 0.0024  memory: 9905  grad_norm: 1.1940  loss: 2.2202  loss_cls: 0.8712  loss_bbox: 0.6856  loss_centerness: 0.6634
2026/08/22 00:15:06 - mmengine - INFO - Epoch(train)  [7][1950/2804]  base_lr: 5.0000e-03 lr: 5.0000e-03  eta: 1:22:23  time: 0.3375  data_time: 0.0023  memory: 9055  grad_norm: 0.9243  loss: 2.1047  loss_cls: 0.7474  loss_bbox: 0.6935  loss_centerness: 0.6639
2026/08/22 00:15:23 - mmengine - INFO - Epoch(train)  [7][2000/2804]  base_lr: 5.0000e-03 lr: 5.0000e-03  eta: 1:22:07  time: 0.3372  data_time: 0.0022  memory: 9280  grad_norm: 1.0506  loss: 2.1776  loss_cls: 0.8576  loss_bbox: 0.6536  loss_centerness: 0.6663
2026/08/22 00:15:40 - mmengine - INFO - Epoch(train)  [7][2050/2804]  base_lr: 5.0000e-03 lr: 5.0000e-03  eta: 1:21:51  time: 0.3457  data_time: 0.0025  memory: 9501  grad_norm: 0.8266  loss: 2.1958  loss_cls: 0.8915  loss_bbox: 0.6426  loss_centerness: 0.6617
2026/08/22 00:15:57 - mmengine - INFO - Epoch(train)  [7][2100/2804]  base_lr: 5.0000e-03 lr: 5.0000e-03  eta: 1:21:34  time: 0.3331  data_time: 0.0017  memory: 8956  grad_norm: 0.8160  loss: 2.1487  loss_cls: 0.8003  loss_bbox: 0.6843  loss_centerness: 0.6640
2026/08/22 00:16:13 - mmengine - INFO - Epoch(train)  [7][2150/2804]  base_lr: 5.0000e-03 lr: 5.0000e-03  eta: 1:21:17  time: 0.3234  data_time: 0.0016  memory: 9191  grad_norm: 0.8533  loss: 2.1714  loss_cls: 0.8351  loss_bbox: 0.6733  loss_centerness: 0.6631
2026/08/22 00:16:22 - mmengine - INFO - Exp name: fcos_r50_pdd_p2p6_aitodv2_20260821_231631
2026/08/22 00:16:30 - mmengine - INFO - Epoch(train)  [7][2200/2804]  base_lr: 5.0000e-03 lr: 5.0000e-03  eta: 1:21:01  time: 0.3389  data_time: 0.0022  memory: 8867  grad_norm: 1.0751  loss: 2.2514  loss_cls: 0.9357  loss_bbox: 0.6516  loss_centerness: 0.6640
2026/08/22 00:16:47 - mmengine - INFO - Epoch(train)  [7][2250/2804]  base_lr: 5.0000e-03 lr: 5.0000e-03  eta: 1:20:45  time: 0.3373  data_time: 0.0022  memory: 8862  grad_norm: 0.5575  loss: 2.0883  loss_cls: 0.7728  loss_bbox: 0.6552  loss_centerness: 0.6604
2026/08/22 00:17:04 - mmengine - INFO - Epoch(train)  [7][2300/2804]  base_lr: 5.0000e-03 lr: 5.0000e-03  eta: 1:20:29  time: 0.3399  data_time: 0.0023  memory: 8821  grad_norm: 0.8103  loss: 2.1255  loss_cls: 0.8024  loss_bbox: 0.6621  loss_centerness: 0.6611
2026/08/22 00:17:21 - mmengine - INFO - Epoch(train)  [7][2350/2804]  base_lr: 5.0000e-03 lr: 5.0000e-03  eta: 1:20:12  time: 0.3356  data_time: 0.0022  memory: 9149  grad_norm: 0.9608  loss: 2.2443  loss_cls: 0.8948  loss_bbox: 0.6890  loss_centerness: 0.6605
2026/08/22 00:17:38 - mmengine - INFO - Epoch(train)  [7][2400/2804]  base_lr: 5.0000e-03 lr: 5.0000e-03  eta: 1:19:56  time: 0.3307  data_time: 0.0022  memory: 9978  grad_norm: 0.8030  loss: 2.1163  loss_cls: 0.7864  loss_bbox: 0.6679  loss_centerness: 0.6620
2026/08/22 00:17:54 - mmengine - INFO - Epoch(train)  [7][2450/2804]  base_lr: 5.0000e-03 lr: 5.0000e-03  eta: 1:19:39  time: 0.3238  data_time: 0.0016  memory: 9290  grad_norm: 0.6617  loss: 2.1161  loss_cls: 0.7830  loss_bbox: 0.6725  loss_centerness: 0.6607
2026/08/22 00:18:10 - mmengine - INFO - Epoch(train)  [7][2500/2804]  base_lr: 5.0000e-03 lr: 5.0000e-03  eta: 1:19:22  time: 0.3391  data_time: 0.0022  memory: 8831  grad_norm: 0.9263  loss: 2.1125  loss_cls: 0.7893  loss_bbox: 0.6597  loss_centerness: 0.6635
2026/08/22 00:18:27 - mmengine - INFO - Epoch(train)  [7][2550/2804]  base_lr: 5.0000e-03 lr: 5.0000e-03  eta: 1:19:05  time: 0.3333  data_time: 0.0017  memory: 10902  grad_norm: 0.7698  loss: 2.1731  loss_cls: 0.8118  loss_bbox: 0.6944  loss_centerness: 0.6669
2026/08/22 00:18:44 - mmengine - INFO - Epoch(train)  [7][2600/2804]  base_lr: 5.0000e-03 lr: 5.0000e-03  eta: 1:18:49  time: 0.3333  data_time: 0.0019  memory: 8735  grad_norm: 0.7603  loss: 2.1926  loss_cls: 0.8536  loss_bbox: 0.6768  loss_centerness: 0.6622
2026/08/22 00:19:00 - mmengine - INFO - Epoch(train)  [7][2650/2804]  base_lr: 5.0000e-03 lr: 5.0000e-03  eta: 1:18:32  time: 0.3329  data_time: 0.0018  memory: 9604  grad_norm: 0.7308  loss: 2.1005  loss_cls: 0.7856  loss_bbox: 0.6505  loss_centerness: 0.6644
2026/08/22 00:19:17 - mmengine - INFO - Epoch(train)  [7][2700/2804]  base_lr: 5.0000e-03 lr: 5.0000e-03  eta: 1:18:15  time: 0.3345  data_time: 0.0020  memory: 11501  grad_norm: 0.8879  loss: 2.1359  loss_cls: 0.8257  loss_bbox: 0.6491  loss_centerness: 0.6611
2026/08/22 00:19:33 - mmengine - INFO - Epoch(train)  [7][2750/2804]  base_lr: 5.0000e-03 lr: 5.0000e-03  eta: 1:17:59  time: 0.3343  data_time: 0.0017  memory: 9769  grad_norm: 0.8394  loss: 2.1200  loss_cls: 0.7573  loss_bbox: 0.6991  loss_centerness: 0.6635
2026/08/22 00:19:50 - mmengine - INFO - Epoch(train)  [7][2800/2804]  base_lr: 5.0000e-03 lr: 5.0000e-03  eta: 1:17:42  time: 0.3249  data_time: 0.0010  memory: 11740  grad_norm: 0.6565  loss: 2.1681  loss_cls: 0.8444  loss_bbox: 0.6608  loss_centerness: 0.6630
2026/08/22 00:19:51 - mmengine - INFO - Exp name: fcos_r50_pdd_p2p6_aitodv2_20260821_231631
2026/08/22 00:19:51 - mmengine - INFO - Saving checkpoint at 7 epochs
2026/08/22 00:20:10 - mmengine - INFO - Epoch(train)  [8][  50/2804]  base_lr: 5.0000e-03 lr: 5.0000e-03  eta: 1:17:24  time: 0.3325  data_time: 0.0018  memory: 9570  grad_norm: 0.6401  loss: 2.1051  loss_cls: 0.7832  loss_bbox: 0.6612  loss_centerness: 0.6607
2026/08/22 00:20:27 - mmengine - INFO - Epoch(train)  [8][ 100/2804]  base_lr: 5.0000e-03 lr: 5.0000e-03  eta: 1:17:08  time: 0.3312  data_time: 0.0017  memory: 9655  grad_norm: 0.6829  loss: 2.0805  loss_cls: 0.7481  loss_bbox: 0.6706  loss_centerness: 0.6617
2026/08/22 00:20:43 - mmengine - INFO - Epoch(train)  [8][ 150/2804]  base_lr: 5.0000e-03 lr: 5.0000e-03  eta: 1:16:51  time: 0.3303  data_time: 0.0016  memory: 9190  grad_norm: 0.6225  loss: 2.1255  loss_cls: 0.7969  loss_bbox: 0.6641  loss_centerness: 0.6644
2026/08/22 00:21:00 - mmengine - INFO - Epoch(train)  [8][ 200/2804]  base_lr: 5.0000e-03 lr: 5.0000e-03  eta: 1:16:34  time: 0.3295  data_time: 0.0017  memory: 9905  grad_norm: 0.8303  loss: 2.1727  loss_cls: 0.8506  loss_bbox: 0.6606  loss_centerness: 0.6615
2026/08/22 00:21:16 - mmengine - INFO - Epoch(train)  [8][ 250/2804]  base_lr: 5.0000e-03 lr: 5.0000e-03  eta: 1:16:17  time: 0.3291  data_time: 0.0016  memory: 9682  grad_norm: 0.8742  loss: 2.2344  loss_cls: 0.8977  loss_bbox: 0.6741  loss_centerness: 0.6625
2026/08/22 00:21:33 - mmengine - INFO - Epoch(train)  [8][ 300/2804]  base_lr: 5.0000e-03 lr: 5.0000e-03  eta: 1:16:01  time: 0.3323  data_time: 0.0019  memory: 8895  grad_norm: 0.6890  loss: 2.0299  loss_cls: 0.7216  loss_bbox: 0.6465  loss_centerness: 0.6618
2026/08/22 00:21:50 - mmengine - INFO - Epoch(train)  [8][ 350/2804]  base_lr: 5.0000e-03 lr: 5.0000e-03  eta: 1:15:44  time: 0.3402  data_time: 0.0017  memory: 8952  grad_norm: 0.6012  loss: 2.1802  loss_cls: 0.8211  loss_bbox: 0.6957  loss_centerness: 0.6633
2026/08/22 00:21:57 - mmengine - INFO - Exp name: fcos_r50_pdd_p2p6_aitodv2_20260821_231631
2026/08/22 00:22:06 - mmengine - INFO - Epoch(train)  [8][ 400/2804]  base_lr: 5.0000e-03 lr: 5.0000e-03  eta: 1:15:27  time: 0.3225  data_time: 0.0015  memory: 8666  grad_norm: 0.7334  loss: 2.1317  loss_cls: 0.8167  loss_bbox: 0.6527  loss_centerness: 0.6623
2026/08/22 00:22:22 - mmengine - INFO - Epoch(train)  [8][ 450/2804]  base_lr: 5.0000e-03 lr: 5.0000e-03  eta: 1:15:10  time: 0.3298  data_time: 0.0017  memory: 11423  grad_norm: 0.7248  loss: 2.1184  loss_cls: 0.7988  loss_bbox: 0.6583  loss_centerness: 0.6613
2026/08/22 00:22:39 - mmengine - INFO - Epoch(train)  [8][ 500/2804]  base_lr: 5.0000e-03 lr: 5.0000e-03  eta: 1:14:54  time: 0.3298  data_time: 0.0018  memory: 9581  grad_norm: 0.8102  loss: 2.1561  loss_cls: 0.8530  loss_bbox: 0.6413  loss_centerness: 0.6618
2026/08/22 00:22:55 - mmengine - INFO - Epoch(train)  [8][ 550/2804]  base_lr: 5.0000e-03 lr: 5.0000e-03  eta: 1:14:37  time: 0.3293  data_time: 0.0017  memory: 8814  grad_norm: 0.7066  loss: 2.1805  loss_cls: 0.8458  loss_bbox: 0.6724  loss_centerness: 0.6622
2026/08/22 00:23:12 - mmengine - INFO - Epoch(train)  [8][ 600/2804]  base_lr: 5.0000e-03 lr: 5.0000e-03  eta: 1:14:20  time: 0.3232  data_time: 0.0011  memory: 11501  grad_norm: 1.0163  loss: 2.1732  loss_cls: 0.8591  loss_bbox: 0.6512  loss_centerness: 0.6629
2026/08/22 00:23:28 - mmengine - INFO - Epoch(train)  [8][ 650/2804]  base_lr: 5.0000e-03 lr: 5.0000e-03  eta: 1:14:03  time: 0.3380  data_time: 0.0022  memory: 9604  grad_norm: 0.9026  loss: 2.2137  loss_cls: 0.8798  loss_bbox: 0.6705  loss_centerness: 0.6635
2026/08/22 00:23:45 - mmengine - INFO - Epoch(train)  [8][ 700/2804]  base_lr: 5.0000e-03 lr: 5.0000e-03  eta: 1:13:46  time: 0.3303  data_time: 0.0019  memory: 11915  grad_norm: 0.6711  loss: 2.1241  loss_cls: 0.7855  loss_bbox: 0.6758  loss_centerness: 0.6629
2026/08/22 00:24:01 - mmengine - INFO - Epoch(train)  [8][ 750/2804]  base_lr: 5.0000e-03 lr: 5.0000e-03  eta: 1:13:30  time: 0.3292  data_time: 0.0017  memory: 8911  grad_norm: 0.7297  loss: 2.1439  loss_cls: 0.7952  loss_bbox: 0.6857  loss_centerness: 0.6631
2026/08/22 00:24:17 - mmengine - INFO - Epoch(train)  [8][ 800/2804]  base_lr: 5.0000e-03 lr: 5.0000e-03  eta: 1:13:13  time: 0.3302  data_time: 0.0016  memory: 8824  grad_norm: 0.7747  loss: 2.1322  loss_cls: 0.8252  loss_bbox: 0.6428  loss_centerness: 0.6642
2026/08/22 00:24:34 - mmengine - INFO - Epoch(train)  [8][ 850/2804]  base_lr: 5.0000e-03 lr: 5.0000e-03  eta: 1:12:56  time: 0.3295  data_time: 0.0018  memory: 8780  grad_norm: 0.8903  loss: 2.1358  loss_cls: 0.7936  loss_bbox: 0.6817  loss_centerness: 0.6605
2026/08/22 00:24:51 - mmengine - INFO - Epoch(train)  [8][ 900/2804]  base_lr: 5.0000e-03 lr: 5.0000e-03  eta: 1:12:40  time: 0.3310  data_time: 0.0017  memory: 9419  grad_norm: 0.7735  loss: 2.1809  loss_cls: 0.8165  loss_bbox: 0.7010  loss_centerness: 0.6633
2026/08/22 00:25:07 - mmengine - INFO - Epoch(train)  [8][ 950/2804]  base_lr: 5.0000e-03 lr: 5.0000e-03  eta: 1:12:23  time: 0.3269  data_time: 0.0015  memory: 9296  grad_norm: 0.6469  loss: 2.0720  loss_cls: 0.7265  loss_bbox: 0.6827  loss_centerness: 0.6628
2026/08/22 00:25:24 - mmengine - INFO - Epoch(train)  [8][1000/2804]  base_lr: 5.0000e-03 lr: 5.0000e-03  eta: 1:12:06  time: 0.3244  data_time: 0.0014  memory: 9021  grad_norm: 1.0947  loss: 2.2657  loss_cls: 0.9476  loss_bbox: 0.6563  loss_centerness: 0.6619
2026/08/22 00:25:40 - mmengine - INFO - Epoch(train)  [8][1050/2804]  base_lr: 5.0000e-03 lr: 5.0000e-03  eta: 1:11:49  time: 0.3347  data_time: 0.0024  memory: 10829  grad_norm: 0.8269  loss: 2.1229  loss_cls: 0.7887  loss_bbox: 0.6714  loss_centerness: 0.6628
2026/08/22 00:25:57 - mmengine - INFO - Epoch(train)  [8][1100/2804]  base_lr: 5.0000e-03 lr: 5.0000e-03  eta: 1:11:33  time: 0.3333  data_time: 0.0016  memory: 12486  grad_norm: 0.9255  loss: 2.1870  loss_cls: 0.8337  loss_bbox: 0.6863  loss_centerness: 0.6669
2026/08/22 00:26:13 - mmengine - INFO - Epoch(train)  [8][1150/2804]  base_lr: 5.0000e-03 lr: 5.0000e-03  eta: 1:11:16  time: 0.3321  data_time: 0.0020  memory: 11738  grad_norm: 0.9722  loss: 2.2358  loss_cls: 0.8943  loss_bbox: 0.6768  loss_centerness: 0.6648
2026/08/22 00:26:30 - mmengine - INFO - Epoch(train)  [8][1200/2804]  base_lr: 5.0000e-03 lr: 5.0000e-03  eta: 1:10:59  time: 0.3303  data_time: 0.0016  memory: 8940  grad_norm: 0.8647  loss: 2.0994  loss_cls: 0.7689  loss_bbox: 0.6701  loss_centerness: 0.6605
2026/08/22 00:26:47 - mmengine - INFO - Epoch(train)  [8][1250/2804]  base_lr: 5.0000e-03 lr: 5.0000e-03  eta: 1:10:43  time: 0.3339  data_time: 0.0021  memory: 9131  grad_norm: 0.9343  loss: 2.2594  loss_cls: 0.9031  loss_bbox: 0.6891  loss_centerness: 0.6672
2026/08/22 00:27:03 - mmengine - INFO - Epoch(train)  [8][1300/2804]  base_lr: 5.0000e-03 lr: 5.0000e-03  eta: 1:10:26  time: 0.3312  data_time: 0.0019  memory: 8835  grad_norm: 0.6916  loss: 2.1471  loss_cls: 0.8435  loss_bbox: 0.6418  loss_centerness: 0.6618
2026/08/22 00:27:20 - mmengine - INFO - Epoch(train)  [8][1350/2804]  base_lr: 5.0000e-03 lr: 5.0000e-03  eta: 1:10:09  time: 0.3350  data_time: 0.0023  memory: 10560  grad_norm: 0.7966  loss: 2.1219  loss_cls: 0.7891  loss_bbox: 0.6700  loss_centerness: 0.6628
2026/08/22 00:27:27 - mmengine - INFO - Exp name: fcos_r50_pdd_p2p6_aitodv2_20260821_231631
2026/08/22 00:27:36 - mmengine - INFO - Epoch(train)  [8][1400/2804]  base_lr: 5.0000e-03 lr: 5.0000e-03  eta: 1:09:53  time: 0.3296  data_time: 0.0015  memory: 10322  grad_norm: 0.6726  loss: 2.1333  loss_cls: 0.7951  loss_bbox: 0.6724  loss_centerness: 0.6658
2026/08/22 00:27:53 - mmengine - INFO - Epoch(train)  [8][1450/2804]  base_lr: 5.0000e-03 lr: 5.0000e-03  eta: 1:09:36  time: 0.3262  data_time: 0.0017  memory: 8809  grad_norm: 0.7370  loss: 2.2329  loss_cls: 0.8788  loss_bbox: 0.6896  loss_centerness: 0.6645
2026/08/22 00:28:09 - mmengine - INFO - Epoch(train)  [8][1500/2804]  base_lr: 5.0000e-03 lr: 5.0000e-03  eta: 1:09:19  time: 0.3296  data_time: 0.0015  memory: 8762  grad_norm: 1.0058  loss: 2.0798  loss_cls: 0.7221  loss_bbox: 0.6947  loss_centerness: 0.6629
2026/08/22 00:28:26 - mmengine - INFO - Epoch(train)  [8][1550/2804]  base_lr: 5.0000e-03 lr: 5.0000e-03  eta: 1:09:02  time: 0.3299  data_time: 0.0018  memory: 9008  grad_norm: 0.6910  loss: 2.0776  loss_cls: 0.7740  loss_bbox: 0.6438  loss_centerness: 0.6598
2026/08/22 00:28:42 - mmengine - INFO - Epoch(train)  [8][1600/2804]  base_lr: 5.0000e-03 lr: 5.0000e-03  eta: 1:08:46  time: 0.3242  data_time: 0.0013  memory: 8824  grad_norm: 0.8219  loss: 2.0993  loss_cls: 0.7676  loss_bbox: 0.6696  loss_centerness: 0.6621
2026/08/22 00:28:58 - mmengine - INFO - Epoch(train)  [8][1650/2804]  base_lr: 5.0000e-03 lr: 5.0000e-03  eta: 1:08:29  time: 0.3273  data_time: 0.0016  memory: 9286  grad_norm: 0.7859  loss: 2.1026  loss_cls: 0.7787  loss_bbox: 0.6609  loss_centerness: 0.6630
2026/08/22 00:29:15 - mmengine - INFO - Epoch(train)  [8][1700/2804]  base_lr: 5.0000e-03 lr: 5.0000e-03  eta: 1:08:12  time: 0.3269  data_time: 0.0015  memory: 10835  grad_norm: 0.7394  loss: 2.1247  loss_cls: 0.7829  loss_bbox: 0.6780  loss_centerness: 0.6638
2026/08/22 00:29:32 - mmengine - INFO - Epoch(train)  [8][1750/2804]  base_lr: 5.0000e-03 lr: 5.0000e-03  eta: 1:07:55  time: 0.3277  data_time: 0.0017  memory: 9085  grad_norm: 0.8423  loss: 2.2873  loss_cls: 0.9570  loss_bbox: 0.6631  loss_centerness: 0.6671
2026/08/22 00:29:48 - mmengine - INFO - Epoch(train)  [8][1800/2804]  base_lr: 5.0000e-03 lr: 5.0000e-03  eta: 1:07:39  time: 0.3279  data_time: 0.0015  memory: 9727  grad_norm: 0.8623  loss: 2.2230  loss_cls: 0.8551  loss_bbox: 0.7074  loss_centerness: 0.6606
2026/08/22 00:30:04 - mmengine - INFO - Epoch(train)  [8][1850/2804]  base_lr: 5.0000e-03 lr: 5.0000e-03  eta: 1:07:22  time: 0.3266  data_time: 0.0016  memory: 9280  grad_norm: 0.6528  loss: 2.0681  loss_cls: 0.7562  loss_bbox: 0.6495  loss_centerness: 0.6625
2026/08/22 00:30:21 - mmengine - INFO - Epoch(train)  [8][1900/2804]  base_lr: 5.0000e-03 lr: 5.0000e-03  eta: 1:07:05  time: 0.3290  data_time: 0.0016  memory: 11591  grad_norm: 0.8579  loss: 2.1869  loss_cls: 0.8479  loss_bbox: 0.6722  loss_centerness: 0.6668
2026/08/22 00:30:37 - mmengine - INFO - Epoch(train)  [8][1950/2804]  base_lr: 5.0000e-03 lr: 5.0000e-03  eta: 1:06:48  time: 0.3311  data_time: 0.0022  memory: 9647  grad_norm: 0.8315  loss: 2.1544  loss_cls: 0.8091  loss_bbox: 0.6820  loss_centerness: 0.6634
2026/08/22 00:30:54 - mmengine - INFO - Epoch(train)  [8][2000/2804]  base_lr: 5.0000e-03 lr: 5.0000e-03  eta: 1:06:32  time: 0.3321  data_time: 0.0020  memory: 10901  grad_norm: 0.6557  loss: 2.0718  loss_cls: 0.7343  loss_bbox: 0.6761  loss_centerness: 0.6614
2026/08/22 00:31:11 - mmengine - INFO - Epoch(train)  [8][2050/2804]  base_lr: 5.0000e-03 lr: 5.0000e-03  eta: 1:06:15  time: 0.3356  data_time: 0.0018  memory: 9051  grad_norm: 0.9379  loss: 2.2300  loss_cls: 0.8978  loss_bbox: 0.6700  loss_centerness: 0.6622
2026/08/22 00:31:28 - mmengine - INFO - Epoch(train)  [8][2100/2804]  base_lr: 5.0000e-03 lr: 5.0000e-03  eta: 1:05:59  time: 0.3356  data_time: 0.0019  memory: 8927  grad_norm: 0.7444  loss: 2.1406  loss_cls: 0.7983  loss_bbox: 0.6762  loss_centerness: 0.6661
2026/08/22 00:31:44 - mmengine - INFO - Epoch(train)  [8][2150/2804]  base_lr: 5.0000e-03 lr: 5.0000e-03  eta: 1:05:42  time: 0.3325  data_time: 0.0019  memory: 9069  grad_norm: 0.6740  loss: 2.0990  loss_cls: 0.7647  loss_bbox: 0.6701  loss_centerness: 0.6642
2026/08/22 00:32:01 - mmengine - INFO - Epoch(train)  [8][2200/2804]  base_lr: 5.0000e-03 lr: 5.0000e-03  eta: 1:05:26  time: 0.3378  data_time: 0.0020  memory: 8749  grad_norm: 0.8656  loss: 2.1192  loss_cls: 0.7806  loss_bbox: 0.6752  loss_centerness: 0.6634
2026/08/22 00:32:18 - mmengine - INFO - Epoch(train)  [8][2250/2804]  base_lr: 5.0000e-03 lr: 5.0000e-03  eta: 1:05:09  time: 0.3343  data_time: 0.0018  memory: 9204  grad_norm: 1.0210  loss: 2.1788  loss_cls: 0.8158  loss_bbox: 0.6989  loss_centerness: 0.6641
2026/08/22 00:32:35 - mmengine - INFO - Epoch(train)  [8][2300/2804]  base_lr: 5.0000e-03 lr: 5.0000e-03  eta: 1:04:53  time: 0.3307  data_time: 0.0016  memory: 8650  grad_norm: 0.7496  loss: 2.2647  loss_cls: 0.8869  loss_bbox: 0.7133  loss_centerness: 0.6645
2026/08/22 00:32:51 - mmengine - INFO - Epoch(train)  [8][2350/2804]  base_lr: 5.0000e-03 lr: 5.0000e-03  eta: 1:04:37  time: 0.3362  data_time: 0.0020  memory: 8958  grad_norm: 0.9618  loss: 2.2087  loss_cls: 0.8599  loss_bbox: 0.6855  loss_centerness: 0.6633
2026/08/22 00:32:59 - mmengine - INFO - Exp name: fcos_r50_pdd_p2p6_aitodv2_20260821_231631
2026/08/22 00:33:08 - mmengine - INFO - Epoch(train)  [8][2400/2804]  base_lr: 5.0000e-03 lr: 5.0000e-03  eta: 1:04:20  time: 0.3264  data_time: 0.0014  memory: 8905  grad_norm: 0.6592  loss: 2.1650  loss_cls: 0.8389  loss_bbox: 0.6619  loss_centerness: 0.6642
2026/08/22 00:33:25 - mmengine - INFO - Epoch(train)  [8][2450/2804]  base_lr: 5.0000e-03 lr: 5.0000e-03  eta: 1:04:03  time: 0.3267  data_time: 0.0014  memory: 8860  grad_norm: 0.7658  loss: 2.1629  loss_cls: 0.8211  loss_bbox: 0.6814  loss_centerness: 0.6604
2026/08/22 00:33:41 - mmengine - INFO - Epoch(train)  [8][2500/2804]  base_lr: 5.0000e-03 lr: 5.0000e-03  eta: 1:03:47  time: 0.3299  data_time: 0.0015  memory: 10897  grad_norm: 0.7270  loss: 2.1776  loss_cls: 0.8647  loss_bbox: 0.6491  loss_centerness: 0.6638
2026/08/22 00:33:58 - mmengine - INFO - Epoch(train)  [8][2550/2804]  base_lr: 5.0000e-03 lr: 5.0000e-03  eta: 1:03:30  time: 0.3320  data_time: 0.0019  memory: 9662  grad_norm: 0.6334  loss: 2.0965  loss_cls: 0.7568  loss_bbox: 0.6781  loss_centerness: 0.6616
2026/08/22 00:34:15 - mmengine - INFO - Epoch(train)  [8][2600/2804]  base_lr: 5.0000e-03 lr: 5.0000e-03  eta: 1:03:14  time: 0.3373  data_time: 0.0016  memory: 9075  grad_norm: 1.0867  loss: 2.2959  loss_cls: 0.9720  loss_bbox: 0.6648  loss_centerness: 0.6591
2026/08/22 00:34:32 - mmengine - INFO - Epoch(train)  [8][2650/2804]  base_lr: 5.0000e-03 lr: 5.0000e-03  eta: 1:02:58  time: 0.3386  data_time: 0.0020  memory: 9134  grad_norm: 0.7464  loss: 2.1553  loss_cls: 0.8174  loss_bbox: 0.6759  loss_centerness: 0.6619
2026/08/22 00:34:49 - mmengine - INFO - Epoch(train)  [8][2700/2804]  base_lr: 5.0000e-03 lr: 5.0000e-03  eta: 1:02:41  time: 0.3391  data_time: 0.0020  memory: 8794  grad_norm: 0.7742  loss: 2.2096  loss_cls: 0.8843  loss_bbox: 0.6671  loss_centerness: 0.6582
2026/08/22 00:35:06 - mmengine - INFO - Epoch(train)  [8][2750/2804]  base_lr: 5.0000e-03 lr: 5.0000e-03  eta: 1:02:25  time: 0.3431  data_time: 0.0019  memory: 9280  grad_norm: 0.7285  loss: 2.2169  loss_cls: 0.8838  loss_bbox: 0.6697  loss_centerness: 0.6633
2026/08/22 00:35:23 - mmengine - INFO - Epoch(train)  [8][2800/2804]  base_lr: 5.0000e-03 lr: 5.0000e-03  eta: 1:02:09  time: 0.3352  data_time: 0.0011  memory: 9348  grad_norm: 0.8234  loss: 2.1918  loss_cls: 0.8372  loss_bbox: 0.6901  loss_centerness: 0.6645
2026/08/22 00:35:24 - mmengine - INFO - Exp name: fcos_r50_pdd_p2p6_aitodv2_20260821_231631
2026/08/22 00:35:24 - mmengine - INFO - Saving checkpoint at 8 epochs
2026/08/22 00:35:31 - mmengine - INFO - Epoch(val)  [8][ 50/701]    eta: 0:00:55  time: 0.0782  data_time: 0.0002  memory: 8475  
2026/08/22 00:35:35 - mmengine - INFO - Epoch(val)  [8][100/701]    eta: 0:00:48  time: 0.0775  data_time: 0.0003  memory: 1122  
2026/08/22 00:35:39 - mmengine - INFO - Epoch(val)  [8][150/701]    eta: 0:00:44  time: 0.0774  data_time: 0.0002  memory: 1122  
2026/08/22 00:35:43 - mmengine - INFO - Epoch(val)  [8][200/701]    eta: 0:00:39  time: 0.0774  data_time: 0.0002  memory: 1122  
2026/08/22 00:35:46 - mmengine - INFO - Epoch(val)  [8][250/701]    eta: 0:00:35  time: 0.0780  data_time: 0.0002  memory: 1122  
2026/08/22 00:35:50 - mmengine - INFO - Epoch(val)  [8][300/701]    eta: 0:00:31  time: 0.0774  data_time: 0.0002  memory: 1122  
2026/08/22 00:35:54 - mmengine - INFO - Epoch(val)  [8][350/701]    eta: 0:00:27  time: 0.0774  data_time: 0.0002  memory: 1122  
2026/08/22 00:35:58 - mmengine - INFO - Epoch(val)  [8][400/701]    eta: 0:00:23  time: 0.0777  data_time: 0.0002  memory: 1122  
2026/08/22 00:36:02 - mmengine - INFO - Epoch(val)  [8][450/701]    eta: 0:00:19  time: 0.0775  data_time: 0.0002  memory: 1122  
2026/08/22 00:36:06 - mmengine - INFO - Epoch(val)  [8][500/701]    eta: 0:00:15  time: 0.0780  data_time: 0.0003  memory: 1122  
2026/08/22 00:36:10 - mmengine - INFO - Epoch(val)  [8][550/701]    eta: 0:00:11  time: 0.0780  data_time: 0.0003  memory: 1122  
2026/08/22 00:36:14 - mmengine - INFO - Epoch(val)  [8][600/701]    eta: 0:00:07  time: 0.0781  data_time: 0.0004  memory: 1122  
2026/08/22 00:36:18 - mmengine - INFO - Epoch(val)  [8][650/701]    eta: 0:00:03  time: 0.0781  data_time: 0.0004  memory: 1122  
2026/08/22 00:36:22 - mmengine - INFO - Epoch(val)  [8][700/701]    eta: 0:00:00  time: 0.0781  data_time: 0.0002  memory: 1122  
2026/08/22 00:36:22 - mmengine - INFO - Evaluating bbox...
2026/08/22 00:36:22 - mmengine - ERROR - /root/miniconda3/lib/python3.8/site-packages/mmdet/evaluation/metrics/coco_metric.py - compute_metrics - 465 - The testing results of the whole dataset is empty.
2026/08/22 00:36:22 - mmengine - INFO - Epoch(val) [8][701/701]    data_time: 0.0005  time: 0.0783
2026/08/22 00:36:38 - mmengine - INFO - Epoch(train)  [9][  50/2804]  base_lr: 5.0000e-04 lr: 5.0000e-04  eta: 1:01:50  time: 0.3356  data_time: 0.0023  memory: 9192  grad_norm: 0.7029  loss: 2.1880  loss_cls: 0.8559  loss_bbox: 0.6680  loss_centerness: 0.6641
2026/08/22 00:36:55 - mmengine - INFO - Epoch(train)  [9][ 100/2804]  base_lr: 5.0000e-04 lr: 5.0000e-04  eta: 1:01:34  time: 0.3413  data_time: 0.0021  memory: 12486  grad_norm: 0.6824  loss: 2.1708  loss_cls: 0.8578  loss_bbox: 0.6511  loss_centerness: 0.6620
2026/08/22 00:37:12 - mmengine - INFO - Epoch(train)  [9][ 150/2804]  base_lr: 5.0000e-04 lr: 5.0000e-04  eta: 1:01:18  time: 0.3393  data_time: 0.0022  memory: 9327  grad_norm: 0.6552  loss: 2.1523  loss_cls: 0.8086  loss_bbox: 0.6806  loss_centerness: 0.6630
2026/08/22 00:37:29 - mmengine - INFO - Epoch(train)  [9][ 200/2804]  base_lr: 5.0000e-04 lr: 5.0000e-04  eta: 1:01:02  time: 0.3458  data_time: 0.0023  memory: 8850  grad_norm: 0.7161  loss: 2.1758  loss_cls: 0.8318  loss_bbox: 0.6798  loss_centerness: 0.6642
2026/08/22 00:37:46 - mmengine - INFO - Epoch(train)  [9][ 250/2804]  base_lr: 5.0000e-04 lr: 5.0000e-04  eta: 1:00:45  time: 0.3399  data_time: 0.0021  memory: 9250  grad_norm: 0.6977  loss: 2.1333  loss_cls: 0.7900  loss_bbox: 0.6785  loss_centerness: 0.6648
2026/08/22 00:38:03 - mmengine - INFO - Epoch(train)  [9][ 300/2804]  base_lr: 5.0000e-04 lr: 5.0000e-04  eta: 1:00:29  time: 0.3345  data_time: 0.0020  memory: 8530  grad_norm: 0.9225  loss: 2.2955  loss_cls: 0.9618  loss_bbox: 0.6688  loss_centerness: 0.6649
2026/08/22 00:38:20 - mmengine - INFO - Epoch(train)  [9][ 350/2804]  base_lr: 5.0000e-04 lr: 5.0000e-04  eta: 1:00:13  time: 0.3419  data_time: 0.0023  memory: 11591  grad_norm: 0.8198  loss: 2.1093  loss_cls: 0.8146  loss_bbox: 0.6340  loss_centerness: 0.6607
2026/08/22 00:38:37 - mmengine - INFO - Epoch(train)  [9][ 400/2804]  base_lr: 5.0000e-04 lr: 5.0000e-04  eta: 0:59:56  time: 0.3437  data_time: 0.0024  memory: 9204  grad_norm: 0.7606  loss: 2.1057  loss_cls: 0.7779  loss_bbox: 0.6640  loss_centerness: 0.6638
2026/08/22 00:38:54 - mmengine - INFO - Epoch(train)  [9][ 450/2804]  base_lr: 5.0000e-04 lr: 5.0000e-04  eta: 0:59:40  time: 0.3376  data_time: 0.0017  memory: 9342  grad_norm: 0.9110  loss: 2.2034  loss_cls: 0.8838  loss_bbox: 0.6606  loss_centerness: 0.6590
2026/08/22 00:39:11 - mmengine - INFO - Epoch(train)  [9][ 500/2804]  base_lr: 5.0000e-04 lr: 5.0000e-04  eta: 0:59:24  time: 0.3356  data_time: 0.0016  memory: 9662  grad_norm: 0.8794  loss: 2.1464  loss_cls: 0.8109  loss_bbox: 0.6741  loss_centerness: 0.6614
2026/08/22 00:39:28 - mmengine - INFO - Epoch(train)  [9][ 550/2804]  base_lr: 5.0000e-04 lr: 5.0000e-04  eta: 0:59:07  time: 0.3336  data_time: 0.0016  memory: 9725  grad_norm: 0.7870  loss: 2.1996  loss_cls: 0.8757  loss_bbox: 0.6603  loss_centerness: 0.6635
2026/08/22 00:39:34 - mmengine - INFO - Exp name: fcos_r50_pdd_p2p6_aitodv2_20260821_231631
2026/08/22 00:39:45 - mmengine - INFO - Epoch(train)  [9][ 600/2804]  base_lr: 5.0000e-04 lr: 5.0000e-04  eta: 0:58:51  time: 0.3350  data_time: 0.0018  memory: 9282  grad_norm: 0.6826  loss: 2.1254  loss_cls: 0.7992  loss_bbox: 0.6618  loss_centerness: 0.6644
2026/08/22 00:40:02 - mmengine - INFO - Epoch(train)  [9][ 650/2804]  base_lr: 5.0000e-04 lr: 5.0000e-04  eta: 0:58:34  time: 0.3338  data_time: 0.0018  memory: 8870  grad_norm: 0.7157  loss: 2.1544  loss_cls: 0.8174  loss_bbox: 0.6727  loss_centerness: 0.6643
2026/08/22 00:40:18 - mmengine - INFO - Epoch(train)  [9][ 700/2804]  base_lr: 5.0000e-04 lr: 5.0000e-04  eta: 0:58:18  time: 0.3352  data_time: 0.0018  memory: 8957  grad_norm: 0.6890  loss: 2.0857  loss_cls: 0.7737  loss_bbox: 0.6494  loss_centerness: 0.6626
2026/08/22 00:40:35 - mmengine - INFO - Epoch(train)  [9][ 750/2804]  base_lr: 5.0000e-04 lr: 5.0000e-04  eta: 0:58:01  time: 0.3345  data_time: 0.0019  memory: 9260  grad_norm: 0.8386  loss: 2.1425  loss_cls: 0.8024  loss_bbox: 0.6780  loss_centerness: 0.6621
2026/08/22 00:40:52 - mmengine - INFO - Epoch(train)  [9][ 800/2804]  base_lr: 5.0000e-04 lr: 5.0000e-04  eta: 0:57:44  time: 0.3365  data_time: 0.0017  memory: 9604  grad_norm: 0.7628  loss: 2.1431  loss_cls: 0.8242  loss_bbox: 0.6555  loss_centerness: 0.6633
2026/08/22 00:41:08 - mmengine - INFO - Epoch(train)  [9][ 850/2804]  base_lr: 5.0000e-04 lr: 5.0000e-04  eta: 0:57:28  time: 0.3281  data_time: 0.0016  memory: 9176  grad_norm: 0.6095  loss: 2.1168  loss_cls: 0.8255  loss_bbox: 0.6310  loss_centerness: 0.6603
2026/08/22 00:41:25 - mmengine - INFO - Epoch(train)  [9][ 900/2804]  base_lr: 5.0000e-04 lr: 5.0000e-04  eta: 0:57:11  time: 0.3264  data_time: 0.0015  memory: 8862  grad_norm: 0.8096  loss: 2.2349  loss_cls: 0.8674  loss_bbox: 0.6986  loss_centerness: 0.6689
2026/08/22 00:41:41 - mmengine - INFO - Epoch(train)  [9][ 950/2804]  base_lr: 5.0000e-04 lr: 5.0000e-04  eta: 0:56:54  time: 0.3324  data_time: 0.0022  memory: 9290  grad_norm: 0.6108  loss: 2.0979  loss_cls: 0.7637  loss_bbox: 0.6710  loss_centerness: 0.6631
2026/08/22 00:41:58 - mmengine - INFO - Epoch(train)  [9][1000/2804]  base_lr: 5.0000e-04 lr: 5.0000e-04  eta: 0:56:38  time: 0.3306  data_time: 0.0017  memory: 9974  grad_norm: 0.7254  loss: 2.0624  loss_cls: 0.7516  loss_bbox: 0.6473  loss_centerness: 0.6635
2026/08/22 00:42:15 - mmengine - INFO - Epoch(train)  [9][1050/2804]  base_lr: 5.0000e-04 lr: 5.0000e-04  eta: 0:56:21  time: 0.3333  data_time: 0.0019  memory: 8862  grad_norm: 0.7715  loss: 2.1616  loss_cls: 0.8372  loss_bbox: 0.6591  loss_centerness: 0.6653
2026/08/22 00:42:31 - mmengine - INFO - Epoch(train)  [9][1100/2804]  base_lr: 5.0000e-04 lr: 5.0000e-04  eta: 0:56:05  time: 0.3342  data_time: 0.0019  memory: 9281  grad_norm: 0.7781  loss: 2.0744  loss_cls: 0.7455  loss_bbox: 0.6652  loss_centerness: 0.6636
2026/08/22 00:42:48 - mmengine - INFO - Epoch(train)  [9][1150/2804]  base_lr: 5.0000e-04 lr: 5.0000e-04  eta: 0:55:48  time: 0.3270  data_time: 0.0015  memory: 10267  grad_norm: 0.9274  loss: 2.2277  loss_cls: 0.9134  loss_bbox: 0.6525  loss_centerness: 0.6618
2026/08/22 00:43:04 - mmengine - INFO - Epoch(train)  [9][1200/2804]  base_lr: 5.0000e-04 lr: 5.0000e-04  eta: 0:55:31  time: 0.3317  data_time: 0.0017  memory: 11419  grad_norm: 0.6856  loss: 2.0736  loss_cls: 0.7846  loss_bbox: 0.6283  loss_centerness: 0.6607
2026/08/22 00:43:21 - mmengine - INFO - Epoch(train)  [9][1250/2804]  base_lr: 5.0000e-04 lr: 5.0000e-04  eta: 0:55:14  time: 0.3277  data_time: 0.0016  memory: 10898  grad_norm: 0.9907  loss: 2.3056  loss_cls: 0.9702  loss_bbox: 0.6723  loss_centerness: 0.6631
2026/08/22 00:43:38 - mmengine - INFO - Epoch(train)  [9][1300/2804]  base_lr: 5.0000e-04 lr: 5.0000e-04  eta: 0:54:58  time: 0.3357  data_time: 0.0019  memory: 9766  grad_norm: 0.7316  loss: 2.1835  loss_cls: 0.8479  loss_bbox: 0.6730  loss_centerness: 0.6626
2026/08/22 00:43:54 - mmengine - INFO - Epoch(train)  [9][1350/2804]  base_lr: 5.0000e-04 lr: 5.0000e-04  eta: 0:54:41  time: 0.3336  data_time: 0.0019  memory: 10834  grad_norm: 0.9612  loss: 2.2649  loss_cls: 0.9228  loss_bbox: 0.6785  loss_centerness: 0.6635
2026/08/22 00:44:11 - mmengine - INFO - Epoch(train)  [9][1400/2804]  base_lr: 5.0000e-04 lr: 5.0000e-04  eta: 0:54:25  time: 0.3315  data_time: 0.0020  memory: 9151  grad_norm: 0.7746  loss: 2.1026  loss_cls: 0.7776  loss_bbox: 0.6604  loss_centerness: 0.6646
2026/08/22 00:44:27 - mmengine - INFO - Epoch(train)  [9][1450/2804]  base_lr: 5.0000e-04 lr: 5.0000e-04  eta: 0:54:08  time: 0.3257  data_time: 0.0012  memory: 9902  grad_norm: 0.5762  loss: 2.0726  loss_cls: 0.7485  loss_bbox: 0.6611  loss_centerness: 0.6630
2026/08/22 00:44:44 - mmengine - INFO - Epoch(train)  [9][1500/2804]  base_lr: 5.0000e-04 lr: 5.0000e-04  eta: 0:53:51  time: 0.3336  data_time: 0.0018  memory: 9103  grad_norm: 0.8753  loss: 2.2291  loss_cls: 0.8778  loss_bbox: 0.6833  loss_centerness: 0.6680
2026/08/22 00:45:01 - mmengine - INFO - Epoch(train)  [9][1550/2804]  base_lr: 5.0000e-04 lr: 5.0000e-04  eta: 0:53:35  time: 0.3345  data_time: 0.0017  memory: 9297  grad_norm: 0.7037  loss: 2.0678  loss_cls: 0.7351  loss_bbox: 0.6699  loss_centerness: 0.6629
2026/08/22 00:45:07 - mmengine - INFO - Exp name: fcos_r50_pdd_p2p6_aitodv2_20260821_231631
2026/08/22 00:45:17 - mmengine - INFO - Epoch(train)  [9][1600/2804]  base_lr: 5.0000e-04 lr: 5.0000e-04  eta: 0:53:18  time: 0.3312  data_time: 0.0015  memory: 9012  grad_norm: 0.7940  loss: 2.1611  loss_cls: 0.8310  loss_bbox: 0.6672  loss_centerness: 0.6630
2026/08/22 00:45:34 - mmengine - INFO - Epoch(train)  [9][1650/2804]  base_lr: 5.0000e-04 lr: 5.0000e-04  eta: 0:53:01  time: 0.3260  data_time: 0.0013  memory: 11505  grad_norm: 0.7306  loss: 2.1086  loss_cls: 0.7832  loss_bbox: 0.6637  loss_centerness: 0.6617
2026/08/22 00:45:50 - mmengine - INFO - Epoch(train)  [9][1700/2804]  base_lr: 5.0000e-04 lr: 5.0000e-04  eta: 0:52:44  time: 0.3332  data_time: 0.0018  memory: 11741  grad_norm: 0.7475  loss: 2.1671  loss_cls: 0.8314  loss_bbox: 0.6738  loss_centerness: 0.6619
2026/08/22 00:46:07 - mmengine - INFO - Epoch(train)  [9][1750/2804]  base_lr: 5.0000e-04 lr: 5.0000e-04  eta: 0:52:28  time: 0.3266  data_time: 0.0014  memory: 8879  grad_norm: 0.6532  loss: 2.0765  loss_cls: 0.7546  loss_bbox: 0.6567  loss_centerness: 0.6652
2026/08/22 00:46:23 - mmengine - INFO - Epoch(train)  [9][1800/2804]  base_lr: 5.0000e-04 lr: 5.0000e-04  eta: 0:52:11  time: 0.3267  data_time: 0.0014  memory: 9075  grad_norm: 0.7705  loss: 2.1774  loss_cls: 0.8412  loss_bbox: 0.6711  loss_centerness: 0.6650
2026/08/22 00:46:40 - mmengine - INFO - Epoch(train)  [9][1850/2804]  base_lr: 5.0000e-04 lr: 5.0000e-04  eta: 0:51:54  time: 0.3338  data_time: 0.0018  memory: 8824  grad_norm: 0.7768  loss: 2.2175  loss_cls: 0.8708  loss_bbox: 0.6830  loss_centerness: 0.6637
2026/08/22 00:46:57 - mmengine - INFO - Epoch(train)  [9][1900/2804]  base_lr: 5.0000e-04 lr: 5.0000e-04  eta: 0:51:38  time: 0.3348  data_time: 0.0018  memory: 9725  grad_norm: 0.7580  loss: 2.1844  loss_cls: 0.8327  loss_bbox: 0.6926  loss_centerness: 0.6590
2026/08/22 00:47:13 - mmengine - INFO - Epoch(train)  [9][1950/2804]  base_lr: 5.0000e-04 lr: 5.0000e-04  eta: 0:51:21  time: 0.3291  data_time: 0.0016  memory: 8891  grad_norm: 0.6939  loss: 2.1056  loss_cls: 0.8042  loss_bbox: 0.6388  loss_centerness: 0.6626
2026/08/22 00:47:30 - mmengine - INFO - Epoch(train)  [9][2000/2804]  base_lr: 5.0000e-04 lr: 5.0000e-04  eta: 0:51:05  time: 0.3348  data_time: 0.0020  memory: 11918  grad_norm: 0.6537  loss: 2.1727  loss_cls: 0.8034  loss_bbox: 0.7044  loss_centerness: 0.6649
2026/08/22 00:47:47 - mmengine - INFO - Epoch(train)  [9][2050/2804]  base_lr: 5.0000e-04 lr: 5.0000e-04  eta: 0:50:48  time: 0.3348  data_time: 0.0019  memory: 10897  grad_norm: 0.7572  loss: 2.1199  loss_cls: 0.7881  loss_bbox: 0.6697  loss_centerness: 0.6622
2026/08/22 00:48:04 - mmengine - INFO - Epoch(train)  [9][2100/2804]  base_lr: 5.0000e-04 lr: 5.0000e-04  eta: 0:50:32  time: 0.3335  data_time: 0.0019  memory: 8936  grad_norm: 0.8181  loss: 2.1755  loss_cls: 0.8672  loss_bbox: 0.6467  loss_centerness: 0.6616
2026/08/22 00:48:20 - mmengine - INFO - Epoch(train)  [9][2150/2804]  base_lr: 5.0000e-04 lr: 5.0000e-04  eta: 0:50:15  time: 0.3352  data_time: 0.0020  memory: 9016  grad_norm: 0.8893  loss: 2.1689  loss_cls: 0.8599  loss_bbox: 0.6483  loss_centerness: 0.6607
2026/08/22 00:48:37 - mmengine - INFO - Epoch(train)  [9][2200/2804]  base_lr: 5.0000e-04 lr: 5.0000e-04  eta: 0:49:58  time: 0.3295  data_time: 0.0017  memory: 9581  grad_norm: 1.0731  loss: 2.3433  loss_cls: 0.9890  loss_bbox: 0.6866  loss_centerness: 0.6677
2026/08/22 00:48:53 - mmengine - INFO - Epoch(train)  [9][2250/2804]  base_lr: 5.0000e-04 lr: 5.0000e-04  eta: 0:49:41  time: 0.3331  data_time: 0.0018  memory: 9131  grad_norm: 0.5544  loss: 2.0680  loss_cls: 0.7475  loss_bbox: 0.6566  loss_centerness: 0.6639
2026/08/22 00:49:10 - mmengine - INFO - Epoch(train)  [9][2300/2804]  base_lr: 5.0000e-04 lr: 5.0000e-04  eta: 0:49:25  time: 0.3352  data_time: 0.0018  memory: 9131  grad_norm: 0.5354  loss: 2.1040  loss_cls: 0.7535  loss_bbox: 0.6880  loss_centerness: 0.6625
2026/08/22 00:49:26 - mmengine - INFO - Epoch(train)  [9][2350/2804]  base_lr: 5.0000e-04 lr: 5.0000e-04  eta: 0:49:08  time: 0.3321  data_time: 0.0018  memory: 9502  grad_norm: 0.7980  loss: 2.1895  loss_cls: 0.8496  loss_bbox: 0.6803  loss_centerness: 0.6596
2026/08/22 00:49:43 - mmengine - INFO - Epoch(train)  [9][2400/2804]  base_lr: 5.0000e-04 lr: 5.0000e-04  eta: 0:48:52  time: 0.3330  data_time: 0.0022  memory: 10561  grad_norm: 0.8245  loss: 2.1316  loss_cls: 0.7815  loss_bbox: 0.6859  loss_centerness: 0.6642
2026/08/22 00:49:59 - mmengine - INFO - Epoch(train)  [9][2450/2804]  base_lr: 5.0000e-04 lr: 5.0000e-04  eta: 0:48:35  time: 0.3272  data_time: 0.0016  memory: 10831  grad_norm: 0.9663  loss: 2.2489  loss_cls: 0.9272  loss_bbox: 0.6592  loss_centerness: 0.6625
2026/08/22 00:50:16 - mmengine - INFO - Epoch(train)  [9][2500/2804]  base_lr: 5.0000e-04 lr: 5.0000e-04  eta: 0:48:18  time: 0.3284  data_time: 0.0015  memory: 9282  grad_norm: 0.6929  loss: 2.1571  loss_cls: 0.8201  loss_bbox: 0.6725  loss_centerness: 0.6645
2026/08/22 00:50:32 - mmengine - INFO - Epoch(train)  [9][2550/2804]  base_lr: 5.0000e-04 lr: 5.0000e-04  eta: 0:48:01  time: 0.3245  data_time: 0.0014  memory: 8870  grad_norm: 0.8393  loss: 2.1537  loss_cls: 0.8301  loss_bbox: 0.6598  loss_centerness: 0.6639
2026/08/22 00:50:38 - mmengine - INFO - Exp name: fcos_r50_pdd_p2p6_aitodv2_20260821_231631
2026/08/22 00:50:49 - mmengine - INFO - Epoch(train)  [9][2600/2804]  base_lr: 5.0000e-04 lr: 5.0000e-04  eta: 0:47:45  time: 0.3289  data_time: 0.0015  memory: 9569  grad_norm: 0.6051  loss: 2.1330  loss_cls: 0.8134  loss_bbox: 0.6570  loss_centerness: 0.6625
2026/08/22 00:51:05 - mmengine - INFO - Epoch(train)  [9][2650/2804]  base_lr: 5.0000e-04 lr: 5.0000e-04  eta: 0:47:28  time: 0.3276  data_time: 0.0014  memory: 9360  grad_norm: 0.8668  loss: 2.2150  loss_cls: 0.8744  loss_bbox: 0.6809  loss_centerness: 0.6597
2026/08/22 00:51:21 - mmengine - INFO - Epoch(train)  [9][2700/2804]  base_lr: 5.0000e-04 lr: 5.0000e-04  eta: 0:47:11  time: 0.3271  data_time: 0.0016  memory: 8915  grad_norm: 0.8075  loss: 2.1782  loss_cls: 0.8495  loss_bbox: 0.6652  loss_centerness: 0.6635
2026/08/22 00:51:38 - mmengine - INFO - Epoch(train)  [9][2750/2804]  base_lr: 5.0000e-04 lr: 5.0000e-04  eta: 0:46:54  time: 0.3269  data_time: 0.0015  memory: 10322  grad_norm: 1.0361  loss: 2.2417  loss_cls: 0.9469  loss_bbox: 0.6306  loss_centerness: 0.6642
2026/08/22 00:51:54 - mmengine - INFO - Epoch(train)  [9][2800/2804]  base_lr: 5.0000e-04 lr: 5.0000e-04  eta: 0:46:38  time: 0.3284  data_time: 0.0011  memory: 9485  grad_norm: 0.7551  loss: 2.1059  loss_cls: 0.7683  loss_bbox: 0.6708  loss_centerness: 0.6667
2026/08/22 00:51:55 - mmengine - INFO - Exp name: fcos_r50_pdd_p2p6_aitodv2_20260821_231631
2026/08/22 00:51:55 - mmengine - INFO - Saving checkpoint at 9 epochs
2026/08/22 00:52:14 - mmengine - INFO - Epoch(train) [10][  50/2804]  base_lr: 5.0000e-04 lr: 5.0000e-04  eta: 0:46:20  time: 0.3196  data_time: 0.0016  memory: 9650  grad_norm: 0.6239  loss: 2.1016  loss_cls: 0.7898  loss_bbox: 0.6483  loss_centerness: 0.6636
2026/08/22 00:52:30 - mmengine - INFO - Epoch(train) [10][ 100/2804]  base_lr: 5.0000e-04 lr: 5.0000e-04  eta: 0:46:03  time: 0.3212  data_time: 0.0016  memory: 8763  grad_norm: 0.5518  loss: 2.1333  loss_cls: 0.8103  loss_bbox: 0.6610  loss_centerness: 0.6620
2026/08/22 00:52:46 - mmengine - INFO - Epoch(train) [10][ 150/2804]  base_lr: 5.0000e-04 lr: 5.0000e-04  eta: 0:45:46  time: 0.3355  data_time: 0.0020  memory: 10322  grad_norm: 0.7681  loss: 2.0669  loss_cls: 0.7518  loss_bbox: 0.6556  loss_centerness: 0.6595
2026/08/22 00:53:03 - mmengine - INFO - Epoch(train) [10][ 200/2804]  base_lr: 5.0000e-04 lr: 5.0000e-04  eta: 0:45:29  time: 0.3322  data_time: 0.0016  memory: 8825  grad_norm: 0.9289  loss: 2.1860  loss_cls: 0.8286  loss_bbox: 0.6937  loss_centerness: 0.6637
2026/08/22 00:53:19 - mmengine - INFO - Epoch(train) [10][ 250/2804]  base_lr: 5.0000e-04 lr: 5.0000e-04  eta: 0:45:13  time: 0.3305  data_time: 0.0017  memory: 9151  grad_norm: 0.9024  loss: 2.1232  loss_cls: 0.8011  loss_bbox: 0.6574  loss_centerness: 0.6647
2026/08/22 00:53:36 - mmengine - INFO - Epoch(train) [10][ 300/2804]  base_lr: 5.0000e-04 lr: 5.0000e-04  eta: 0:44:56  time: 0.3290  data_time: 0.0017  memory: 9976  grad_norm: 0.7325  loss: 2.1903  loss_cls: 0.8776  loss_bbox: 0.6524  loss_centerness: 0.6603
2026/08/22 00:53:53 - mmengine - INFO - Epoch(train) [10][ 350/2804]  base_lr: 5.0000e-04 lr: 5.0000e-04  eta: 0:44:39  time: 0.3316  data_time: 0.0016  memory: 9430  grad_norm: 0.7756  loss: 2.1245  loss_cls: 0.7954  loss_bbox: 0.6625  loss_centerness: 0.6666
2026/08/22 00:54:09 - mmengine - INFO - Epoch(train) [10][ 400/2804]  base_lr: 5.0000e-04 lr: 5.0000e-04  eta: 0:44:23  time: 0.3340  data_time: 0.0020  memory: 9655  grad_norm: 0.4840  loss: 2.1001  loss_cls: 0.8024  loss_bbox: 0.6366  loss_centerness: 0.6612
2026/08/22 00:54:26 - mmengine - INFO - Epoch(train) [10][ 450/2804]  base_lr: 5.0000e-04 lr: 5.0000e-04  eta: 0:44:06  time: 0.3261  data_time: 0.0014  memory: 9133  grad_norm: 0.5015  loss: 2.0744  loss_cls: 0.7754  loss_bbox: 0.6378  loss_centerness: 0.6611
2026/08/22 00:54:43 - mmengine - INFO - Epoch(train) [10][ 500/2804]  base_lr: 5.0000e-04 lr: 5.0000e-04  eta: 0:43:49  time: 0.3299  data_time: 0.0017  memory: 9346  grad_norm: 0.6637  loss: 2.1173  loss_cls: 0.7817  loss_bbox: 0.6735  loss_centerness: 0.6620
2026/08/22 00:54:59 - mmengine - INFO - Epoch(train) [10][ 550/2804]  base_lr: 5.0000e-04 lr: 5.0000e-04  eta: 0:43:33  time: 0.3301  data_time: 0.0015  memory: 8875  grad_norm: 0.6460  loss: 2.1174  loss_cls: 0.8214  loss_bbox: 0.6329  loss_centerness: 0.6632
2026/08/22 00:55:15 - mmengine - INFO - Epoch(train) [10][ 600/2804]  base_lr: 5.0000e-04 lr: 5.0000e-04  eta: 0:43:16  time: 0.3259  data_time: 0.0013  memory: 11738  grad_norm: 0.6671  loss: 2.0871  loss_cls: 0.7550  loss_bbox: 0.6688  loss_centerness: 0.6633
2026/08/22 00:55:32 - mmengine - INFO - Epoch(train) [10][ 650/2804]  base_lr: 5.0000e-04 lr: 5.0000e-04  eta: 0:42:59  time: 0.3257  data_time: 0.0012  memory: 8917  grad_norm: 1.3097  loss: 2.3409  loss_cls: 1.0121  loss_bbox: 0.6642  loss_centerness: 0.6646
2026/08/22 00:55:48 - mmengine - INFO - Epoch(train) [10][ 700/2804]  base_lr: 5.0000e-04 lr: 5.0000e-04  eta: 0:42:42  time: 0.3229  data_time: 0.0013  memory: 9251  grad_norm: 0.5806  loss: 2.1020  loss_cls: 0.7707  loss_bbox: 0.6653  loss_centerness: 0.6661
2026/08/22 00:56:04 - mmengine - INFO - Epoch(train) [10][ 750/2804]  base_lr: 5.0000e-04 lr: 5.0000e-04  eta: 0:42:26  time: 0.3251  data_time: 0.0013  memory: 9251  grad_norm: 0.7447  loss: 2.2119  loss_cls: 0.8627  loss_bbox: 0.6848  loss_centerness: 0.6645
2026/08/22 00:56:09 - mmengine - INFO - Exp name: fcos_r50_pdd_p2p6_aitodv2_20260821_231631
2026/08/22 00:56:21 - mmengine - INFO - Epoch(train) [10][ 800/2804]  base_lr: 5.0000e-04 lr: 5.0000e-04  eta: 0:42:09  time: 0.3248  data_time: 0.0016  memory: 8794  grad_norm: 0.5140  loss: 2.0675  loss_cls: 0.7585  loss_bbox: 0.6477  loss_centerness: 0.6613
2026/08/22 00:56:37 - mmengine - INFO - Epoch(train) [10][ 850/2804]  base_lr: 5.0000e-04 lr: 5.0000e-04  eta: 0:41:52  time: 0.3328  data_time: 0.0014  memory: 9903  grad_norm: 0.6688  loss: 2.0663  loss_cls: 0.7590  loss_bbox: 0.6468  loss_centerness: 0.6606
2026/08/22 00:56:53 - mmengine - INFO - Epoch(train) [10][ 900/2804]  base_lr: 5.0000e-04 lr: 5.0000e-04  eta: 0:41:36  time: 0.3261  data_time: 0.0018  memory: 8981  grad_norm: 0.7456  loss: 2.1495  loss_cls: 0.8194  loss_bbox: 0.6670  loss_centerness: 0.6632
2026/08/22 00:57:10 - mmengine - INFO - Epoch(train) [10][ 950/2804]  base_lr: 5.0000e-04 lr: 5.0000e-04  eta: 0:41:19  time: 0.3260  data_time: 0.0014  memory: 11592  grad_norm: 0.8658  loss: 2.2420  loss_cls: 0.9461  loss_bbox: 0.6298  loss_centerness: 0.6661
2026/08/22 00:57:26 - mmengine - INFO - Epoch(train) [10][1000/2804]  base_lr: 5.0000e-04 lr: 5.0000e-04  eta: 0:41:02  time: 0.3247  data_time: 0.0015  memory: 9024  grad_norm: 0.6455  loss: 2.1234  loss_cls: 0.7909  loss_bbox: 0.6696  loss_centerness: 0.6629
2026/08/22 00:57:42 - mmengine - INFO - Epoch(train) [10][1050/2804]  base_lr: 5.0000e-04 lr: 5.0000e-04  eta: 0:40:45  time: 0.3234  data_time: 0.0013  memory: 9729  grad_norm: 0.7746  loss: 2.1469  loss_cls: 0.7970  loss_bbox: 0.6830  loss_centerness: 0.6669
2026/08/22 00:57:59 - mmengine - INFO - Epoch(train) [10][1100/2804]  base_lr: 5.0000e-04 lr: 5.0000e-04  eta: 0:40:29  time: 0.3260  data_time: 0.0013  memory: 10558  grad_norm: 0.7685  loss: 2.1269  loss_cls: 0.7695  loss_bbox: 0.6938  loss_centerness: 0.6635
2026/08/22 00:58:15 - mmengine - INFO - Epoch(train) [10][1150/2804]  base_lr: 5.0000e-04 lr: 5.0000e-04  eta: 0:40:12  time: 0.3258  data_time: 0.0013  memory: 8820  grad_norm: 0.6879  loss: 2.0789  loss_cls: 0.7594  loss_bbox: 0.6554  loss_centerness: 0.6641
2026/08/22 00:58:32 - mmengine - INFO - Epoch(train) [10][1200/2804]  base_lr: 5.0000e-04 lr: 5.0000e-04  eta: 0:39:55  time: 0.3241  data_time: 0.0014  memory: 8782  grad_norm: 0.7971  loss: 2.2163  loss_cls: 0.8777  loss_bbox: 0.6723  loss_centerness: 0.6663
2026/08/22 00:58:48 - mmengine - INFO - Epoch(train) [10][1250/2804]  base_lr: 5.0000e-04 lr: 5.0000e-04  eta: 0:39:39  time: 0.3257  data_time: 0.0014  memory: 9044  grad_norm: 0.8577  loss: 2.1840  loss_cls: 0.8827  loss_bbox: 0.6413  loss_centerness: 0.6600
2026/08/22 00:59:05 - mmengine - INFO - Epoch(train) [10][1300/2804]  base_lr: 5.0000e-04 lr: 5.0000e-04  eta: 0:39:22  time: 0.3350  data_time: 0.0021  memory: 10900  grad_norm: 0.6822  loss: 2.0594  loss_cls: 0.7405  loss_bbox: 0.6555  loss_centerness: 0.6635
2026/08/22 00:59:21 - mmengine - INFO - Epoch(train) [10][1350/2804]  base_lr: 5.0000e-04 lr: 5.0000e-04  eta: 0:39:05  time: 0.3334  data_time: 0.0019  memory: 9499  grad_norm: 0.8134  loss: 2.1370  loss_cls: 0.7956  loss_bbox: 0.6813  loss_centerness: 0.6601
2026/08/22 00:59:38 - mmengine - INFO - Epoch(train) [10][1400/2804]  base_lr: 5.0000e-04 lr: 5.0000e-04  eta: 0:38:49  time: 0.3304  data_time: 0.0016  memory: 9092  grad_norm: 1.1622  loss: 2.2547  loss_cls: 0.9347  loss_bbox: 0.6521  loss_centerness: 0.6680
2026/08/22 00:59:54 - mmengine - INFO - Epoch(train) [10][1450/2804]  base_lr: 5.0000e-04 lr: 5.0000e-04  eta: 0:38:32  time: 0.3336  data_time: 0.0018  memory: 9660  grad_norm: 0.7023  loss: 2.2125  loss_cls: 0.8664  loss_bbox: 0.6846  loss_centerness: 0.6615
2026/08/22 01:00:11 - mmengine - INFO - Epoch(train) [10][1500/2804]  base_lr: 5.0000e-04 lr: 5.0000e-04  eta: 0:38:16  time: 0.3552  data_time: 0.0017  memory: 9360  grad_norm: 1.0047  loss: 2.2408  loss_cls: 0.9037  loss_bbox: 0.6702  loss_centerness: 0.6669
2026/08/22 01:00:28 - mmengine - INFO - Epoch(train) [10][1550/2804]  base_lr: 5.0000e-04 lr: 5.0000e-04  eta: 0:37:59  time: 0.3330  data_time: 0.0018  memory: 9293  grad_norm: 0.8844  loss: 2.2461  loss_cls: 0.9204  loss_bbox: 0.6641  loss_centerness: 0.6615
2026/08/22 01:00:45 - mmengine - INFO - Epoch(train) [10][1600/2804]  base_lr: 5.0000e-04 lr: 5.0000e-04  eta: 0:37:42  time: 0.3302  data_time: 0.0016  memory: 10850  grad_norm: 0.8139  loss: 2.0363  loss_cls: 0.7256  loss_bbox: 0.6480  loss_centerness: 0.6627
2026/08/22 01:01:01 - mmengine - INFO - Epoch(train) [10][1650/2804]  base_lr: 5.0000e-04 lr: 5.0000e-04  eta: 0:37:26  time: 0.3262  data_time: 0.0015  memory: 10831  grad_norm: 0.7093  loss: 2.1078  loss_cls: 0.7516  loss_bbox: 0.6920  loss_centerness: 0.6642
2026/08/22 01:01:18 - mmengine - INFO - Epoch(train) [10][1700/2804]  base_lr: 5.0000e-04 lr: 5.0000e-04  eta: 0:37:09  time: 0.3291  data_time: 0.0016  memory: 9679  grad_norm: 0.6514  loss: 2.1504  loss_cls: 0.8000  loss_bbox: 0.6870  loss_centerness: 0.6634
2026/08/22 01:01:34 - mmengine - INFO - Epoch(train) [10][1750/2804]  base_lr: 5.0000e-04 lr: 5.0000e-04  eta: 0:36:53  time: 0.3261  data_time: 0.0015  memory: 9606  grad_norm: 0.9845  loss: 2.2132  loss_cls: 0.8640  loss_bbox: 0.6790  loss_centerness: 0.6702
2026/08/22 01:01:39 - mmengine - INFO - Exp name: fcos_r50_pdd_p2p6_aitodv2_20260821_231631
2026/08/22 01:01:51 - mmengine - INFO - Epoch(train) [10][1800/2804]  base_lr: 5.0000e-04 lr: 5.0000e-04  eta: 0:36:36  time: 0.3298  data_time: 0.0016  memory: 8712  grad_norm: 0.6599  loss: 2.1226  loss_cls: 0.8080  loss_bbox: 0.6486  loss_centerness: 0.6660
2026/08/22 01:02:07 - mmengine - INFO - Epoch(train) [10][1850/2804]  base_lr: 5.0000e-04 lr: 5.0000e-04  eta: 0:36:19  time: 0.3311  data_time: 0.0021  memory: 9572  grad_norm: 1.0769  loss: 2.1820  loss_cls: 0.8494  loss_bbox: 0.6667  loss_centerness: 0.6659
2026/08/22 01:02:24 - mmengine - INFO - Epoch(train) [10][1900/2804]  base_lr: 5.0000e-04 lr: 5.0000e-04  eta: 0:36:03  time: 0.3319  data_time: 0.0017  memory: 11502  grad_norm: 0.6629  loss: 2.1522  loss_cls: 0.8224  loss_bbox: 0.6676  loss_centerness: 0.6622
2026/08/22 01:02:40 - mmengine - INFO - Epoch(train) [10][1950/2804]  base_lr: 5.0000e-04 lr: 5.0000e-04  eta: 0:35:46  time: 0.3325  data_time: 0.0017  memory: 9281  grad_norm: 1.1926  loss: 2.3353  loss_cls: 1.0311  loss_bbox: 0.6424  loss_centerness: 0.6619
2026/08/22 01:02:57 - mmengine - INFO - Epoch(train) [10][2000/2804]  base_lr: 5.0000e-04 lr: 5.0000e-04  eta: 0:35:29  time: 0.3265  data_time: 0.0013  memory: 9329  grad_norm: 0.9563  loss: 2.2147  loss_cls: 0.8880  loss_bbox: 0.6596  loss_centerness: 0.6671
2026/08/22 01:03:13 - mmengine - INFO - Epoch(train) [10][2050/2804]  base_lr: 5.0000e-04 lr: 5.0000e-04  eta: 0:35:13  time: 0.3279  data_time: 0.0018  memory: 9051  grad_norm: 0.7058  loss: 2.0873  loss_cls: 0.7644  loss_bbox: 0.6592  loss_centerness: 0.6637
2026/08/22 01:03:29 - mmengine - INFO - Epoch(train) [10][2100/2804]  base_lr: 5.0000e-04 lr: 5.0000e-04  eta: 0:34:56  time: 0.3246  data_time: 0.0014  memory: 11918  grad_norm: 0.6759  loss: 2.1627  loss_cls: 0.8108  loss_bbox: 0.6892  loss_centerness: 0.6627
2026/08/22 01:03:46 - mmengine - INFO - Epoch(train) [10][2150/2804]  base_lr: 5.0000e-04 lr: 5.0000e-04  eta: 0:34:39  time: 0.3318  data_time: 0.0014  memory: 9766  grad_norm: 0.6525  loss: 2.1260  loss_cls: 0.8152  loss_bbox: 0.6491  loss_centerness: 0.6618
2026/08/22 01:04:02 - mmengine - INFO - Epoch(train) [10][2200/2804]  base_lr: 5.0000e-04 lr: 5.0000e-04  eta: 0:34:23  time: 0.3277  data_time: 0.0013  memory: 12482  grad_norm: 0.8304  loss: 2.1605  loss_cls: 0.8524  loss_bbox: 0.6466  loss_centerness: 0.6616
2026/08/22 01:04:18 - mmengine - INFO - Epoch(train) [10][2250/2804]  base_lr: 5.0000e-04 lr: 5.0000e-04  eta: 0:34:06  time: 0.3239  data_time: 0.0013  memory: 9324  grad_norm: 0.7053  loss: 2.1622  loss_cls: 0.8295  loss_bbox: 0.6681  loss_centerness: 0.6646
2026/08/22 01:04:35 - mmengine - INFO - Epoch(train) [10][2300/2804]  base_lr: 5.0000e-04 lr: 5.0000e-04  eta: 0:33:49  time: 0.3240  data_time: 0.0013  memory: 8790  grad_norm: 0.7307  loss: 2.1489  loss_cls: 0.8311  loss_bbox: 0.6518  loss_centerness: 0.6660
2026/08/22 01:04:51 - mmengine - INFO - Epoch(train) [10][2350/2804]  base_lr: 5.0000e-04 lr: 5.0000e-04  eta: 0:33:32  time: 0.3521  data_time: 0.0277  memory: 9130  grad_norm: 0.5971  loss: 2.1158  loss_cls: 0.7781  loss_bbox: 0.6725  loss_centerness: 0.6653
2026/08/22 01:05:07 - mmengine - INFO - Epoch(train) [10][2400/2804]  base_lr: 5.0000e-04 lr: 5.0000e-04  eta: 0:33:16  time: 0.3259  data_time: 0.0014  memory: 10896  grad_norm: 0.7534  loss: 2.1347  loss_cls: 0.7980  loss_bbox: 0.6733  loss_centerness: 0.6634
2026/08/22 01:05:24 - mmengine - INFO - Epoch(train) [10][2450/2804]  base_lr: 5.0000e-04 lr: 5.0000e-04  eta: 0:32:59  time: 0.3255  data_time: 0.0014  memory: 9348  grad_norm: 1.1188  loss: 2.3443  loss_cls: 1.0278  loss_bbox: 0.6564  loss_centerness: 0.6601
2026/08/22 01:05:40 - mmengine - INFO - Epoch(train) [10][2500/2804]  base_lr: 5.0000e-04 lr: 5.0000e-04  eta: 0:32:42  time: 0.3299  data_time: 0.0015  memory: 8879  grad_norm: 0.6658  loss: 2.1000  loss_cls: 0.7719  loss_bbox: 0.6640  loss_centerness: 0.6640
2026/08/22 01:05:57 - mmengine - INFO - Epoch(train) [10][2550/2804]  base_lr: 5.0000e-04 lr: 5.0000e-04  eta: 0:32:26  time: 0.3266  data_time: 0.0018  memory: 8693  grad_norm: 0.9439  loss: 2.2245  loss_cls: 0.8974  loss_bbox: 0.6667  loss_centerness: 0.6603
2026/08/22 01:06:13 - mmengine - INFO - Epoch(train) [10][2600/2804]  base_lr: 5.0000e-04 lr: 5.0000e-04  eta: 0:32:09  time: 0.3288  data_time: 0.0016  memory: 10836  grad_norm: 0.6450  loss: 2.1363  loss_cls: 0.7837  loss_bbox: 0.6899  loss_centerness: 0.6626
2026/08/22 01:06:29 - mmengine - INFO - Epoch(train) [10][2650/2804]  base_lr: 5.0000e-04 lr: 5.0000e-04  eta: 0:31:52  time: 0.3262  data_time: 0.0013  memory: 8816  grad_norm: 0.5615  loss: 2.1035  loss_cls: 0.7762  loss_bbox: 0.6636  loss_centerness: 0.6637
2026/08/22 01:06:46 - mmengine - INFO - Epoch(train) [10][2700/2804]  base_lr: 5.0000e-04 lr: 5.0000e-04  eta: 0:31:36  time: 0.3252  data_time: 0.0012  memory: 8987  grad_norm: 0.4687  loss: 2.1153  loss_cls: 0.7827  loss_bbox: 0.6694  loss_centerness: 0.6632
2026/08/22 01:07:02 - mmengine - INFO - Epoch(train) [10][2750/2804]  base_lr: 5.0000e-04 lr: 5.0000e-04  eta: 0:31:19  time: 0.3258  data_time: 0.0012  memory: 9149  grad_norm: 0.9475  loss: 2.3681  loss_cls: 1.0066  loss_bbox: 0.6956  loss_centerness: 0.6659
2026/08/22 01:07:06 - mmengine - INFO - Exp name: fcos_r50_pdd_p2p6_aitodv2_20260821_231631
2026/08/22 01:07:18 - mmengine - INFO - Epoch(train) [10][2800/2804]  base_lr: 5.0000e-04 lr: 5.0000e-04  eta: 0:31:02  time: 0.3209  data_time: 0.0008  memory: 9204  grad_norm: 0.9178  loss: 2.2013  loss_cls: 0.8886  loss_bbox: 0.6491  loss_centerness: 0.6636
2026/08/22 01:07:19 - mmengine - INFO - Exp name: fcos_r50_pdd_p2p6_aitodv2_20260821_231631
2026/08/22 01:07:19 - mmengine - INFO - Saving checkpoint at 10 epochs
2026/08/22 01:07:37 - mmengine - INFO - Epoch(train) [11][  50/2804]  base_lr: 5.0000e-04 lr: 5.0000e-04  eta: 0:30:44  time: 0.3268  data_time: 0.0015  memory: 8769  grad_norm: 0.7604  loss: 2.2014  loss_cls: 0.8813  loss_bbox: 0.6587  loss_centerness: 0.6614
2026/08/22 01:07:54 - mmengine - INFO - Epoch(train) [11][ 100/2804]  base_lr: 5.0000e-04 lr: 5.0000e-04  eta: 0:30:28  time: 0.3313  data_time: 0.0017  memory: 9281  grad_norm: 0.8540  loss: 2.1093  loss_cls: 0.8048  loss_bbox: 0.6411  loss_centerness: 0.6634
2026/08/22 01:08:10 - mmengine - INFO - Epoch(train) [11][ 150/2804]  base_lr: 5.0000e-04 lr: 5.0000e-04  eta: 0:30:11  time: 0.3260  data_time: 0.0016  memory: 8981  grad_norm: 0.8617  loss: 2.0785  loss_cls: 0.7290  loss_bbox: 0.6846  loss_centerness: 0.6649
2026/08/22 01:08:27 - mmengine - INFO - Epoch(train) [11][ 200/2804]  base_lr: 5.0000e-04 lr: 5.0000e-04  eta: 0:29:54  time: 0.3249  data_time: 0.0013  memory: 9767  grad_norm: 0.6649  loss: 2.1698  loss_cls: 0.8556  loss_bbox: 0.6492  loss_centerness: 0.6649
2026/08/22 01:08:43 - mmengine - INFO - Epoch(train) [11][ 250/2804]  base_lr: 5.0000e-04 lr: 5.0000e-04  eta: 0:29:38  time: 0.3326  data_time: 0.0017  memory: 9204  grad_norm: 0.9848  loss: 2.2845  loss_cls: 0.9101  loss_bbox: 0.7045  loss_centerness: 0.6699
2026/08/22 01:09:00 - mmengine - INFO - Epoch(train) [11][ 300/2804]  base_lr: 5.0000e-04 lr: 5.0000e-04  eta: 0:29:21  time: 0.3252  data_time: 0.0014  memory: 9905  grad_norm: 0.6067  loss: 2.1647  loss_cls: 0.8213  loss_bbox: 0.6788  loss_centerness: 0.6647
2026/08/22 01:09:16 - mmengine - INFO - Epoch(train) [11][ 350/2804]  base_lr: 5.0000e-04 lr: 5.0000e-04  eta: 0:29:05  time: 0.3260  data_time: 0.0015  memory: 9129  grad_norm: 0.7438  loss: 2.1639  loss_cls: 0.8020  loss_bbox: 0.6978  loss_centerness: 0.6641
2026/08/22 01:09:32 - mmengine - INFO - Epoch(train) [11][ 400/2804]  base_lr: 5.0000e-04 lr: 5.0000e-04  eta: 0:28:48  time: 0.3256  data_time: 0.0016  memory: 9419  grad_norm: 0.7064  loss: 2.1512  loss_cls: 0.7892  loss_bbox: 0.6945  loss_centerness: 0.6674
2026/08/22 01:09:49 - mmengine - INFO - Epoch(train) [11][ 450/2804]  base_lr: 5.0000e-04 lr: 5.0000e-04  eta: 0:28:31  time: 0.3292  data_time: 0.0016  memory: 10560  grad_norm: 0.6548  loss: 2.0931  loss_cls: 0.7558  loss_bbox: 0.6766  loss_centerness: 0.6607
2026/08/22 01:10:05 - mmengine - INFO - Epoch(train) [11][ 500/2804]  base_lr: 5.0000e-04 lr: 5.0000e-04  eta: 0:28:15  time: 0.3278  data_time: 0.0018  memory: 11421  grad_norm: 0.7644  loss: 2.1221  loss_cls: 0.8176  loss_bbox: 0.6459  loss_centerness: 0.6586
2026/08/22 01:10:22 - mmengine - INFO - Epoch(train) [11][ 550/2804]  base_lr: 5.0000e-04 lr: 5.0000e-04  eta: 0:27:58  time: 0.3242  data_time: 0.0015  memory: 11502  grad_norm: 0.6711  loss: 2.1165  loss_cls: 0.7926  loss_bbox: 0.6597  loss_centerness: 0.6642
2026/08/22 01:10:38 - mmengine - INFO - Epoch(train) [11][ 600/2804]  base_lr: 5.0000e-04 lr: 5.0000e-04  eta: 0:27:41  time: 0.3250  data_time: 0.0015  memory: 8737  grad_norm: 0.7689  loss: 2.1158  loss_cls: 0.7931  loss_bbox: 0.6588  loss_centerness: 0.6639
2026/08/22 01:10:54 - mmengine - INFO - Epoch(train) [11][ 650/2804]  base_lr: 5.0000e-04 lr: 5.0000e-04  eta: 0:27:25  time: 0.3252  data_time: 0.0013  memory: 9363  grad_norm: 0.5350  loss: 2.1070  loss_cls: 0.7712  loss_bbox: 0.6746  loss_centerness: 0.6611
2026/08/22 01:11:11 - mmengine - INFO - Epoch(train) [11][ 700/2804]  base_lr: 5.0000e-04 lr: 5.0000e-04  eta: 0:27:08  time: 0.3240  data_time: 0.0013  memory: 8835  grad_norm: 1.0486  loss: 2.3164  loss_cls: 0.9905  loss_bbox: 0.6603  loss_centerness: 0.6655
2026/08/22 01:11:27 - mmengine - INFO - Epoch(train) [11][ 750/2804]  base_lr: 5.0000e-04 lr: 5.0000e-04  eta: 0:26:51  time: 0.3283  data_time: 0.0016  memory: 9573  grad_norm: 0.7080  loss: 2.0998  loss_cls: 0.7642  loss_bbox: 0.6721  loss_centerness: 0.6635
2026/08/22 01:11:44 - mmengine - INFO - Epoch(train) [11][ 800/2804]  base_lr: 5.0000e-04 lr: 5.0000e-04  eta: 0:26:35  time: 0.3313  data_time: 0.0013  memory: 10900  grad_norm: 0.5553  loss: 2.0430  loss_cls: 0.7287  loss_bbox: 0.6523  loss_centerness: 0.6620
2026/08/22 01:12:00 - mmengine - INFO - Epoch(train) [11][ 850/2804]  base_lr: 5.0000e-04 lr: 5.0000e-04  eta: 0:26:18  time: 0.3291  data_time: 0.0017  memory: 8833  grad_norm: 0.7452  loss: 2.0887  loss_cls: 0.7356  loss_bbox: 0.6873  loss_centerness: 0.6658
2026/08/22 01:12:17 - mmengine - INFO - Epoch(train) [11][ 900/2804]  base_lr: 5.0000e-04 lr: 5.0000e-04  eta: 0:26:02  time: 0.3270  data_time: 0.0015  memory: 11591  grad_norm: 0.9209  loss: 2.1745  loss_cls: 0.8500  loss_bbox: 0.6606  loss_centerness: 0.6639
2026/08/22 01:12:33 - mmengine - INFO - Epoch(train) [11][ 950/2804]  base_lr: 5.0000e-04 lr: 5.0000e-04  eta: 0:25:45  time: 0.3274  data_time: 0.0015  memory: 9682  grad_norm: 0.7570  loss: 2.1774  loss_cls: 0.8655  loss_bbox: 0.6471  loss_centerness: 0.6648
2026/08/22 01:12:36 - mmengine - INFO - Exp name: fcos_r50_pdd_p2p6_aitodv2_20260821_231631
2026/08/22 01:12:50 - mmengine - INFO - Epoch(train) [11][1000/2804]  base_lr: 5.0000e-04 lr: 5.0000e-04  eta: 0:25:28  time: 0.3282  data_time: 0.0015  memory: 8785  grad_norm: 0.8458  loss: 2.1843  loss_cls: 0.8414  loss_bbox: 0.6771  loss_centerness: 0.6657
2026/08/22 01:13:06 - mmengine - INFO - Epoch(train) [11][1050/2804]  base_lr: 5.0000e-04 lr: 5.0000e-04  eta: 0:25:12  time: 0.3272  data_time: 0.0015  memory: 9571  grad_norm: 0.6920  loss: 2.0824  loss_cls: 0.7594  loss_bbox: 0.6596  loss_centerness: 0.6634
2026/08/22 01:13:22 - mmengine - INFO - Epoch(train) [11][1100/2804]  base_lr: 5.0000e-04 lr: 5.0000e-04  eta: 0:24:55  time: 0.3311  data_time: 0.0023  memory: 9654  grad_norm: 0.6788  loss: 2.1435  loss_cls: 0.8248  loss_bbox: 0.6604  loss_centerness: 0.6583
2026/08/22 01:13:39 - mmengine - INFO - Epoch(train) [11][1150/2804]  base_lr: 5.0000e-04 lr: 5.0000e-04  eta: 0:24:39  time: 0.3397  data_time: 0.0022  memory: 10852  grad_norm: 0.7572  loss: 2.1021  loss_cls: 0.7496  loss_bbox: 0.6876  loss_centerness: 0.6649
2026/08/22 01:13:57 - mmengine - INFO - Epoch(train) [11][1200/2804]  base_lr: 5.0000e-04 lr: 5.0000e-04  eta: 0:24:22  time: 0.3467  data_time: 0.0024  memory: 9121  grad_norm: 0.5856  loss: 2.1548  loss_cls: 0.8089  loss_bbox: 0.6812  loss_centerness: 0.6647
2026/08/22 01:14:14 - mmengine - INFO - Epoch(train) [11][1250/2804]  base_lr: 5.0000e-04 lr: 5.0000e-04  eta: 0:24:06  time: 0.3449  data_time: 0.0031  memory: 8762  grad_norm: 0.5889  loss: 2.0695  loss_cls: 0.7483  loss_bbox: 0.6580  loss_centerness: 0.6632
2026/08/22 01:14:31 - mmengine - INFO - Epoch(train) [11][1300/2804]  base_lr: 5.0000e-04 lr: 5.0000e-04  eta: 0:23:49  time: 0.3425  data_time: 0.0024  memory: 9344  grad_norm: 0.9567  loss: 2.3075  loss_cls: 0.9606  loss_bbox: 0.6813  loss_centerness: 0.6657
2026/08/22 01:14:48 - mmengine - INFO - Epoch(train) [11][1350/2804]  base_lr: 5.0000e-04 lr: 5.0000e-04  eta: 0:23:33  time: 0.3407  data_time: 0.0022  memory: 9110  grad_norm: 0.9028  loss: 2.1944  loss_cls: 0.8569  loss_bbox: 0.6709  loss_centerness: 0.6666
2026/08/22 01:15:05 - mmengine - INFO - Epoch(train) [11][1400/2804]  base_lr: 5.0000e-04 lr: 5.0000e-04  eta: 0:23:16  time: 0.3399  data_time: 0.0021  memory: 8828  grad_norm: 0.6089  loss: 2.0908  loss_cls: 0.7693  loss_bbox: 0.6627  loss_centerness: 0.6587
2026/08/22 01:15:22 - mmengine - INFO - Epoch(train) [11][1450/2804]  base_lr: 5.0000e-04 lr: 5.0000e-04  eta: 0:23:00  time: 0.3429  data_time: 0.0020  memory: 8765  grad_norm: 1.0873  loss: 2.3442  loss_cls: 1.0070  loss_bbox: 0.6716  loss_centerness: 0.6656
2026/08/22 01:15:39 - mmengine - INFO - Epoch(train) [11][1500/2804]  base_lr: 5.0000e-04 lr: 5.0000e-04  eta: 0:22:43  time: 0.3403  data_time: 0.0019  memory: 9053  grad_norm: 0.7632  loss: 2.1722  loss_cls: 0.8544  loss_bbox: 0.6544  loss_centerness: 0.6634
2026/08/22 01:15:56 - mmengine - INFO - Epoch(train) [11][1550/2804]  base_lr: 5.0000e-04 lr: 5.0000e-04  eta: 0:22:27  time: 0.3398  data_time: 0.0021  memory: 9280  grad_norm: 0.6942  loss: 2.0463  loss_cls: 0.7297  loss_bbox: 0.6562  loss_centerness: 0.6603
2026/08/22 01:16:13 - mmengine - INFO - Epoch(train) [11][1600/2804]  base_lr: 5.0000e-04 lr: 5.0000e-04  eta: 0:22:10  time: 0.3308  data_time: 0.0015  memory: 10319  grad_norm: 0.8684  loss: 2.2018  loss_cls: 0.8635  loss_bbox: 0.6748  loss_centerness: 0.6635
2026/08/22 01:16:30 - mmengine - INFO - Epoch(train) [11][1650/2804]  base_lr: 5.0000e-04 lr: 5.0000e-04  eta: 0:21:53  time: 0.3369  data_time: 0.0017  memory: 12485  grad_norm: 0.7067  loss: 2.1714  loss_cls: 0.8550  loss_bbox: 0.6543  loss_centerness: 0.6621
2026/08/22 01:16:47 - mmengine - INFO - Epoch(train) [11][1700/2804]  base_lr: 5.0000e-04 lr: 5.0000e-04  eta: 0:21:37  time: 0.3442  data_time: 0.0022  memory: 9282  grad_norm: 0.8673  loss: 2.2281  loss_cls: 0.8868  loss_bbox: 0.6728  loss_centerness: 0.6684
2026/08/22 01:17:04 - mmengine - INFO - Epoch(train) [11][1750/2804]  base_lr: 5.0000e-04 lr: 5.0000e-04  eta: 0:21:20  time: 0.3359  data_time: 0.0020  memory: 8919  grad_norm: 0.6754  loss: 2.1509  loss_cls: 0.8107  loss_bbox: 0.6740  loss_centerness: 0.6662
2026/08/22 01:17:20 - mmengine - INFO - Epoch(train) [11][1800/2804]  base_lr: 5.0000e-04 lr: 5.0000e-04  eta: 0:21:04  time: 0.3286  data_time: 0.0016  memory: 9016  grad_norm: 0.6234  loss: 2.0715  loss_cls: 0.7750  loss_bbox: 0.6364  loss_centerness: 0.6602
2026/08/22 01:17:37 - mmengine - INFO - Epoch(train) [11][1850/2804]  base_lr: 5.0000e-04 lr: 5.0000e-04  eta: 0:20:47  time: 0.3323  data_time: 0.0014  memory: 8937  grad_norm: 1.0714  loss: 2.1911  loss_cls: 0.8628  loss_bbox: 0.6615  loss_centerness: 0.6667
2026/08/22 01:17:54 - mmengine - INFO - Epoch(train) [11][1900/2804]  base_lr: 5.0000e-04 lr: 5.0000e-04  eta: 0:20:31  time: 0.3319  data_time: 0.0014  memory: 10267  grad_norm: 0.7855  loss: 2.1197  loss_cls: 0.8132  loss_bbox: 0.6460  loss_centerness: 0.6605
2026/08/22 01:18:11 - mmengine - INFO - Epoch(train) [11][1950/2804]  base_lr: 5.0000e-04 lr: 5.0000e-04  eta: 0:20:14  time: 0.3416  data_time: 0.0016  memory: 8763  grad_norm: 0.6038  loss: 2.1843  loss_cls: 0.8544  loss_bbox: 0.6655  loss_centerness: 0.6645
2026/08/22 01:18:14 - mmengine - INFO - Exp name: fcos_r50_pdd_p2p6_aitodv2_20260821_231631
2026/08/22 01:18:27 - mmengine - INFO - Epoch(train) [11][2000/2804]  base_lr: 5.0000e-04 lr: 5.0000e-04  eta: 0:19:58  time: 0.3350  data_time: 0.0015  memory: 8892  grad_norm: 0.6123  loss: 2.0273  loss_cls: 0.7167  loss_bbox: 0.6472  loss_centerness: 0.6635
2026/08/22 01:18:44 - mmengine - INFO - Epoch(train) [11][2050/2804]  base_lr: 5.0000e-04 lr: 5.0000e-04  eta: 0:19:41  time: 0.3313  data_time: 0.0017  memory: 9351  grad_norm: 0.8642  loss: 2.1028  loss_cls: 0.7841  loss_bbox: 0.6533  loss_centerness: 0.6654
2026/08/22 01:19:00 - mmengine - INFO - Epoch(train) [11][2100/2804]  base_lr: 5.0000e-04 lr: 5.0000e-04  eta: 0:19:24  time: 0.3259  data_time: 0.0016  memory: 10835  grad_norm: 0.8924  loss: 2.2642  loss_cls: 0.9374  loss_bbox: 0.6609  loss_centerness: 0.6658
2026/08/22 01:19:17 - mmengine - INFO - Epoch(train) [11][2150/2804]  base_lr: 5.0000e-04 lr: 5.0000e-04  eta: 0:19:08  time: 0.3291  data_time: 0.0017  memory: 10831  grad_norm: 0.7823  loss: 2.1483  loss_cls: 0.8127  loss_bbox: 0.6733  loss_centerness: 0.6622
2026/08/22 01:19:33 - mmengine - INFO - Epoch(train) [11][2200/2804]  base_lr: 5.0000e-04 lr: 5.0000e-04  eta: 0:18:51  time: 0.3292  data_time: 0.0016  memory: 8831  grad_norm: 0.6719  loss: 2.1373  loss_cls: 0.8056  loss_bbox: 0.6697  loss_centerness: 0.6619
2026/08/22 01:19:50 - mmengine - INFO - Epoch(train) [11][2250/2804]  base_lr: 5.0000e-04 lr: 5.0000e-04  eta: 0:18:34  time: 0.3331  data_time: 0.0016  memory: 8905  grad_norm: 0.7069  loss: 2.0851  loss_cls: 0.7546  loss_bbox: 0.6664  loss_centerness: 0.6641
2026/08/22 01:20:07 - mmengine - INFO - Epoch(train) [11][2300/2804]  base_lr: 5.0000e-04 lr: 5.0000e-04  eta: 0:18:18  time: 0.3417  data_time: 0.0017  memory: 9662  grad_norm: 0.6038  loss: 2.1177  loss_cls: 0.7776  loss_bbox: 0.6729  loss_centerness: 0.6672
2026/08/22 01:20:24 - mmengine - INFO - Epoch(train) [11][2350/2804]  base_lr: 5.0000e-04 lr: 5.0000e-04  eta: 0:18:01  time: 0.3446  data_time: 0.0020  memory: 9194  grad_norm: 0.9190  loss: 2.2464  loss_cls: 0.9004  loss_bbox: 0.6809  loss_centerness: 0.6651
2026/08/22 01:20:41 - mmengine - INFO - Epoch(train) [11][2400/2804]  base_lr: 5.0000e-04 lr: 5.0000e-04  eta: 0:17:45  time: 0.3455  data_time: 0.0016  memory: 11915  grad_norm: 0.8106  loss: 2.1308  loss_cls: 0.7927  loss_bbox: 0.6750  loss_centerness: 0.6631
2026/08/22 01:20:58 - mmengine - INFO - Epoch(train) [11][2450/2804]  base_lr: 5.0000e-04 lr: 5.0000e-04  eta: 0:17:28  time: 0.3342  data_time: 0.0017  memory: 9648  grad_norm: 0.8300  loss: 2.2095  loss_cls: 0.8378  loss_bbox: 0.7071  loss_centerness: 0.6645
2026/08/22 01:21:15 - mmengine - INFO - Epoch(train) [11][2500/2804]  base_lr: 5.0000e-04 lr: 5.0000e-04  eta: 0:17:12  time: 0.3430  data_time: 0.0017  memory: 9727  grad_norm: 0.8922  loss: 2.0729  loss_cls: 0.7559  loss_bbox: 0.6547  loss_centerness: 0.6624
2026/08/22 01:21:33 - mmengine - INFO - Epoch(train) [11][2550/2804]  base_lr: 5.0000e-04 lr: 5.0000e-04  eta: 0:16:55  time: 0.3565  data_time: 0.0028  memory: 9608  grad_norm: 0.5193  loss: 2.0789  loss_cls: 0.7608  loss_bbox: 0.6563  loss_centerness: 0.6618
2026/08/22 01:21:50 - mmengine - INFO - Epoch(train) [11][2600/2804]  base_lr: 5.0000e-04 lr: 5.0000e-04  eta: 0:16:39  time: 0.3527  data_time: 0.0027  memory: 8787  grad_norm: 0.5765  loss: 2.0191  loss_cls: 0.7197  loss_bbox: 0.6366  loss_centerness: 0.6628
2026/08/22 01:22:07 - mmengine - INFO - Epoch(train) [11][2650/2804]  base_lr: 5.0000e-04 lr: 5.0000e-04  eta: 0:16:22  time: 0.3604  data_time: 0.0026  memory: 10893  grad_norm: 0.8196  loss: 2.2306  loss_cls: 0.9030  loss_bbox: 0.6661  loss_centerness: 0.6615
2026/08/22 01:22:25 - mmengine - INFO - Epoch(train) [11][2700/2804]  base_lr: 5.0000e-04 lr: 5.0000e-04  eta: 0:16:06  time: 0.3461  data_time: 0.0026  memory: 8916  grad_norm: 0.8574  loss: 2.3217  loss_cls: 0.9690  loss_bbox: 0.6862  loss_centerness: 0.6665
2026/08/22 01:22:43 - mmengine - INFO - Epoch(train) [11][2750/2804]  base_lr: 5.0000e-04 lr: 5.0000e-04  eta: 0:15:49  time: 0.3465  data_time: 0.0027  memory: 8800  grad_norm: 0.7011  loss: 2.1317  loss_cls: 0.7829  loss_bbox: 0.6833  loss_centerness: 0.6655
2026/08/22 01:23:00 - mmengine - INFO - Epoch(train) [11][2800/2804]  base_lr: 5.0000e-04 lr: 5.0000e-04  eta: 0:15:33  time: 0.3252  data_time: 0.0015  memory: 9249  grad_norm: 0.7040  loss: 2.0793  loss_cls: 0.7377  loss_bbox: 0.6801  loss_centerness: 0.6615
2026/08/22 01:23:01 - mmengine - INFO - Exp name: fcos_r50_pdd_p2p6_aitodv2_20260821_231631
2026/08/22 01:23:01 - mmengine - INFO - Saving checkpoint at 11 epochs
2026/08/22 01:23:21 - mmengine - INFO - Epoch(train) [12][  50/2804]  base_lr: 5.0000e-05 lr: 5.0000e-05  eta: 0:15:15  time: 0.3439  data_time: 0.0026  memory: 8853  grad_norm: 1.0930  loss: 2.2219  loss_cls: 0.8825  loss_bbox: 0.6764  loss_centerness: 0.6629
2026/08/22 01:23:38 - mmengine - INFO - Epoch(train) [12][ 100/2804]  base_lr: 5.0000e-05 lr: 5.0000e-05  eta: 0:14:58  time: 0.3418  data_time: 0.0019  memory: 8958  grad_norm: 0.7642  loss: 2.2014  loss_cls: 0.8579  loss_bbox: 0.6803  loss_centerness: 0.6632
2026/08/22 01:23:55 - mmengine - INFO - Epoch(train) [12][ 150/2804]  base_lr: 5.0000e-05 lr: 5.0000e-05  eta: 0:14:42  time: 0.3528  data_time: 0.0021  memory: 8927  grad_norm: 0.6467  loss: 2.1576  loss_cls: 0.8407  loss_bbox: 0.6522  loss_centerness: 0.6647
2026/08/22 01:23:57 - mmengine - INFO - Exp name: fcos_r50_pdd_p2p6_aitodv2_20260821_231631
2026/08/22 01:24:13 - mmengine - INFO - Epoch(train) [12][ 200/2804]  base_lr: 5.0000e-05 lr: 5.0000e-05  eta: 0:14:25  time: 0.3473  data_time: 0.0024  memory: 9906  grad_norm: 0.9370  loss: 2.3086  loss_cls: 0.9737  loss_bbox: 0.6718  loss_centerness: 0.6631
2026/08/22 01:24:30 - mmengine - INFO - Epoch(train) [12][ 250/2804]  base_lr: 5.0000e-05 lr: 5.0000e-05  eta: 0:14:09  time: 0.3454  data_time: 0.0022  memory: 9679  grad_norm: 0.8046  loss: 2.1580  loss_cls: 0.8291  loss_bbox: 0.6628  loss_centerness: 0.6661
2026/08/22 01:24:47 - mmengine - INFO - Epoch(train) [12][ 300/2804]  base_lr: 5.0000e-05 lr: 5.0000e-05  eta: 0:13:52  time: 0.3511  data_time: 0.0024  memory: 8867  grad_norm: 0.6454  loss: 2.1238  loss_cls: 0.7761  loss_bbox: 0.6849  loss_centerness: 0.6628
2026/08/22 01:25:05 - mmengine - INFO - Epoch(train) [12][ 350/2804]  base_lr: 5.0000e-05 lr: 5.0000e-05  eta: 0:13:36  time: 0.3572  data_time: 0.0021  memory: 9128  grad_norm: 0.8538  loss: 2.1553  loss_cls: 0.8326  loss_bbox: 0.6607  loss_centerness: 0.6620
2026/08/22 01:25:23 - mmengine - INFO - Epoch(train) [12][ 400/2804]  base_lr: 5.0000e-05 lr: 5.0000e-05  eta: 0:13:19  time: 0.3719  data_time: 0.0032  memory: 9009  grad_norm: 0.6880  loss: 2.1311  loss_cls: 0.8301  loss_bbox: 0.6381  loss_centerness: 0.6629
2026/08/22 01:25:41 - mmengine - INFO - Epoch(train) [12][ 450/2804]  base_lr: 5.0000e-05 lr: 5.0000e-05  eta: 0:13:03  time: 0.3503  data_time: 0.0026  memory: 9481  grad_norm: 0.6785  loss: 2.0583  loss_cls: 0.7573  loss_bbox: 0.6380  loss_centerness: 0.6630
2026/08/22 01:25:59 - mmengine - INFO - Epoch(train) [12][ 500/2804]  base_lr: 5.0000e-05 lr: 5.0000e-05  eta: 0:12:46  time: 0.3474  data_time: 0.0026  memory: 11915  grad_norm: 0.6977  loss: 2.1923  loss_cls: 0.8612  loss_bbox: 0.6699  loss_centerness: 0.6612
2026/08/22 01:26:16 - mmengine - INFO - Epoch(train) [12][ 550/2804]  base_lr: 5.0000e-05 lr: 5.0000e-05  eta: 0:12:30  time: 0.3467  data_time: 0.0029  memory: 9433  grad_norm: 0.6589  loss: 2.1123  loss_cls: 0.7881  loss_bbox: 0.6630  loss_centerness: 0.6611
2026/08/22 01:26:33 - mmengine - INFO - Epoch(train) [12][ 600/2804]  base_lr: 5.0000e-05 lr: 5.0000e-05  eta: 0:12:13  time: 0.3394  data_time: 0.0027  memory: 9724  grad_norm: 0.7889  loss: 2.0696  loss_cls: 0.7520  loss_bbox: 0.6550  loss_centerness: 0.6626
2026/08/22 01:26:51 - mmengine - INFO - Epoch(train) [12][ 650/2804]  base_lr: 5.0000e-05 lr: 5.0000e-05  eta: 0:11:56  time: 0.3576  data_time: 0.0025  memory: 9650  grad_norm: 0.6512  loss: 2.1555  loss_cls: 0.8254  loss_bbox: 0.6681  loss_centerness: 0.6620
2026/08/22 01:27:08 - mmengine - INFO - Epoch(train) [12][ 700/2804]  base_lr: 5.0000e-05 lr: 5.0000e-05  eta: 0:11:40  time: 0.3430  data_time: 0.0029  memory: 9251  grad_norm: 0.7697  loss: 2.2044  loss_cls: 0.8604  loss_bbox: 0.6803  loss_centerness: 0.6638
2026/08/22 01:27:25 - mmengine - INFO - Epoch(train) [12][ 750/2804]  base_lr: 5.0000e-05 lr: 5.0000e-05  eta: 0:11:23  time: 0.3461  data_time: 0.0027  memory: 12485  grad_norm: 0.5770  loss: 2.0967  loss_cls: 0.7808  loss_bbox: 0.6533  loss_centerness: 0.6626
2026/08/22 01:27:43 - mmengine - INFO - Epoch(train) [12][ 800/2804]  base_lr: 5.0000e-05 lr: 5.0000e-05  eta: 0:11:07  time: 0.3534  data_time: 0.0026  memory: 9283  grad_norm: 0.5537  loss: 2.0884  loss_cls: 0.7665  loss_bbox: 0.6571  loss_centerness: 0.6648
2026/08/22 01:28:00 - mmengine - INFO - Epoch(train) [12][ 850/2804]  base_lr: 5.0000e-05 lr: 5.0000e-05  eta: 0:10:50  time: 0.3602  data_time: 0.0026  memory: 10561  grad_norm: 0.7904  loss: 2.1843  loss_cls: 0.8548  loss_bbox: 0.6660  loss_centerness: 0.6635
2026/08/22 01:28:18 - mmengine - INFO - Epoch(train) [12][ 900/2804]  base_lr: 5.0000e-05 lr: 5.0000e-05  eta: 0:10:34  time: 0.3395  data_time: 0.0018  memory: 8825  grad_norm: 0.5929  loss: 2.1019  loss_cls: 0.7746  loss_bbox: 0.6661  loss_centerness: 0.6613
2026/08/22 01:28:35 - mmengine - INFO - Epoch(train) [12][ 950/2804]  base_lr: 5.0000e-05 lr: 5.0000e-05  eta: 0:10:17  time: 0.3543  data_time: 0.0025  memory: 10900  grad_norm: 0.6990  loss: 2.0627  loss_cls: 0.7424  loss_bbox: 0.6610  loss_centerness: 0.6593
2026/08/22 01:28:53 - mmengine - INFO - Epoch(train) [12][1000/2804]  base_lr: 5.0000e-05 lr: 5.0000e-05  eta: 0:10:00  time: 0.3610  data_time: 0.0027  memory: 10267  grad_norm: 0.8067  loss: 2.1448  loss_cls: 0.8100  loss_bbox: 0.6687  loss_centerness: 0.6661
2026/08/22 01:29:10 - mmengine - INFO - Epoch(train) [12][1050/2804]  base_lr: 5.0000e-05 lr: 5.0000e-05  eta: 0:09:44  time: 0.3542  data_time: 0.0021  memory: 9291  grad_norm: 0.7113  loss: 2.0970  loss_cls: 0.7988  loss_bbox: 0.6375  loss_centerness: 0.6607
2026/08/22 01:29:28 - mmengine - INFO - Epoch(train) [12][1100/2804]  base_lr: 5.0000e-05 lr: 5.0000e-05  eta: 0:09:27  time: 0.3471  data_time: 0.0025  memory: 8694  grad_norm: 0.6193  loss: 2.0969  loss_cls: 0.7712  loss_bbox: 0.6623  loss_centerness: 0.6635
2026/08/22 01:29:46 - mmengine - INFO - Epoch(train) [12][1150/2804]  base_lr: 5.0000e-05 lr: 5.0000e-05  eta: 0:09:11  time: 0.3561  data_time: 0.0025  memory: 8837  grad_norm: 0.6130  loss: 2.0898  loss_cls: 0.7680  loss_bbox: 0.6595  loss_centerness: 0.6623
2026/08/22 01:29:48 - mmengine - INFO - Exp name: fcos_r50_pdd_p2p6_aitodv2_20260821_231631
2026/08/22 01:30:03 - mmengine - INFO - Epoch(train) [12][1200/2804]  base_lr: 5.0000e-05 lr: 5.0000e-05  eta: 0:08:54  time: 0.3428  data_time: 0.0019  memory: 9092  grad_norm: 0.7529  loss: 2.1050  loss_cls: 0.7723  loss_bbox: 0.6701  loss_centerness: 0.6626
2026/08/22 01:30:20 - mmengine - INFO - Epoch(train) [12][1250/2804]  base_lr: 5.0000e-05 lr: 5.0000e-05  eta: 0:08:37  time: 0.3455  data_time: 0.0032  memory: 9176  grad_norm: 0.6711  loss: 2.1344  loss_cls: 0.8111  loss_bbox: 0.6632  loss_centerness: 0.6601
2026/08/22 01:30:38 - mmengine - INFO - Epoch(train) [12][1300/2804]  base_lr: 5.0000e-05 lr: 5.0000e-05  eta: 0:08:21  time: 0.3499  data_time: 0.0027  memory: 10834  grad_norm: 0.7798  loss: 2.3111  loss_cls: 0.9710  loss_bbox: 0.6780  loss_centerness: 0.6621
2026/08/22 01:30:55 - mmengine - INFO - Epoch(train) [12][1350/2804]  base_lr: 5.0000e-05 lr: 5.0000e-05  eta: 0:08:04  time: 0.3405  data_time: 0.0026  memory: 9328  grad_norm: 0.4480  loss: 2.0771  loss_cls: 0.7753  loss_bbox: 0.6389  loss_centerness: 0.6629
2026/08/22 01:31:13 - mmengine - INFO - Epoch(train) [12][1400/2804]  base_lr: 5.0000e-05 lr: 5.0000e-05  eta: 0:07:48  time: 0.3420  data_time: 0.0027  memory: 9347  grad_norm: 0.5298  loss: 2.1907  loss_cls: 0.8583  loss_bbox: 0.6661  loss_centerness: 0.6663
2026/08/22 01:31:30 - mmengine - INFO - Epoch(train) [12][1450/2804]  base_lr: 5.0000e-05 lr: 5.0000e-05  eta: 0:07:31  time: 0.3451  data_time: 0.0027  memory: 8876  grad_norm: 0.6730  loss: 2.1239  loss_cls: 0.8080  loss_bbox: 0.6508  loss_centerness: 0.6650
2026/08/22 01:31:47 - mmengine - INFO - Epoch(train) [12][1500/2804]  base_lr: 5.0000e-05 lr: 5.0000e-05  eta: 0:07:14  time: 0.3316  data_time: 0.0022  memory: 11588  grad_norm: 0.5994  loss: 2.0717  loss_cls: 0.7597  loss_bbox: 0.6501  loss_centerness: 0.6619
2026/08/22 01:32:05 - mmengine - INFO - Epoch(train) [12][1550/2804]  base_lr: 5.0000e-05 lr: 5.0000e-05  eta: 0:06:58  time: 0.3407  data_time: 0.0026  memory: 10851  grad_norm: 0.6848  loss: 2.1106  loss_cls: 0.7846  loss_bbox: 0.6606  loss_centerness: 0.6654
2026/08/22 01:32:22 - mmengine - INFO - Epoch(train) [12][1600/2804]  base_lr: 5.0000e-05 lr: 5.0000e-05  eta: 0:06:41  time: 0.3391  data_time: 0.0028  memory: 9087  grad_norm: 0.7797  loss: 2.1194  loss_cls: 0.7806  loss_bbox: 0.6735  loss_centerness: 0.6653
2026/08/22 01:32:39 - mmengine - INFO - Epoch(train) [12][1650/2804]  base_lr: 5.0000e-05 lr: 5.0000e-05  eta: 0:06:24  time: 0.3407  data_time: 0.0025  memory: 11739  grad_norm: 1.0058  loss: 2.2211  loss_cls: 0.8808  loss_bbox: 0.6746  loss_centerness: 0.6657
2026/08/22 01:32:55 - mmengine - INFO - Epoch(train) [12][1700/2804]  base_lr: 5.0000e-05 lr: 5.0000e-05  eta: 0:06:08  time: 0.3294  data_time: 0.0018  memory: 8829  grad_norm: 0.6643  loss: 2.1636  loss_cls: 0.8130  loss_bbox: 0.6849  loss_centerness: 0.6657
2026/08/22 01:33:12 - mmengine - INFO - Epoch(train) [12][1750/2804]  base_lr: 5.0000e-05 lr: 5.0000e-05  eta: 0:05:51  time: 0.3386  data_time: 0.0023  memory: 8825  grad_norm: 0.8804  loss: 2.2827  loss_cls: 0.9499  loss_bbox: 0.6689  loss_centerness: 0.6639
2026/08/22 01:33:29 - mmengine - INFO - Epoch(train) [12][1800/2804]  base_lr: 5.0000e-05 lr: 5.0000e-05  eta: 0:05:34  time: 0.3380  data_time: 0.0027  memory: 8874  grad_norm: 0.6709  loss: 2.0455  loss_cls: 0.7192  loss_bbox: 0.6653  loss_centerness: 0.6610
2026/08/22 01:33:45 - mmengine - INFO - Epoch(train) [12][1850/2804]  base_lr: 5.0000e-05 lr: 5.0000e-05  eta: 0:05:18  time: 0.3252  data_time: 0.0016  memory: 10895  grad_norm: 0.6666  loss: 2.2229  loss_cls: 0.8658  loss_bbox: 0.6869  loss_centerness: 0.6702
2026/08/22 01:34:02 - mmengine - INFO - Epoch(train) [12][1900/2804]  base_lr: 5.0000e-05 lr: 5.0000e-05  eta: 0:05:01  time: 0.3313  data_time: 0.0020  memory: 10319  grad_norm: 0.6456  loss: 2.1594  loss_cls: 0.8543  loss_bbox: 0.6437  loss_centerness: 0.6613
2026/08/22 01:34:18 - mmengine - INFO - Epoch(train) [12][1950/2804]  base_lr: 5.0000e-05 lr: 5.0000e-05  eta: 0:04:44  time: 0.3263  data_time: 0.0017  memory: 9075  grad_norm: 0.5452  loss: 2.0953  loss_cls: 0.7700  loss_bbox: 0.6625  loss_centerness: 0.6628
2026/08/22 01:34:35 - mmengine - INFO - Epoch(train) [12][2000/2804]  base_lr: 5.0000e-05 lr: 5.0000e-05  eta: 0:04:28  time: 0.3264  data_time: 0.0015  memory: 9342  grad_norm: 0.7844  loss: 2.1483  loss_cls: 0.8180  loss_bbox: 0.6665  loss_centerness: 0.6638
2026/08/22 01:34:51 - mmengine - INFO - Epoch(train) [12][2050/2804]  base_lr: 5.0000e-05 lr: 5.0000e-05  eta: 0:04:11  time: 0.3286  data_time: 0.0016  memory: 9329  grad_norm: 0.5963  loss: 2.1193  loss_cls: 0.7684  loss_bbox: 0.6871  loss_centerness: 0.6638
2026/08/22 01:35:08 - mmengine - INFO - Epoch(train) [12][2100/2804]  base_lr: 5.0000e-05 lr: 5.0000e-05  eta: 0:03:54  time: 0.3314  data_time: 0.0021  memory: 9571  grad_norm: 0.7114  loss: 2.1586  loss_cls: 0.8241  loss_bbox: 0.6703  loss_centerness: 0.6642
2026/08/22 01:35:24 - mmengine - INFO - Epoch(train) [12][2150/2804]  base_lr: 5.0000e-05 lr: 5.0000e-05  eta: 0:03:38  time: 0.3307  data_time: 0.0018  memory: 9280  grad_norm: 0.8603  loss: 2.1626  loss_cls: 0.8451  loss_bbox: 0.6514  loss_centerness: 0.6662
2026/08/22 01:35:26 - mmengine - INFO - Exp name: fcos_r50_pdd_p2p6_aitodv2_20260821_231631
2026/08/22 01:35:40 - mmengine - INFO - Epoch(train) [12][2200/2804]  base_lr: 5.0000e-05 lr: 5.0000e-05  eta: 0:03:21  time: 0.3251  data_time: 0.0013  memory: 9654  grad_norm: 0.6359  loss: 2.1230  loss_cls: 0.8017  loss_bbox: 0.6582  loss_centerness: 0.6631
2026/08/22 01:35:57 - mmengine - INFO - Epoch(train) [12][2250/2804]  base_lr: 5.0000e-05 lr: 5.0000e-05  eta: 0:03:04  time: 0.3269  data_time: 0.0016  memory: 9019  grad_norm: 0.4384  loss: 2.0843  loss_cls: 0.7803  loss_bbox: 0.6391  loss_centerness: 0.6649
2026/08/22 01:36:13 - mmengine - INFO - Epoch(train) [12][2300/2804]  base_lr: 5.0000e-05 lr: 5.0000e-05  eta: 0:02:48  time: 0.3257  data_time: 0.0014  memory: 9034  grad_norm: 0.7529  loss: 2.2290  loss_cls: 0.9152  loss_bbox: 0.6526  loss_centerness: 0.6612
2026/08/22 01:36:30 - mmengine - INFO - Epoch(train) [12][2350/2804]  base_lr: 5.0000e-05 lr: 5.0000e-05  eta: 0:02:31  time: 0.3335  data_time: 0.0020  memory: 9767  grad_norm: 1.1300  loss: 2.3215  loss_cls: 0.9720  loss_bbox: 0.6837  loss_centerness: 0.6658
2026/08/22 01:36:46 - mmengine - INFO - Epoch(train) [12][2400/2804]  base_lr: 5.0000e-05 lr: 5.0000e-05  eta: 0:02:14  time: 0.3273  data_time: 0.0015  memory: 9976  grad_norm: 0.5963  loss: 2.1254  loss_cls: 0.8146  loss_bbox: 0.6492  loss_centerness: 0.6616
2026/08/22 01:37:02 - mmengine - INFO - Epoch(train) [12][2450/2804]  base_lr: 5.0000e-05 lr: 5.0000e-05  eta: 0:01:58  time: 0.3331  data_time: 0.0020  memory: 8940  grad_norm: 0.7338  loss: 2.1620  loss_cls: 0.8367  loss_bbox: 0.6636  loss_centerness: 0.6617
2026/08/22 01:37:19 - mmengine - INFO - Epoch(train) [12][2500/2804]  base_lr: 5.0000e-05 lr: 5.0000e-05  eta: 0:01:41  time: 0.3251  data_time: 0.0014  memory: 11421  grad_norm: 1.1341  loss: 2.3941  loss_cls: 1.0420  loss_bbox: 0.6888  loss_centerness: 0.6632
2026/08/22 01:37:35 - mmengine - INFO - Epoch(train) [12][2550/2804]  base_lr: 5.0000e-05 lr: 5.0000e-05  eta: 0:01:24  time: 0.3271  data_time: 0.0018  memory: 9607  grad_norm: 0.6366  loss: 2.1470  loss_cls: 0.8365  loss_bbox: 0.6475  loss_centerness: 0.6630
2026/08/22 01:37:52 - mmengine - INFO - Epoch(train) [12][2600/2804]  base_lr: 5.0000e-05 lr: 5.0000e-05  eta: 0:01:07  time: 0.3264  data_time: 0.0014  memory: 11505  grad_norm: 0.6566  loss: 2.1150  loss_cls: 0.7903  loss_bbox: 0.6629  loss_centerness: 0.6618
2026/08/22 01:38:08 - mmengine - INFO - Epoch(train) [12][2650/2804]  base_lr: 5.0000e-05 lr: 5.0000e-05  eta: 0:00:51  time: 0.3324  data_time: 0.0017  memory: 9572  grad_norm: 0.6284  loss: 2.0877  loss_cls: 0.7661  loss_bbox: 0.6595  loss_centerness: 0.6621
2026/08/22 01:38:25 - mmengine - INFO - Epoch(train) [12][2700/2804]  base_lr: 5.0000e-05 lr: 5.0000e-05  eta: 0:00:34  time: 0.3307  data_time: 0.0017  memory: 9250  grad_norm: 0.5894  loss: 2.0748  loss_cls: 0.7609  loss_bbox: 0.6518  loss_centerness: 0.6622
2026/08/22 01:38:41 - mmengine - INFO - Epoch(train) [12][2750/2804]  base_lr: 5.0000e-05 lr: 5.0000e-05  eta: 0:00:17  time: 0.3083  data_time: 0.0014  memory: 9149  grad_norm: 0.5879  loss: 2.1063  loss_cls: 0.7845  loss_bbox: 0.6591  loss_centerness: 0.6626
2026/08/22 01:38:57 - mmengine - INFO - Epoch(train) [12][2800/2804]  base_lr: 5.0000e-05 lr: 5.0000e-05  eta: 0:00:01  time: 0.3227  data_time: 0.0011  memory: 9288  grad_norm: 0.8949  loss: 2.1772  loss_cls: 0.8295  loss_bbox: 0.6880  loss_centerness: 0.6597
2026/08/22 01:38:58 - mmengine - INFO - Exp name: fcos_r50_pdd_p2p6_aitodv2_20260821_231631
2026/08/22 01:38:58 - mmengine - INFO - Saving checkpoint at 12 epochs
2026/08/22 01:39:05 - mmengine - INFO - Epoch(val) [12][ 50/701]    eta: 0:00:58  time: 0.0830  data_time: 0.0004  memory: 8906  
2026/08/22 01:39:09 - mmengine - INFO - Epoch(val) [12][100/701]    eta: 0:00:51  time: 0.0825  data_time: 0.0004  memory: 1122  
2026/08/22 01:39:13 - mmengine - INFO - Epoch(val) [12][150/701]    eta: 0:00:46  time: 0.0825  data_time: 0.0004  memory: 1122  
2026/08/22 01:39:17 - mmengine - INFO - Epoch(val) [12][200/701]    eta: 0:00:42  time: 0.0824  data_time: 0.0003  memory: 1122  
2026/08/22 01:39:21 - mmengine - INFO - Epoch(val) [12][250/701]    eta: 0:00:37  time: 0.0829  data_time: 0.0004  memory: 1122  
2026/08/22 01:39:26 - mmengine - INFO - Epoch(val) [12][300/701]    eta: 0:00:33  time: 0.0828  data_time: 0.0004  memory: 1122  
2026/08/22 01:39:30 - mmengine - INFO - Epoch(val) [12][350/701]    eta: 0:00:29  time: 0.0824  data_time: 0.0003  memory: 1122  
2026/08/22 01:39:34 - mmengine - INFO - Epoch(val) [12][400/701]    eta: 0:00:25  time: 0.0826  data_time: 0.0003  memory: 1122  
2026/08/22 01:39:38 - mmengine - INFO - Epoch(val) [12][450/701]    eta: 0:00:20  time: 0.0827  data_time: 0.0003  memory: 1122  
2026/08/22 01:39:42 - mmengine - INFO - Epoch(val) [12][500/701]    eta: 0:00:16  time: 0.0828  data_time: 0.0004  memory: 1122  
2026/08/22 01:39:46 - mmengine - INFO - Epoch(val) [12][550/701]    eta: 0:00:12  time: 0.0828  data_time: 0.0004  memory: 1122  
2026/08/22 01:39:50 - mmengine - INFO - Epoch(val) [12][600/701]    eta: 0:00:08  time: 0.0824  data_time: 0.0003  memory: 1122  
2026/08/22 01:39:55 - mmengine - INFO - Epoch(val) [12][650/701]    eta: 0:00:04  time: 0.0829  data_time: 0.0004  memory: 1122  
2026/08/22 01:39:59 - mmengine - INFO - Epoch(val) [12][700/701]    eta: 0:00:00  time: 0.0826  data_time: 0.0003  memory: 1122  
2026/08/22 01:41:12 - mmengine - INFO - Evaluating bbox...
2026/08/22 01:58:20 - mmengine - INFO - bbox_mAP_copypaste: 0.000 0.000 0.000 0.000 0.000 -1.000
2026/08/22 01:58:23 - mmengine - INFO - Epoch(val) [12][701/701]    coco/bbox_mAP: 0.0000  coco/bbox_mAP_50: 0.0000  coco/bbox_mAP_75: 0.0000  coco/bbox_mAP_s: 0.0000  coco/bbox_mAP_m: 0.0000  coco/bbox_mAP_l: -1.0000  data_time: 0.0006  time: 0.0833
2026/08/22 01:58:24 - mmengine - INFO - The best checkpoint with 0.0000 coco/bbox_mAP at 12 epoch is saved to best_coco_bbox_mAP_epoch_12.pth.
