2026/08/21 16:09:33 - mmengine - INFO - 
------------------------------------------------------------
System environment:
    sys.platform: linux
    Python: 3.8.10 (default, Jun  4 2021, 15:09:15) [GCC 7.5.0]
    CUDA available: True
    MUSA available: False
    numpy_random_seed: 0
    GPU 0: NVIDIA GeForce RTX 4090 D
    CUDA_HOME: /usr/local/cuda
    NVCC: Cuda compilation tools, release 11.8, V11.8.89
    GCC: gcc (Ubuntu 9.4.0-1ubuntu1~20.04.1) 9.4.0
    PyTorch: 2.0.0+cu118
    PyTorch compiling details: PyTorch built with:
  - GCC 9.3
  - C++ Version: 201703
  - Intel(R) oneAPI Math Kernel Library Version 2022.2-Product Build 20220804 for Intel(R) 64 architecture applications
  - Intel(R) MKL-DNN v2.7.3 (Git Hash 6dbeffbae1f23cbbeae17adb7b5b13f1f37c080e)
  - OpenMP 201511 (a.k.a. OpenMP 4.5)
  - LAPACK is enabled (usually provided by MKL)
  - NNPACK is enabled
  - CPU capability usage: AVX2
  - CUDA Runtime 11.8
  - NVCC architecture flags: -gencode;arch=compute_37,code=sm_37;-gencode;arch=compute_50,code=sm_50;-gencode;arch=compute_60,code=sm_60;-gencode;arch=compute_70,code=sm_70;-gencode;arch=compute_75,code=sm_75;-gencode;arch=compute_80,code=sm_80;-gencode;arch=compute_86,code=sm_86;-gencode;arch=compute_90,code=sm_90
  - CuDNN 8.7
  - Magma 2.6.1
  - Build settings: BLAS_INFO=mkl, BUILD_TYPE=Release, CUDA_VERSION=11.8, CUDNN_VERSION=8.7.0, CXX_COMPILER=/opt/rh/devtoolset-9/root/usr/bin/c++, CXX_FLAGS= -D_GLIBCXX_USE_CXX11_ABI=0 -fabi-version=11 -Wno-deprecated -fvisibility-inlines-hidden -DUSE_PTHREADPOOL -DNDEBUG -DUSE_KINETO -DLIBKINETO_NOROCTRACER -DUSE_FBGEMM -DUSE_QNNPACK -DUSE_PYTORCH_QNNPACK -DUSE_XNNPACK -DSYMBOLICATE_MOBILE_DEBUG_HANDLE -O2 -fPIC -Wall -Wextra -Werror=return-type -Werror=non-virtual-dtor -Werror=bool-operation -Wnarrowing -Wno-missing-field-initializers -Wno-type-limits -Wno-array-bounds -Wno-unknown-pragmas -Wunused-local-typedefs -Wno-unused-parameter -Wno-unused-function -Wno-unused-result -Wno-strict-overflow -Wno-strict-aliasing -Wno-error=deprecated-declarations -Wno-stringop-overflow -Wno-psabi -Wno-error=pedantic -Wno-error=redundant-decls -Wno-error=old-style-cast -fdiagnostics-color=always -faligned-new -Wno-unused-but-set-variable -Wno-maybe-uninitialized -fno-math-errno -fno-trapping-math -Werror=format -Werror=cast-function-type -Wno-stringop-overflow, LAPACK_INFO=mkl, PERF_WITH_AVX=1, PERF_WITH_AVX2=1, PERF_WITH_AVX512=1, TORCH_DISABLE_GPU_ASSERTS=ON, TORCH_VERSION=2.0.0, USE_CUDA=ON, USE_CUDNN=ON, USE_EXCEPTION_PTR=1, USE_GFLAGS=OFF, USE_GLOG=OFF, USE_MKL=ON, USE_MKLDNN=ON, USE_MPI=OFF, USE_NCCL=1, USE_NNPACK=ON, USE_OPENMP=ON, USE_ROCM=OFF, 

    TorchVision: 0.15.1+cu118
    OpenCV: 4.9.0
    MMEngine: 0.10.7

Runtime environment:
    dist_cfg: {'backend': 'nccl'}
    seed: 0
    deterministic: True
    Distributed launcher: none
    Distributed training: False
    GPU number: 1
------------------------------------------------------------

2026/08/21 16:09:34 - mmengine - INFO - Config:
class_names = [
    'airplane',
    'bridge',
    'storage-tank',
    'ship',
    'swimming-pool',
    'vehicle',
    'person',
    'wind-mill',
]
data_root = 'data/AI-TOD-v2/'
dataset_type = 'CocoDataset'
default_hooks = dict(
    checkpoint=dict(
        interval=1, max_keep_ckpts=3, save_best='auto', type='CheckpointHook'),
    logger=dict(interval=50, type='LoggerHook'),
    param_scheduler=dict(type='ParamSchedulerHook'),
    sampler_seed=dict(type='DistSamplerSeedHook'),
    timer=dict(type='IterTimerHook'))
default_scope = 'mmdet'
input_size = (
    800,
    800,
)
launcher = 'none'
model = dict(
    backbone=dict(
        depth=50,
        frozen_stages=1,
        init_cfg=dict(
            checkpoint='data/pretrained/resnet50_msra-5891d200.pth',
            type='Pretrained'),
        norm_cfg=dict(requires_grad=True, type='BN'),
        norm_eval=True,
        num_stages=4,
        out_indices=(
            0,
            1,
            2,
            3,
        ),
        style='pytorch',
        type='ResNet'),
    bbox_head=dict(
        feat_channels=256,
        in_channels=256,
        loss_bbox=dict(loss_weight=1.0, type='GIoULoss'),
        loss_centerness=dict(
            loss_weight=1.0, type='CrossEntropyLoss', use_sigmoid=True),
        loss_cls=dict(
            alpha=0.25,
            gamma=2.0,
            loss_weight=1.0,
            type='FocalLoss',
            use_sigmoid=True),
        num_classes=8,
        regress_ranges=(
            (
                -1,
                64,
            ),
            (
                64,
                128,
            ),
            (
                128,
                256,
            ),
            (
                256,
                512,
            ),
            (
                512,
                100000000.0,
            ),
        ),
        stacked_convs=4,
        strides=[
            8,
            16,
            32,
            64,
            128,
        ],
        type='FCOSHead'),
    data_preprocessor=dict(
        bgr_to_rgb=True,
        mean=[
            123.675,
            116.28,
            103.53,
        ],
        pad_size_divisor=32,
        std=[
            58.395,
            57.12,
            57.375,
        ],
        type='DetDataPreprocessor'),
    neck=dict(
        add_extra_convs='on_output',
        in_channels=[
            256,
            512,
            1024,
            2048,
        ],
        num_outs=5,
        out_channels=256,
        relu_before_extra_convs=True,
        start_level=1,
        type='FPN'),
    test_cfg=dict(
        max_per_img=3000,
        min_bbox_size=0,
        nms=dict(iou_threshold=0.5, type='nms'),
        nms_pre=3000,
        score_thr=0.05),
    type='FCOS')
num_classes = 8
optim_wrapper = dict(
    clip_grad=dict(max_norm=35, norm_type=2),
    optimizer=dict(lr=0.005, momentum=0.9, type='SGD', weight_decay=0.0001),
    paramwise_cfg=dict(bias_decay_mult=0.0, bias_lr_mult=2.0),
    type='OptimWrapper')
param_scheduler = [
    dict(
        begin=0,
        by_epoch=False,
        end=250,
        start_factor=0.3333333333333333,
        type='LinearLR'),
    dict(
        begin=0,
        by_epoch=True,
        end=12,
        gamma=0.1,
        milestones=[
            8,
            11,
        ],
        type='MultiStepLR'),
]
randomness = dict(deterministic=True, seed=0)
test_cfg = dict(type='TestLoop')
test_dataloader = dict(
    batch_size=4,
    dataset=dict(
        ann_file='annotations/aitod_test_v1.json',
        data_prefix=dict(img='test/images/'),
        data_root='data/AI-TOD-v2/',
        metainfo=dict(classes=[
            'airplane',
            'bridge',
            'storage-tank',
            'ship',
            'swimming-pool',
            'vehicle',
            'person',
            'wind-mill',
        ]),
        pipeline=[
            dict(backend_args=None, type='LoadImageFromFile'),
            dict(keep_ratio=True, scale=(
                800,
                800,
            ), type='Resize'),
            dict(size_divisor=32, type='Pad'),
            dict(type='LoadAnnotations', with_bbox=True),
            dict(
                meta_keys=(
                    'img_id',
                    'img_path',
                    'ori_shape',
                    'img_shape',
                    'scale_factor',
                ),
                type='PackDetInputs'),
        ],
        test_mode=True,
        type='CocoDataset'),
    drop_last=False,
    num_workers=8,
    persistent_workers=True,
    pin_memory=True,
    sampler=dict(shuffle=False, type='DefaultSampler'))
test_evaluator = dict(
    ann_file='data/AI-TOD-v2/annotations/aitod_test_v1.json',
    format_only=False,
    metric='bbox',
    type='CocoMetric')
test_pipeline = [
    dict(backend_args=None, type='LoadImageFromFile'),
    dict(keep_ratio=True, scale=(
        800,
        800,
    ), type='Resize'),
    dict(size_divisor=32, type='Pad'),
    dict(type='LoadAnnotations', with_bbox=True),
    dict(
        meta_keys=(
            'img_id',
            'img_path',
            'ori_shape',
            'img_shape',
            'scale_factor',
        ),
        type='PackDetInputs'),
]
train_cfg = dict(max_epochs=12, type='EpochBasedTrainLoop', val_interval=4)
train_dataloader = dict(
    batch_sampler=dict(type='AspectRatioBatchSampler'),
    batch_size=4,
    dataset=dict(
        ann_file='annotations/aitod_train_v1.json',
        data_prefix=dict(img='train/images/'),
        data_root='data/AI-TOD-v2/',
        filter_cfg=dict(filter_empty_gt=True, min_size=2),
        metainfo=dict(classes=[
            'airplane',
            'bridge',
            'storage-tank',
            'ship',
            'swimming-pool',
            'vehicle',
            'person',
            'wind-mill',
        ]),
        pipeline=[
            dict(backend_args=None, type='LoadImageFromFile'),
            dict(type='LoadAnnotations', with_bbox=True),
            dict(keep_ratio=True, scale=(
                800,
                800,
            ), type='Resize'),
            dict(prob=0.5, type='RandomFlip'),
            dict(size_divisor=32, type='Pad'),
            dict(type='PackDetInputs'),
        ],
        type='CocoDataset'),
    num_workers=8,
    persistent_workers=True,
    pin_memory=True,
    sampler=dict(shuffle=True, type='DefaultSampler'))
train_pipeline = [
    dict(backend_args=None, type='LoadImageFromFile'),
    dict(type='LoadAnnotations', with_bbox=True),
    dict(keep_ratio=True, scale=(
        800,
        800,
    ), type='Resize'),
    dict(prob=0.5, type='RandomFlip'),
    dict(size_divisor=32, type='Pad'),
    dict(type='PackDetInputs'),
]
val_cfg = dict(type='ValLoop')
val_dataloader = dict(
    batch_size=4,
    dataset=dict(
        ann_file='annotations/aitod_val_v1.json',
        data_prefix=dict(img='val/images/'),
        data_root='data/AI-TOD-v2/',
        metainfo=dict(classes=[
            'airplane',
            'bridge',
            'storage-tank',
            'ship',
            'swimming-pool',
            'vehicle',
            'person',
            'wind-mill',
        ]),
        pipeline=[
            dict(backend_args=None, type='LoadImageFromFile'),
            dict(keep_ratio=True, scale=(
                800,
                800,
            ), type='Resize'),
            dict(size_divisor=32, type='Pad'),
            dict(type='LoadAnnotations', with_bbox=True),
            dict(
                meta_keys=(
                    'img_id',
                    'img_path',
                    'ori_shape',
                    'img_shape',
                    'scale_factor',
                ),
                type='PackDetInputs'),
        ],
        test_mode=True,
        type='CocoDataset'),
    drop_last=False,
    num_workers=8,
    persistent_workers=True,
    pin_memory=True,
    sampler=dict(shuffle=False, type='DefaultSampler'))
val_evaluator = dict(
    ann_file='data/AI-TOD-v2/annotations/aitod_val_v1.json',
    format_only=False,
    metric='bbox',
    type='CocoMetric')
val_pipeline = [
    dict(backend_args=None, type='LoadImageFromFile'),
    dict(keep_ratio=True, scale=(
        800,
        800,
    ), type='Resize'),
    dict(size_divisor=32, type='Pad'),
    dict(type='LoadAnnotations', with_bbox=True),
    dict(
        meta_keys=(
            'img_id',
            'img_path',
            'ori_shape',
            'img_shape',
            'scale_factor',
        ),
        type='PackDetInputs'),
]
work_dir = 'outputs/PRT-001/B0/seed0'

2026/08/21 16:09:37 - mmengine - INFO - Distributed training is not used, all SyncBatchNorm (SyncBN) layers in the model will be automatically reverted to BatchNormXd layers if they are used.
2026/08/21 16:09:37 - mmengine - INFO - Hooks will be executed in the following order:
before_run:
(VERY_HIGH   ) RuntimeInfoHook                    
(BELOW_NORMAL) LoggerHook                         
 -------------------- 
before_train:
(VERY_HIGH   ) RuntimeInfoHook                    
(NORMAL      ) IterTimerHook                      
(VERY_LOW    ) CheckpointHook                     
 -------------------- 
before_train_epoch:
(VERY_HIGH   ) RuntimeInfoHook                    
(NORMAL      ) IterTimerHook                      
(NORMAL      ) DistSamplerSeedHook                
 -------------------- 
before_train_iter:
(VERY_HIGH   ) RuntimeInfoHook                    
(NORMAL      ) IterTimerHook                      
 -------------------- 
after_train_iter:
(VERY_HIGH   ) RuntimeInfoHook                    
(NORMAL      ) IterTimerHook                      
(BELOW_NORMAL) LoggerHook                         
(LOW         ) ParamSchedulerHook                 
(VERY_LOW    ) CheckpointHook                     
 -------------------- 
after_train_epoch:
(NORMAL      ) IterTimerHook                      
(LOW         ) ParamSchedulerHook                 
(VERY_LOW    ) CheckpointHook                     
 -------------------- 
before_val:
(VERY_HIGH   ) RuntimeInfoHook                    
 -------------------- 
before_val_epoch:
(NORMAL      ) IterTimerHook                      
 -------------------- 
before_val_iter:
(NORMAL      ) IterTimerHook                      
 -------------------- 
after_val_iter:
(NORMAL      ) IterTimerHook                      
(BELOW_NORMAL) LoggerHook                         
 -------------------- 
after_val_epoch:
(VERY_HIGH   ) RuntimeInfoHook                    
(NORMAL      ) IterTimerHook                      
(BELOW_NORMAL) LoggerHook                         
(LOW         ) ParamSchedulerHook                 
(VERY_LOW    ) CheckpointHook                     
 -------------------- 
after_val:
(VERY_HIGH   ) RuntimeInfoHook                    
 -------------------- 
after_train:
(VERY_HIGH   ) RuntimeInfoHook                    
(VERY_LOW    ) CheckpointHook                     
 -------------------- 
before_test:
(VERY_HIGH   ) RuntimeInfoHook                    
 -------------------- 
before_test_epoch:
(NORMAL      ) IterTimerHook                      
 -------------------- 
before_test_iter:
(NORMAL      ) IterTimerHook                      
 -------------------- 
after_test_iter:
(NORMAL      ) IterTimerHook                      
(BELOW_NORMAL) LoggerHook                         
 -------------------- 
after_test_epoch:
(VERY_HIGH   ) RuntimeInfoHook                    
(NORMAL      ) IterTimerHook                      
(BELOW_NORMAL) LoggerHook                         
 -------------------- 
after_test:
(VERY_HIGH   ) RuntimeInfoHook                    
 -------------------- 
after_run:
(BELOW_NORMAL) LoggerHook                         
 -------------------- 
2026/08/21 16:09:43 - mmengine - WARNING - backbone.conv1.weight is skipped since its requires_grad=False
2026/08/21 16:09:43 - mmengine - WARNING - backbone.bn1.weight is skipped since its requires_grad=False
2026/08/21 16:09:43 - mmengine - WARNING - backbone.bn1.bias is skipped since its requires_grad=False
2026/08/21 16:09:43 - mmengine - WARNING - backbone.layer1.0.conv1.weight is skipped since its requires_grad=False
2026/08/21 16:09:43 - mmengine - WARNING - backbone.layer1.0.bn1.weight is skipped since its requires_grad=False
2026/08/21 16:09:43 - mmengine - WARNING - backbone.layer1.0.bn1.bias is skipped since its requires_grad=False
2026/08/21 16:09:43 - mmengine - WARNING - backbone.layer1.0.conv2.weight is skipped since its requires_grad=False
2026/08/21 16:09:43 - mmengine - WARNING - backbone.layer1.0.bn2.weight is skipped since its requires_grad=False
2026/08/21 16:09:43 - mmengine - WARNING - backbone.layer1.0.bn2.bias is skipped since its requires_grad=False
2026/08/21 16:09:43 - mmengine - WARNING - backbone.layer1.0.conv3.weight is skipped since its requires_grad=False
2026/08/21 16:09:43 - mmengine - WARNING - backbone.layer1.0.bn3.weight is skipped since its requires_grad=False
2026/08/21 16:09:43 - mmengine - WARNING - backbone.layer1.0.bn3.bias is skipped since its requires_grad=False
2026/08/21 16:09:43 - mmengine - WARNING - backbone.layer1.0.downsample.0.weight is skipped since its requires_grad=False
2026/08/21 16:09:43 - mmengine - WARNING - backbone.layer1.0.downsample.1.weight is skipped since its requires_grad=False
2026/08/21 16:09:43 - mmengine - WARNING - backbone.layer1.0.downsample.1.bias is skipped since its requires_grad=False
2026/08/21 16:09:43 - mmengine - WARNING - backbone.layer1.1.conv1.weight is skipped since its requires_grad=False
2026/08/21 16:09:43 - mmengine - WARNING - backbone.layer1.1.bn1.weight is skipped since its requires_grad=False
2026/08/21 16:09:43 - mmengine - WARNING - backbone.layer1.1.bn1.bias is skipped since its requires_grad=False
2026/08/21 16:09:43 - mmengine - WARNING - backbone.layer1.1.conv2.weight is skipped since its requires_grad=False
2026/08/21 16:09:43 - mmengine - WARNING - backbone.layer1.1.bn2.weight is skipped since its requires_grad=False
2026/08/21 16:09:43 - mmengine - WARNING - backbone.layer1.1.bn2.bias is skipped since its requires_grad=False
2026/08/21 16:09:43 - mmengine - WARNING - backbone.layer1.1.conv3.weight is skipped since its requires_grad=False
2026/08/21 16:09:43 - mmengine - WARNING - backbone.layer1.1.bn3.weight is skipped since its requires_grad=False
2026/08/21 16:09:43 - mmengine - WARNING - backbone.layer1.1.bn3.bias is skipped since its requires_grad=False
2026/08/21 16:09:43 - mmengine - WARNING - backbone.layer1.2.conv1.weight is skipped since its requires_grad=False
2026/08/21 16:09:43 - mmengine - WARNING - backbone.layer1.2.bn1.weight is skipped since its requires_grad=False
2026/08/21 16:09:43 - mmengine - WARNING - backbone.layer1.2.bn1.bias is skipped since its requires_grad=False
2026/08/21 16:09:43 - mmengine - WARNING - backbone.layer1.2.conv2.weight is skipped since its requires_grad=False
2026/08/21 16:09:43 - mmengine - WARNING - backbone.layer1.2.bn2.weight is skipped since its requires_grad=False
2026/08/21 16:09:43 - mmengine - WARNING - backbone.layer1.2.bn2.bias is skipped since its requires_grad=False
2026/08/21 16:09:43 - mmengine - WARNING - backbone.layer1.2.conv3.weight is skipped since its requires_grad=False
2026/08/21 16:09:43 - mmengine - WARNING - backbone.layer1.2.bn3.weight is skipped since its requires_grad=False
2026/08/21 16:09:43 - mmengine - WARNING - backbone.layer1.2.bn3.bias is skipped since its requires_grad=False
2026/08/21 16:09:43 - mmengine - INFO - paramwise_options -- backbone.layer2.0.bn1.bias:weight_decay=0.0
2026/08/21 16:09:43 - mmengine - INFO - paramwise_options -- backbone.layer2.0.bn2.bias:weight_decay=0.0
2026/08/21 16:09:43 - mmengine - INFO - paramwise_options -- backbone.layer2.0.bn3.bias:weight_decay=0.0
2026/08/21 16:09:43 - mmengine - INFO - paramwise_options -- backbone.layer2.0.downsample.1.bias:weight_decay=0.0
2026/08/21 16:09:43 - mmengine - INFO - paramwise_options -- backbone.layer2.1.bn1.bias:weight_decay=0.0
2026/08/21 16:09:43 - mmengine - INFO - paramwise_options -- backbone.layer2.1.bn2.bias:weight_decay=0.0
2026/08/21 16:09:43 - mmengine - INFO - paramwise_options -- backbone.layer2.1.bn3.bias:weight_decay=0.0
2026/08/21 16:09:43 - mmengine - INFO - paramwise_options -- backbone.layer2.2.bn1.bias:weight_decay=0.0
2026/08/21 16:09:43 - mmengine - INFO - paramwise_options -- backbone.layer2.2.bn2.bias:weight_decay=0.0
2026/08/21 16:09:43 - mmengine - INFO - paramwise_options -- backbone.layer2.2.bn3.bias:weight_decay=0.0
2026/08/21 16:09:43 - mmengine - INFO - paramwise_options -- backbone.layer2.3.bn1.bias:weight_decay=0.0
2026/08/21 16:09:43 - mmengine - INFO - paramwise_options -- backbone.layer2.3.bn2.bias:weight_decay=0.0
2026/08/21 16:09:43 - mmengine - INFO - paramwise_options -- backbone.layer2.3.bn3.bias:weight_decay=0.0
2026/08/21 16:09:43 - mmengine - INFO - paramwise_options -- backbone.layer3.0.bn1.bias:weight_decay=0.0
2026/08/21 16:09:43 - mmengine - INFO - paramwise_options -- backbone.layer3.0.bn2.bias:weight_decay=0.0
2026/08/21 16:09:43 - mmengine - INFO - paramwise_options -- backbone.layer3.0.bn3.bias:weight_decay=0.0
2026/08/21 16:09:43 - mmengine - INFO - paramwise_options -- backbone.layer3.0.downsample.1.bias:weight_decay=0.0
2026/08/21 16:09:43 - mmengine - INFO - paramwise_options -- backbone.layer3.1.bn1.bias:weight_decay=0.0
2026/08/21 16:09:43 - mmengine - INFO - paramwise_options -- backbone.layer3.1.bn2.bias:weight_decay=0.0
2026/08/21 16:09:43 - mmengine - INFO - paramwise_options -- backbone.layer3.1.bn3.bias:weight_decay=0.0
2026/08/21 16:09:43 - mmengine - INFO - paramwise_options -- backbone.layer3.2.bn1.bias:weight_decay=0.0
2026/08/21 16:09:43 - mmengine - INFO - paramwise_options -- backbone.layer3.2.bn2.bias:weight_decay=0.0
2026/08/21 16:09:43 - mmengine - INFO - paramwise_options -- backbone.layer3.2.bn3.bias:weight_decay=0.0
2026/08/21 16:09:43 - mmengine - INFO - paramwise_options -- backbone.layer3.3.bn1.bias:weight_decay=0.0
2026/08/21 16:09:43 - mmengine - INFO - paramwise_options -- backbone.layer3.3.bn2.bias:weight_decay=0.0
2026/08/21 16:09:43 - mmengine - INFO - paramwise_options -- backbone.layer3.3.bn3.bias:weight_decay=0.0
2026/08/21 16:09:43 - mmengine - INFO - paramwise_options -- backbone.layer3.4.bn1.bias:weight_decay=0.0
2026/08/21 16:09:43 - mmengine - INFO - paramwise_options -- backbone.layer3.4.bn2.bias:weight_decay=0.0
2026/08/21 16:09:43 - mmengine - INFO - paramwise_options -- backbone.layer3.4.bn3.bias:weight_decay=0.0
2026/08/21 16:09:43 - mmengine - INFO - paramwise_options -- backbone.layer3.5.bn1.bias:weight_decay=0.0
2026/08/21 16:09:43 - mmengine - INFO - paramwise_options -- backbone.layer3.5.bn2.bias:weight_decay=0.0
2026/08/21 16:09:43 - mmengine - INFO - paramwise_options -- backbone.layer3.5.bn3.bias:weight_decay=0.0
2026/08/21 16:09:43 - mmengine - INFO - paramwise_options -- backbone.layer4.0.bn1.bias:weight_decay=0.0
2026/08/21 16:09:43 - mmengine - INFO - paramwise_options -- backbone.layer4.0.bn2.bias:weight_decay=0.0
2026/08/21 16:09:43 - mmengine - INFO - paramwise_options -- backbone.layer4.0.bn3.bias:weight_decay=0.0
2026/08/21 16:09:43 - mmengine - INFO - paramwise_options -- backbone.layer4.0.downsample.1.bias:weight_decay=0.0
2026/08/21 16:09:43 - mmengine - INFO - paramwise_options -- backbone.layer4.1.bn1.bias:weight_decay=0.0
2026/08/21 16:09:43 - mmengine - INFO - paramwise_options -- backbone.layer4.1.bn2.bias:weight_decay=0.0
2026/08/21 16:09:43 - mmengine - INFO - paramwise_options -- backbone.layer4.1.bn3.bias:weight_decay=0.0
2026/08/21 16:09:43 - mmengine - INFO - paramwise_options -- backbone.layer4.2.bn1.bias:weight_decay=0.0
2026/08/21 16:09:43 - mmengine - INFO - paramwise_options -- backbone.layer4.2.bn2.bias:weight_decay=0.0
2026/08/21 16:09:43 - mmengine - INFO - paramwise_options -- backbone.layer4.2.bn3.bias:weight_decay=0.0
2026/08/21 16:09:43 - mmengine - INFO - paramwise_options -- neck.lateral_convs.0.conv.bias:lr=0.01
2026/08/21 16:09:43 - mmengine - INFO - paramwise_options -- neck.lateral_convs.0.conv.bias:weight_decay=0.0
2026/08/21 16:09:43 - mmengine - INFO - paramwise_options -- neck.lateral_convs.1.conv.bias:lr=0.01
2026/08/21 16:09:43 - mmengine - INFO - paramwise_options -- neck.lateral_convs.1.conv.bias:weight_decay=0.0
2026/08/21 16:09:43 - mmengine - INFO - paramwise_options -- neck.lateral_convs.2.conv.bias:lr=0.01
2026/08/21 16:09:43 - mmengine - INFO - paramwise_options -- neck.lateral_convs.2.conv.bias:weight_decay=0.0
2026/08/21 16:09:43 - mmengine - INFO - paramwise_options -- neck.fpn_convs.0.conv.bias:lr=0.01
2026/08/21 16:09:43 - mmengine - INFO - paramwise_options -- neck.fpn_convs.0.conv.bias:weight_decay=0.0
2026/08/21 16:09:43 - mmengine - INFO - paramwise_options -- neck.fpn_convs.1.conv.bias:lr=0.01
2026/08/21 16:09:43 - mmengine - INFO - paramwise_options -- neck.fpn_convs.1.conv.bias:weight_decay=0.0
2026/08/21 16:09:43 - mmengine - INFO - paramwise_options -- neck.fpn_convs.2.conv.bias:lr=0.01
2026/08/21 16:09:43 - mmengine - INFO - paramwise_options -- neck.fpn_convs.2.conv.bias:weight_decay=0.0
2026/08/21 16:09:43 - mmengine - INFO - paramwise_options -- neck.fpn_convs.3.conv.bias:lr=0.01
2026/08/21 16:09:43 - mmengine - INFO - paramwise_options -- neck.fpn_convs.3.conv.bias:weight_decay=0.0
2026/08/21 16:09:43 - mmengine - INFO - paramwise_options -- neck.fpn_convs.4.conv.bias:lr=0.01
2026/08/21 16:09:43 - mmengine - INFO - paramwise_options -- neck.fpn_convs.4.conv.bias:weight_decay=0.0
2026/08/21 16:09:43 - mmengine - INFO - paramwise_options -- bbox_head.cls_convs.0.gn.bias:weight_decay=0.0
2026/08/21 16:09:43 - mmengine - INFO - paramwise_options -- bbox_head.cls_convs.1.gn.bias:weight_decay=0.0
2026/08/21 16:09:43 - mmengine - INFO - paramwise_options -- bbox_head.cls_convs.2.gn.bias:weight_decay=0.0
2026/08/21 16:09:43 - mmengine - INFO - paramwise_options -- bbox_head.cls_convs.3.gn.bias:weight_decay=0.0
2026/08/21 16:09:43 - mmengine - INFO - paramwise_options -- bbox_head.reg_convs.0.gn.bias:weight_decay=0.0
2026/08/21 16:09:43 - mmengine - INFO - paramwise_options -- bbox_head.reg_convs.1.gn.bias:weight_decay=0.0
2026/08/21 16:09:43 - mmengine - INFO - paramwise_options -- bbox_head.reg_convs.2.gn.bias:weight_decay=0.0
2026/08/21 16:09:43 - mmengine - INFO - paramwise_options -- bbox_head.reg_convs.3.gn.bias:weight_decay=0.0
2026/08/21 16:09:43 - mmengine - INFO - paramwise_options -- bbox_head.conv_cls.bias:lr=0.01
2026/08/21 16:09:43 - mmengine - INFO - paramwise_options -- bbox_head.conv_cls.bias:weight_decay=0.0
2026/08/21 16:09:43 - mmengine - INFO - paramwise_options -- bbox_head.conv_reg.bias:lr=0.01
2026/08/21 16:09:43 - mmengine - INFO - paramwise_options -- bbox_head.conv_reg.bias:weight_decay=0.0
2026/08/21 16:09:43 - mmengine - INFO - paramwise_options -- bbox_head.conv_centerness.bias:lr=0.01
2026/08/21 16:09:43 - mmengine - INFO - paramwise_options -- bbox_head.conv_centerness.bias:weight_decay=0.0
2026/08/21 16:09:46 - mmengine - INFO - load model from: data/pretrained/resnet50_msra-5891d200.pth
2026/08/21 16:09:46 - mmengine - INFO - Loads checkpoint by local backend from path: data/pretrained/resnet50_msra-5891d200.pth
2026/08/21 16:09:46 - mmengine - WARNING - The model and loaded state dict do not match exactly

unexpected key in source state_dict: conv1.bias

Name of parameter - Initialization information

backbone.conv1.weight - torch.Size([64, 3, 7, 7]): 
PretrainedInit: load from data/pretrained/resnet50_msra-5891d200.pth 

backbone.bn1.weight - torch.Size([64]): 
PretrainedInit: load from data/pretrained/resnet50_msra-5891d200.pth 

backbone.bn1.bias - torch.Size([64]): 
PretrainedInit: load from data/pretrained/resnet50_msra-5891d200.pth 

backbone.layer1.0.conv1.weight - torch.Size([64, 64, 1, 1]): 
PretrainedInit: load from data/pretrained/resnet50_msra-5891d200.pth 

backbone.layer1.0.bn1.weight - torch.Size([64]): 
PretrainedInit: load from data/pretrained/resnet50_msra-5891d200.pth 

backbone.layer1.0.bn1.bias - torch.Size([64]): 
PretrainedInit: load from data/pretrained/resnet50_msra-5891d200.pth 

backbone.layer1.0.conv2.weight - torch.Size([64, 64, 3, 3]): 
PretrainedInit: load from data/pretrained/resnet50_msra-5891d200.pth 

backbone.layer1.0.bn2.weight - torch.Size([64]): 
PretrainedInit: load from data/pretrained/resnet50_msra-5891d200.pth 

backbone.layer1.0.bn2.bias - torch.Size([64]): 
PretrainedInit: load from data/pretrained/resnet50_msra-5891d200.pth 

backbone.layer1.0.conv3.weight - torch.Size([256, 64, 1, 1]): 
PretrainedInit: load from data/pretrained/resnet50_msra-5891d200.pth 

backbone.layer1.0.bn3.weight - torch.Size([256]): 
PretrainedInit: load from data/pretrained/resnet50_msra-5891d200.pth 

backbone.layer1.0.bn3.bias - torch.Size([256]): 
PretrainedInit: load from data/pretrained/resnet50_msra-5891d200.pth 

backbone.layer1.0.downsample.0.weight - torch.Size([256, 64, 1, 1]): 
PretrainedInit: load from data/pretrained/resnet50_msra-5891d200.pth 

backbone.layer1.0.downsample.1.weight - torch.Size([256]): 
PretrainedInit: load from data/pretrained/resnet50_msra-5891d200.pth 

backbone.layer1.0.downsample.1.bias - torch.Size([256]): 
PretrainedInit: load from data/pretrained/resnet50_msra-5891d200.pth 

backbone.layer1.1.conv1.weight - torch.Size([64, 256, 1, 1]): 
PretrainedInit: load from data/pretrained/resnet50_msra-5891d200.pth 

backbone.layer1.1.bn1.weight - torch.Size([64]): 
PretrainedInit: load from data/pretrained/resnet50_msra-5891d200.pth 

backbone.layer1.1.bn1.bias - torch.Size([64]): 
PretrainedInit: load from data/pretrained/resnet50_msra-5891d200.pth 

backbone.layer1.1.conv2.weight - torch.Size([64, 64, 3, 3]): 
PretrainedInit: load from data/pretrained/resnet50_msra-5891d200.pth 

backbone.layer1.1.bn2.weight - torch.Size([64]): 
PretrainedInit: load from data/pretrained/resnet50_msra-5891d200.pth 

backbone.layer1.1.bn2.bias - torch.Size([64]): 
PretrainedInit: load from data/pretrained/resnet50_msra-5891d200.pth 

backbone.layer1.1.conv3.weight - torch.Size([256, 64, 1, 1]): 
PretrainedInit: load from data/pretrained/resnet50_msra-5891d200.pth 

backbone.layer1.1.bn3.weight - torch.Size([256]): 
PretrainedInit: load from data/pretrained/resnet50_msra-5891d200.pth 

backbone.layer1.1.bn3.bias - torch.Size([256]): 
PretrainedInit: load from data/pretrained/resnet50_msra-5891d200.pth 

backbone.layer1.2.conv1.weight - torch.Size([64, 256, 1, 1]): 
PretrainedInit: load from data/pretrained/resnet50_msra-5891d200.pth 

backbone.layer1.2.bn1.weight - torch.Size([64]): 
PretrainedInit: load from data/pretrained/resnet50_msra-5891d200.pth 

backbone.layer1.2.bn1.bias - torch.Size([64]): 
PretrainedInit: load from data/pretrained/resnet50_msra-5891d200.pth 

backbone.layer1.2.conv2.weight - torch.Size([64, 64, 3, 3]): 
PretrainedInit: load from data/pretrained/resnet50_msra-5891d200.pth 

backbone.layer1.2.bn2.weight - torch.Size([64]): 
PretrainedInit: load from data/pretrained/resnet50_msra-5891d200.pth 

backbone.layer1.2.bn2.bias - torch.Size([64]): 
PretrainedInit: load from data/pretrained/resnet50_msra-5891d200.pth 

backbone.layer1.2.conv3.weight - torch.Size([256, 64, 1, 1]): 
PretrainedInit: load from data/pretrained/resnet50_msra-5891d200.pth 

backbone.layer1.2.bn3.weight - torch.Size([256]): 
PretrainedInit: load from data/pretrained/resnet50_msra-5891d200.pth 

backbone.layer1.2.bn3.bias - torch.Size([256]): 
PretrainedInit: load from data/pretrained/resnet50_msra-5891d200.pth 

backbone.layer2.0.conv1.weight - torch.Size([128, 256, 1, 1]): 
PretrainedInit: load from data/pretrained/resnet50_msra-5891d200.pth 

backbone.layer2.0.bn1.weight - torch.Size([128]): 
PretrainedInit: load from data/pretrained/resnet50_msra-5891d200.pth 

backbone.layer2.0.bn1.bias - torch.Size([128]): 
PretrainedInit: load from data/pretrained/resnet50_msra-5891d200.pth 

backbone.layer2.0.conv2.weight - torch.Size([128, 128, 3, 3]): 
PretrainedInit: load from data/pretrained/resnet50_msra-5891d200.pth 

backbone.layer2.0.bn2.weight - torch.Size([128]): 
PretrainedInit: load from data/pretrained/resnet50_msra-5891d200.pth 

backbone.layer2.0.bn2.bias - torch.Size([128]): 
PretrainedInit: load from data/pretrained/resnet50_msra-5891d200.pth 

backbone.layer2.0.conv3.weight - torch.Size([512, 128, 1, 1]): 
PretrainedInit: load from data/pretrained/resnet50_msra-5891d200.pth 

backbone.layer2.0.bn3.weight - torch.Size([512]): 
PretrainedInit: load from data/pretrained/resnet50_msra-5891d200.pth 

backbone.layer2.0.bn3.bias - torch.Size([512]): 
PretrainedInit: load from data/pretrained/resnet50_msra-5891d200.pth 

backbone.layer2.0.downsample.0.weight - torch.Size([512, 256, 1, 1]): 
PretrainedInit: load from data/pretrained/resnet50_msra-5891d200.pth 

backbone.layer2.0.downsample.1.weight - torch.Size([512]): 
PretrainedInit: load from data/pretrained/resnet50_msra-5891d200.pth 

backbone.layer2.0.downsample.1.bias - torch.Size([512]): 
PretrainedInit: load from data/pretrained/resnet50_msra-5891d200.pth 

backbone.layer2.1.conv1.weight - torch.Size([128, 512, 1, 1]): 
PretrainedInit: load from data/pretrained/resnet50_msra-5891d200.pth 

backbone.layer2.1.bn1.weight - torch.Size([128]): 
PretrainedInit: load from data/pretrained/resnet50_msra-5891d200.pth 

backbone.layer2.1.bn1.bias - torch.Size([128]): 
PretrainedInit: load from data/pretrained/resnet50_msra-5891d200.pth 

backbone.layer2.1.conv2.weight - torch.Size([128, 128, 3, 3]): 
PretrainedInit: load from data/pretrained/resnet50_msra-5891d200.pth 

backbone.layer2.1.bn2.weight - torch.Size([128]): 
PretrainedInit: load from data/pretrained/resnet50_msra-5891d200.pth 

backbone.layer2.1.bn2.bias - torch.Size([128]): 
PretrainedInit: load from data/pretrained/resnet50_msra-5891d200.pth 

backbone.layer2.1.conv3.weight - torch.Size([512, 128, 1, 1]): 
PretrainedInit: load from data/pretrained/resnet50_msra-5891d200.pth 

backbone.layer2.1.bn3.weight - torch.Size([512]): 
PretrainedInit: load from data/pretrained/resnet50_msra-5891d200.pth 

backbone.layer2.1.bn3.bias - torch.Size([512]): 
PretrainedInit: load from data/pretrained/resnet50_msra-5891d200.pth 

backbone.layer2.2.conv1.weight - torch.Size([128, 512, 1, 1]): 
PretrainedInit: load from data/pretrained/resnet50_msra-5891d200.pth 

backbone.layer2.2.bn1.weight - torch.Size([128]): 
PretrainedInit: load from data/pretrained/resnet50_msra-5891d200.pth 

backbone.layer2.2.bn1.bias - torch.Size([128]): 
PretrainedInit: load from data/pretrained/resnet50_msra-5891d200.pth 

backbone.layer2.2.conv2.weight - torch.Size([128, 128, 3, 3]): 
PretrainedInit: load from data/pretrained/resnet50_msra-5891d200.pth 

backbone.layer2.2.bn2.weight - torch.Size([128]): 
PretrainedInit: load from data/pretrained/resnet50_msra-5891d200.pth 

backbone.layer2.2.bn2.bias - torch.Size([128]): 
PretrainedInit: load from data/pretrained/resnet50_msra-5891d200.pth 

backbone.layer2.2.conv3.weight - torch.Size([512, 128, 1, 1]): 
PretrainedInit: load from data/pretrained/resnet50_msra-5891d200.pth 

backbone.layer2.2.bn3.weight - torch.Size([512]): 
PretrainedInit: load from data/pretrained/resnet50_msra-5891d200.pth 

backbone.layer2.2.bn3.bias - torch.Size([512]): 
PretrainedInit: load from data/pretrained/resnet50_msra-5891d200.pth 

backbone.layer2.3.conv1.weight - torch.Size([128, 512, 1, 1]): 
PretrainedInit: load from data/pretrained/resnet50_msra-5891d200.pth 

backbone.layer2.3.bn1.weight - torch.Size([128]): 
PretrainedInit: load from data/pretrained/resnet50_msra-5891d200.pth 

backbone.layer2.3.bn1.bias - torch.Size([128]): 
PretrainedInit: load from data/pretrained/resnet50_msra-5891d200.pth 

backbone.layer2.3.conv2.weight - torch.Size([128, 128, 3, 3]): 
PretrainedInit: load from data/pretrained/resnet50_msra-5891d200.pth 

backbone.layer2.3.bn2.weight - torch.Size([128]): 
PretrainedInit: load from data/pretrained/resnet50_msra-5891d200.pth 

backbone.layer2.3.bn2.bias - torch.Size([128]): 
PretrainedInit: load from data/pretrained/resnet50_msra-5891d200.pth 

backbone.layer2.3.conv3.weight - torch.Size([512, 128, 1, 1]): 
PretrainedInit: load from data/pretrained/resnet50_msra-5891d200.pth 

backbone.layer2.3.bn3.weight - torch.Size([512]): 
PretrainedInit: load from data/pretrained/resnet50_msra-5891d200.pth 

backbone.layer2.3.bn3.bias - torch.Size([512]): 
PretrainedInit: load from data/pretrained/resnet50_msra-5891d200.pth 

backbone.layer3.0.conv1.weight - torch.Size([256, 512, 1, 1]): 
PretrainedInit: load from data/pretrained/resnet50_msra-5891d200.pth 

backbone.layer3.0.bn1.weight - torch.Size([256]): 
PretrainedInit: load from data/pretrained/resnet50_msra-5891d200.pth 

backbone.layer3.0.bn1.bias - torch.Size([256]): 
PretrainedInit: load from data/pretrained/resnet50_msra-5891d200.pth 

backbone.layer3.0.conv2.weight - torch.Size([256, 256, 3, 3]): 
PretrainedInit: load from data/pretrained/resnet50_msra-5891d200.pth 

backbone.layer3.0.bn2.weight - torch.Size([256]): 
PretrainedInit: load from data/pretrained/resnet50_msra-5891d200.pth 

backbone.layer3.0.bn2.bias - torch.Size([256]): 
PretrainedInit: load from data/pretrained/resnet50_msra-5891d200.pth 

backbone.layer3.0.conv3.weight - torch.Size([1024, 256, 1, 1]): 
PretrainedInit: load from data/pretrained/resnet50_msra-5891d200.pth 

backbone.layer3.0.bn3.weight - torch.Size([1024]): 
PretrainedInit: load from data/pretrained/resnet50_msra-5891d200.pth 

backbone.layer3.0.bn3.bias - torch.Size([1024]): 
PretrainedInit: load from data/pretrained/resnet50_msra-5891d200.pth 

backbone.layer3.0.downsample.0.weight - torch.Size([1024, 512, 1, 1]): 
PretrainedInit: load from data/pretrained/resnet50_msra-5891d200.pth 

backbone.layer3.0.downsample.1.weight - torch.Size([1024]): 
PretrainedInit: load from data/pretrained/resnet50_msra-5891d200.pth 

backbone.layer3.0.downsample.1.bias - torch.Size([1024]): 
PretrainedInit: load from data/pretrained/resnet50_msra-5891d200.pth 

backbone.layer3.1.conv1.weight - torch.Size([256, 1024, 1, 1]): 
PretrainedInit: load from data/pretrained/resnet50_msra-5891d200.pth 

backbone.layer3.1.bn1.weight - torch.Size([256]): 
PretrainedInit: load from data/pretrained/resnet50_msra-5891d200.pth 

backbone.layer3.1.bn1.bias - torch.Size([256]): 
PretrainedInit: load from data/pretrained/resnet50_msra-5891d200.pth 

backbone.layer3.1.conv2.weight - torch.Size([256, 256, 3, 3]): 
PretrainedInit: load from data/pretrained/resnet50_msra-5891d200.pth 

backbone.layer3.1.bn2.weight - torch.Size([256]): 
PretrainedInit: load from data/pretrained/resnet50_msra-5891d200.pth 

backbone.layer3.1.bn2.bias - torch.Size([256]): 
PretrainedInit: load from data/pretrained/resnet50_msra-5891d200.pth 

backbone.layer3.1.conv3.weight - torch.Size([1024, 256, 1, 1]): 
PretrainedInit: load from data/pretrained/resnet50_msra-5891d200.pth 

backbone.layer3.1.bn3.weight - torch.Size([1024]): 
PretrainedInit: load from data/pretrained/resnet50_msra-5891d200.pth 

backbone.layer3.1.bn3.bias - torch.Size([1024]): 
PretrainedInit: load from data/pretrained/resnet50_msra-5891d200.pth 

backbone.layer3.2.conv1.weight - torch.Size([256, 1024, 1, 1]): 
PretrainedInit: load from data/pretrained/resnet50_msra-5891d200.pth 

backbone.layer3.2.bn1.weight - torch.Size([256]): 
PretrainedInit: load from data/pretrained/resnet50_msra-5891d200.pth 

backbone.layer3.2.bn1.bias - torch.Size([256]): 
PretrainedInit: load from data/pretrained/resnet50_msra-5891d200.pth 

backbone.layer3.2.conv2.weight - torch.Size([256, 256, 3, 3]): 
PretrainedInit: load from data/pretrained/resnet50_msra-5891d200.pth 

backbone.layer3.2.bn2.weight - torch.Size([256]): 
PretrainedInit: load from data/pretrained/resnet50_msra-5891d200.pth 

backbone.layer3.2.bn2.bias - torch.Size([256]): 
PretrainedInit: load from data/pretrained/resnet50_msra-5891d200.pth 

backbone.layer3.2.conv3.weight - torch.Size([1024, 256, 1, 1]): 
PretrainedInit: load from data/pretrained/resnet50_msra-5891d200.pth 

backbone.layer3.2.bn3.weight - torch.Size([1024]): 
PretrainedInit: load from data/pretrained/resnet50_msra-5891d200.pth 

backbone.layer3.2.bn3.bias - torch.Size([1024]): 
PretrainedInit: load from data/pretrained/resnet50_msra-5891d200.pth 

backbone.layer3.3.conv1.weight - torch.Size([256, 1024, 1, 1]): 
PretrainedInit: load from data/pretrained/resnet50_msra-5891d200.pth 

backbone.layer3.3.bn1.weight - torch.Size([256]): 
PretrainedInit: load from data/pretrained/resnet50_msra-5891d200.pth 

backbone.layer3.3.bn1.bias - torch.Size([256]): 
PretrainedInit: load from data/pretrained/resnet50_msra-5891d200.pth 

backbone.layer3.3.conv2.weight - torch.Size([256, 256, 3, 3]): 
PretrainedInit: load from data/pretrained/resnet50_msra-5891d200.pth 

backbone.layer3.3.bn2.weight - torch.Size([256]): 
PretrainedInit: load from data/pretrained/resnet50_msra-5891d200.pth 

backbone.layer3.3.bn2.bias - torch.Size([256]): 
PretrainedInit: load from data/pretrained/resnet50_msra-5891d200.pth 

backbone.layer3.3.conv3.weight - torch.Size([1024, 256, 1, 1]): 
PretrainedInit: load from data/pretrained/resnet50_msra-5891d200.pth 

backbone.layer3.3.bn3.weight - torch.Size([1024]): 
PretrainedInit: load from data/pretrained/resnet50_msra-5891d200.pth 

backbone.layer3.3.bn3.bias - torch.Size([1024]): 
PretrainedInit: load from data/pretrained/resnet50_msra-5891d200.pth 

backbone.layer3.4.conv1.weight - torch.Size([256, 1024, 1, 1]): 
PretrainedInit: load from data/pretrained/resnet50_msra-5891d200.pth 

backbone.layer3.4.bn1.weight - torch.Size([256]): 
PretrainedInit: load from data/pretrained/resnet50_msra-5891d200.pth 

backbone.layer3.4.bn1.bias - torch.Size([256]): 
PretrainedInit: load from data/pretrained/resnet50_msra-5891d200.pth 

backbone.layer3.4.conv2.weight - torch.Size([256, 256, 3, 3]): 
PretrainedInit: load from data/pretrained/resnet50_msra-5891d200.pth 

backbone.layer3.4.bn2.weight - torch.Size([256]): 
PretrainedInit: load from data/pretrained/resnet50_msra-5891d200.pth 

backbone.layer3.4.bn2.bias - torch.Size([256]): 
PretrainedInit: load from data/pretrained/resnet50_msra-5891d200.pth 

backbone.layer3.4.conv3.weight - torch.Size([1024, 256, 1, 1]): 
PretrainedInit: load from data/pretrained/resnet50_msra-5891d200.pth 

backbone.layer3.4.bn3.weight - torch.Size([1024]): 
PretrainedInit: load from data/pretrained/resnet50_msra-5891d200.pth 

backbone.layer3.4.bn3.bias - torch.Size([1024]): 
PretrainedInit: load from data/pretrained/resnet50_msra-5891d200.pth 

backbone.layer3.5.conv1.weight - torch.Size([256, 1024, 1, 1]): 
PretrainedInit: load from data/pretrained/resnet50_msra-5891d200.pth 

backbone.layer3.5.bn1.weight - torch.Size([256]): 
PretrainedInit: load from data/pretrained/resnet50_msra-5891d200.pth 

backbone.layer3.5.bn1.bias - torch.Size([256]): 
PretrainedInit: load from data/pretrained/resnet50_msra-5891d200.pth 

backbone.layer3.5.conv2.weight - torch.Size([256, 256, 3, 3]): 
PretrainedInit: load from data/pretrained/resnet50_msra-5891d200.pth 

backbone.layer3.5.bn2.weight - torch.Size([256]): 
PretrainedInit: load from data/pretrained/resnet50_msra-5891d200.pth 

backbone.layer3.5.bn2.bias - torch.Size([256]): 
PretrainedInit: load from data/pretrained/resnet50_msra-5891d200.pth 

backbone.layer3.5.conv3.weight - torch.Size([1024, 256, 1, 1]): 
PretrainedInit: load from data/pretrained/resnet50_msra-5891d200.pth 

backbone.layer3.5.bn3.weight - torch.Size([1024]): 
PretrainedInit: load from data/pretrained/resnet50_msra-5891d200.pth 

backbone.layer3.5.bn3.bias - torch.Size([1024]): 
PretrainedInit: load from data/pretrained/resnet50_msra-5891d200.pth 

backbone.layer4.0.conv1.weight - torch.Size([512, 1024, 1, 1]): 
PretrainedInit: load from data/pretrained/resnet50_msra-5891d200.pth 

backbone.layer4.0.bn1.weight - torch.Size([512]): 
PretrainedInit: load from data/pretrained/resnet50_msra-5891d200.pth 

backbone.layer4.0.bn1.bias - torch.Size([512]): 
PretrainedInit: load from data/pretrained/resnet50_msra-5891d200.pth 

backbone.layer4.0.conv2.weight - torch.Size([512, 512, 3, 3]): 
PretrainedInit: load from data/pretrained/resnet50_msra-5891d200.pth 

backbone.layer4.0.bn2.weight - torch.Size([512]): 
PretrainedInit: load from data/pretrained/resnet50_msra-5891d200.pth 

backbone.layer4.0.bn2.bias - torch.Size([512]): 
PretrainedInit: load from data/pretrained/resnet50_msra-5891d200.pth 

backbone.layer4.0.conv3.weight - torch.Size([2048, 512, 1, 1]): 
PretrainedInit: load from data/pretrained/resnet50_msra-5891d200.pth 

backbone.layer4.0.bn3.weight - torch.Size([2048]): 
PretrainedInit: load from data/pretrained/resnet50_msra-5891d200.pth 

backbone.layer4.0.bn3.bias - torch.Size([2048]): 
PretrainedInit: load from data/pretrained/resnet50_msra-5891d200.pth 

backbone.layer4.0.downsample.0.weight - torch.Size([2048, 1024, 1, 1]): 
PretrainedInit: load from data/pretrained/resnet50_msra-5891d200.pth 

backbone.layer4.0.downsample.1.weight - torch.Size([2048]): 
PretrainedInit: load from data/pretrained/resnet50_msra-5891d200.pth 

backbone.layer4.0.downsample.1.bias - torch.Size([2048]): 
PretrainedInit: load from data/pretrained/resnet50_msra-5891d200.pth 

backbone.layer4.1.conv1.weight - torch.Size([512, 2048, 1, 1]): 
PretrainedInit: load from data/pretrained/resnet50_msra-5891d200.pth 

backbone.layer4.1.bn1.weight - torch.Size([512]): 
PretrainedInit: load from data/pretrained/resnet50_msra-5891d200.pth 

backbone.layer4.1.bn1.bias - torch.Size([512]): 
PretrainedInit: load from data/pretrained/resnet50_msra-5891d200.pth 

backbone.layer4.1.conv2.weight - torch.Size([512, 512, 3, 3]): 
PretrainedInit: load from data/pretrained/resnet50_msra-5891d200.pth 

backbone.layer4.1.bn2.weight - torch.Size([512]): 
PretrainedInit: load from data/pretrained/resnet50_msra-5891d200.pth 

backbone.layer4.1.bn2.bias - torch.Size([512]): 
PretrainedInit: load from data/pretrained/resnet50_msra-5891d200.pth 

backbone.layer4.1.conv3.weight - torch.Size([2048, 512, 1, 1]): 
PretrainedInit: load from data/pretrained/resnet50_msra-5891d200.pth 

backbone.layer4.1.bn3.weight - torch.Size([2048]): 
PretrainedInit: load from data/pretrained/resnet50_msra-5891d200.pth 

backbone.layer4.1.bn3.bias - torch.Size([2048]): 
PretrainedInit: load from data/pretrained/resnet50_msra-5891d200.pth 

backbone.layer4.2.conv1.weight - torch.Size([512, 2048, 1, 1]): 
PretrainedInit: load from data/pretrained/resnet50_msra-5891d200.pth 

backbone.layer4.2.bn1.weight - torch.Size([512]): 
PretrainedInit: load from data/pretrained/resnet50_msra-5891d200.pth 

backbone.layer4.2.bn1.bias - torch.Size([512]): 
PretrainedInit: load from data/pretrained/resnet50_msra-5891d200.pth 

backbone.layer4.2.conv2.weight - torch.Size([512, 512, 3, 3]): 
PretrainedInit: load from data/pretrained/resnet50_msra-5891d200.pth 

backbone.layer4.2.bn2.weight - torch.Size([512]): 
PretrainedInit: load from data/pretrained/resnet50_msra-5891d200.pth 

backbone.layer4.2.bn2.bias - torch.Size([512]): 
PretrainedInit: load from data/pretrained/resnet50_msra-5891d200.pth 

backbone.layer4.2.conv3.weight - torch.Size([2048, 512, 1, 1]): 
PretrainedInit: load from data/pretrained/resnet50_msra-5891d200.pth 

backbone.layer4.2.bn3.weight - torch.Size([2048]): 
PretrainedInit: load from data/pretrained/resnet50_msra-5891d200.pth 

backbone.layer4.2.bn3.bias - torch.Size([2048]): 
PretrainedInit: load from data/pretrained/resnet50_msra-5891d200.pth 

neck.lateral_convs.0.conv.weight - torch.Size([256, 512, 1, 1]): 
XavierInit: gain=1, distribution=uniform, bias=0 

neck.lateral_convs.0.conv.bias - torch.Size([256]): 
The value is the same before and after calling `init_weights` of FCOS  

neck.lateral_convs.1.conv.weight - torch.Size([256, 1024, 1, 1]): 
XavierInit: gain=1, distribution=uniform, bias=0 

neck.lateral_convs.1.conv.bias - torch.Size([256]): 
The value is the same before and after calling `init_weights` of FCOS  

neck.lateral_convs.2.conv.weight - torch.Size([256, 2048, 1, 1]): 
XavierInit: gain=1, distribution=uniform, bias=0 

neck.lateral_convs.2.conv.bias - torch.Size([256]): 
The value is the same before and after calling `init_weights` of FCOS  

neck.fpn_convs.0.conv.weight - torch.Size([256, 256, 3, 3]): 
XavierInit: gain=1, distribution=uniform, bias=0 

neck.fpn_convs.0.conv.bias - torch.Size([256]): 
The value is the same before and after calling `init_weights` of FCOS  

neck.fpn_convs.1.conv.weight - torch.Size([256, 256, 3, 3]): 
XavierInit: gain=1, distribution=uniform, bias=0 

neck.fpn_convs.1.conv.bias - torch.Size([256]): 
The value is the same before and after calling `init_weights` of FCOS  

neck.fpn_convs.2.conv.weight - torch.Size([256, 256, 3, 3]): 
XavierInit: gain=1, distribution=uniform, bias=0 

neck.fpn_convs.2.conv.bias - torch.Size([256]): 
The value is the same before and after calling `init_weights` of FCOS  

neck.fpn_convs.3.conv.weight - torch.Size([256, 256, 3, 3]): 
XavierInit: gain=1, distribution=uniform, bias=0 

neck.fpn_convs.3.conv.bias - torch.Size([256]): 
The value is the same before and after calling `init_weights` of FCOS  

neck.fpn_convs.4.conv.weight - torch.Size([256, 256, 3, 3]): 
XavierInit: gain=1, distribution=uniform, bias=0 

neck.fpn_convs.4.conv.bias - torch.Size([256]): 
The value is the same before and after calling `init_weights` of FCOS  

bbox_head.cls_convs.0.conv.weight - torch.Size([256, 256, 3, 3]): 
NormalInit: mean=0, std=0.01, bias=0 

bbox_head.cls_convs.0.gn.weight - torch.Size([256]): 
The value is the same before and after calling `init_weights` of FCOS  

bbox_head.cls_convs.0.gn.bias - torch.Size([256]): 
The value is the same before and after calling `init_weights` of FCOS  

bbox_head.cls_convs.1.conv.weight - torch.Size([256, 256, 3, 3]): 
NormalInit: mean=0, std=0.01, bias=0 

bbox_head.cls_convs.1.gn.weight - torch.Size([256]): 
The value is the same before and after calling `init_weights` of FCOS  

bbox_head.cls_convs.1.gn.bias - torch.Size([256]): 
The value is the same before and after calling `init_weights` of FCOS  

bbox_head.cls_convs.2.conv.weight - torch.Size([256, 256, 3, 3]): 
NormalInit: mean=0, std=0.01, bias=0 

bbox_head.cls_convs.2.gn.weight - torch.Size([256]): 
The value is the same before and after calling `init_weights` of FCOS  

bbox_head.cls_convs.2.gn.bias - torch.Size([256]): 
The value is the same before and after calling `init_weights` of FCOS  

bbox_head.cls_convs.3.conv.weight - torch.Size([256, 256, 3, 3]): 
NormalInit: mean=0, std=0.01, bias=0 

bbox_head.cls_convs.3.gn.weight - torch.Size([256]): 
The value is the same before and after calling `init_weights` of FCOS  

bbox_head.cls_convs.3.gn.bias - torch.Size([256]): 
The value is the same before and after calling `init_weights` of FCOS  

bbox_head.reg_convs.0.conv.weight - torch.Size([256, 256, 3, 3]): 
NormalInit: mean=0, std=0.01, bias=0 

bbox_head.reg_convs.0.gn.weight - torch.Size([256]): 
The value is the same before and after calling `init_weights` of FCOS  

bbox_head.reg_convs.0.gn.bias - torch.Size([256]): 
The value is the same before and after calling `init_weights` of FCOS  

bbox_head.reg_convs.1.conv.weight - torch.Size([256, 256, 3, 3]): 
NormalInit: mean=0, std=0.01, bias=0 

bbox_head.reg_convs.1.gn.weight - torch.Size([256]): 
The value is the same before and after calling `init_weights` of FCOS  

bbox_head.reg_convs.1.gn.bias - torch.Size([256]): 
The value is the same before and after calling `init_weights` of FCOS  

bbox_head.reg_convs.2.conv.weight - torch.Size([256, 256, 3, 3]): 
NormalInit: mean=0, std=0.01, bias=0 

bbox_head.reg_convs.2.gn.weight - torch.Size([256]): 
The value is the same before and after calling `init_weights` of FCOS  

bbox_head.reg_convs.2.gn.bias - torch.Size([256]): 
The value is the same before and after calling `init_weights` of FCOS  

bbox_head.reg_convs.3.conv.weight - torch.Size([256, 256, 3, 3]): 
NormalInit: mean=0, std=0.01, bias=0 

bbox_head.reg_convs.3.gn.weight - torch.Size([256]): 
The value is the same before and after calling `init_weights` of FCOS  

bbox_head.reg_convs.3.gn.bias - torch.Size([256]): 
The value is the same before and after calling `init_weights` of FCOS  

bbox_head.conv_cls.weight - torch.Size([8, 256, 3, 3]): 
NormalInit: mean=0, std=0.01, bias=-4.59511985013459 

bbox_head.conv_cls.bias - torch.Size([8]): 
NormalInit: mean=0, std=0.01, bias=-4.59511985013459 

bbox_head.conv_reg.weight - torch.Size([4, 256, 3, 3]): 
NormalInit: mean=0, std=0.01, bias=0 

bbox_head.conv_reg.bias - torch.Size([4]): 
NormalInit: mean=0, std=0.01, bias=0 

bbox_head.conv_centerness.weight - torch.Size([1, 256, 3, 3]): 
NormalInit: mean=0, std=0.01, bias=0 

bbox_head.conv_centerness.bias - torch.Size([1]): 
NormalInit: mean=0, std=0.01, bias=0 

bbox_head.scales.0.scale - torch.Size([]): 
The value is the same before and after calling `init_weights` of FCOS  

bbox_head.scales.1.scale - torch.Size([]): 
The value is the same before and after calling `init_weights` of FCOS  

bbox_head.scales.2.scale - torch.Size([]): 
The value is the same before and after calling `init_weights` of FCOS  

bbox_head.scales.3.scale - torch.Size([]): 
The value is the same before and after calling `init_weights` of FCOS  

bbox_head.scales.4.scale - torch.Size([]): 
The value is the same before and after calling `init_weights` of FCOS  
2026/08/21 16:09:46 - mmengine - WARNING - "FileClient" will be deprecated in future. Please use io functions in https://mmengine.readthedocs.io/en/latest/api/fileio.html#file-io
2026/08/21 16:09:46 - mmengine - WARNING - "HardDiskBackend" is the alias of "LocalBackend" and the former will be deprecated in future.
2026/08/21 16:09:46 - mmengine - INFO - Checkpoints will be saved to /root/tiny-object-research/outputs/PRT-001/B0/seed0.
2026/08/21 16:09:55 - mmengine - INFO - Epoch(train)  [1][  50/2804]  base_lr: 2.3226e-03 lr: 2.3226e-03  eta: 1:45:41  time: 0.1574  data_time: 0.0030  memory: 3698  grad_norm: 21.8414  loss: 2.6307  loss_cls: 1.2162  loss_bbox: 0.7537  loss_centerness: 0.6608
2026/08/21 16:10:03 - mmengine - INFO - Epoch(train)  [1][ 100/2804]  base_lr: 2.9920e-03 lr: 2.9920e-03  eta: 1:37:02  time: 0.1541  data_time: 0.0027  memory: 3927  grad_norm: 11.4526  loss: 2.3296  loss_cls: 0.9463  loss_bbox: 0.7193  loss_centerness: 0.6640
2026/08/21 16:10:11 - mmengine - INFO - Epoch(train)  [1][ 150/2804]  base_lr: 3.6613e-03 lr: 3.6613e-03  eta: 1:32:56  time: 0.1547  data_time: 0.0026  memory: 3758  grad_norm: 7.4982  loss: 2.3722  loss_cls: 0.9735  loss_bbox: 0.7399  loss_centerness: 0.6588
2026/08/21 16:10:19 - mmengine - INFO - Epoch(train)  [1][ 200/2804]  base_lr: 4.3307e-03 lr: 4.3307e-03  eta: 1:31:27  time: 0.1654  data_time: 0.0047  memory: 3743  grad_norm: 9.8388  loss: 2.5730  loss_cls: 1.1459  loss_bbox: 0.7642  loss_centerness: 0.6629
2026/08/21 16:10:27 - mmengine - INFO - Epoch(train)  [1][ 250/2804]  base_lr: 5.0000e-03 lr: 5.0000e-03  eta: 1:31:11  time: 0.1544  data_time: 0.0027  memory: 3952  grad_norm: 95.6981  loss: 3.4149  loss_cls: 1.9024  loss_bbox: 0.7630  loss_centerness: 0.7495
2026/08/21 16:10:34 - mmengine - INFO - Epoch(train)  [1][ 300/2804]  base_lr: 5.0000e-03 lr: 5.0000e-03  eta: 1:30:05  time: 0.1537  data_time: 0.0018  memory: 4256  grad_norm: 3.4385  loss: 2.7021  loss_cls: 1.3050  loss_bbox: 0.7177  loss_centerness: 0.6794
2026/08/21 16:10:42 - mmengine - INFO - Epoch(train)  [1][ 350/2804]  base_lr: 5.0000e-03 lr: 5.0000e-03  eta: 1:28:57  time: 0.1537  data_time: 0.0019  memory: 3852  grad_norm: 1.7031  loss: 2.4336  loss_cls: 1.0579  loss_bbox: 0.7134  loss_centerness: 0.6623
2026/08/21 16:10:50 - mmengine - INFO - Epoch(train)  [1][ 400/2804]  base_lr: 5.0000e-03 lr: 5.0000e-03  eta: 1:28:29  time: 0.1599  data_time: 0.0025  memory: 4008  grad_norm: 3.4604  loss: 2.3256  loss_cls: 0.9522  loss_bbox: 0.7093  loss_centerness: 0.6641
2026/08/21 16:10:57 - mmengine - INFO - Epoch(train)  [1][ 450/2804]  base_lr: 5.0000e-03 lr: 5.0000e-03  eta: 1:28:12  time: 0.1622  data_time: 0.0021  memory: 3863  grad_norm: 6.1614  loss: 2.3528  loss_cls: 0.9724  loss_bbox: 0.7202  loss_centerness: 0.6602
2026/08/21 16:11:05 - mmengine - INFO - Epoch(train)  [1][ 500/2804]  base_lr: 5.0000e-03 lr: 5.0000e-03  eta: 1:27:55  time: 0.1596  data_time: 0.0022  memory: 4257  grad_norm: 1.3693  loss: 2.2960  loss_cls: 0.8871  loss_bbox: 0.7528  loss_centerness: 0.6561
2026/08/21 16:11:13 - mmengine - INFO - Epoch(train)  [1][ 550/2804]  base_lr: 5.0000e-03 lr: 5.0000e-03  eta: 1:27:55  time: 0.1629  data_time: 0.0024  memory: 3852  grad_norm: 2.1707  loss: 2.2351  loss_cls: 0.8547  loss_bbox: 0.7161  loss_centerness: 0.6643
2026/08/21 16:11:21 - mmengine - INFO - Epoch(train)  [1][ 600/2804]  base_lr: 5.0000e-03 lr: 5.0000e-03  eta: 1:27:40  time: 0.1613  data_time: 0.0019  memory: 3706  grad_norm: 1.2685  loss: 2.2340  loss_cls: 0.8256  loss_bbox: 0.7457  loss_centerness: 0.6628
2026/08/21 16:11:29 - mmengine - INFO - Epoch(train)  [1][ 650/2804]  base_lr: 5.0000e-03 lr: 5.0000e-03  eta: 1:27:27  time: 0.1563  data_time: 0.0019  memory: 3808  grad_norm: 1.0290  loss: 2.1646  loss_cls: 0.8242  loss_bbox: 0.6796  loss_centerness: 0.6608
2026/08/21 16:11:37 - mmengine - INFO - Epoch(train)  [1][ 700/2804]  base_lr: 5.0000e-03 lr: 5.0000e-03  eta: 1:27:26  time: 0.1668  data_time: 0.0023  memory: 4239  grad_norm: 1.2288  loss: 2.1944  loss_cls: 0.8164  loss_bbox: 0.7191  loss_centerness: 0.6589
2026/08/21 16:11:45 - mmengine - INFO - Epoch(train)  [1][ 750/2804]  base_lr: 5.0000e-03 lr: 5.0000e-03  eta: 1:27:21  time: 0.1602  data_time: 0.0021  memory: 3923  grad_norm: 1.6261  loss: 2.1440  loss_cls: 0.7905  loss_bbox: 0.6928  loss_centerness: 0.6607
2026/08/21 16:11:53 - mmengine - INFO - Epoch(train)  [1][ 800/2804]  base_lr: 5.0000e-03 lr: 5.0000e-03  eta: 1:27:00  time: 0.1527  data_time: 0.0017  memory: 3740  grad_norm: 1.1657  loss: 2.1208  loss_cls: 0.7525  loss_bbox: 0.7097  loss_centerness: 0.6585
2026/08/21 16:12:01 - mmengine - INFO - Epoch(train)  [1][ 850/2804]  base_lr: 5.0000e-03 lr: 5.0000e-03  eta: 1:26:44  time: 0.1545  data_time: 0.0017  memory: 3745  grad_norm: 1.6133  loss: 2.2241  loss_cls: 0.8132  loss_bbox: 0.7554  loss_centerness: 0.6555
2026/08/21 16:12:08 - mmengine - INFO - Epoch(train)  [1][ 900/2804]  base_lr: 5.0000e-03 lr: 5.0000e-03  eta: 1:26:28  time: 0.1569  data_time: 0.0019  memory: 3944  grad_norm: 1.8953  loss: 2.2978  loss_cls: 0.9684  loss_bbox: 0.6657  loss_centerness: 0.6637
2026/08/21 16:12:16 - mmengine - INFO - Epoch(train)  [1][ 950/2804]  base_lr: 5.0000e-03 lr: 5.0000e-03  eta: 1:26:10  time: 0.1516  data_time: 0.0019  memory: 4244  grad_norm: 1.1056  loss: 2.1316  loss_cls: 0.7362  loss_bbox: 0.7405  loss_centerness: 0.6550
2026/08/21 16:12:24 - mmengine - INFO - Exp name: fcos_r50_fpn_p3p7_aitodv2_20260821_160932
2026/08/21 16:12:24 - mmengine - INFO - Epoch(train)  [1][1000/2804]  base_lr: 5.0000e-03 lr: 5.0000e-03  eta: 1:25:54  time: 0.1538  data_time: 0.0017  memory: 3864  grad_norm: 2.0652  loss: 2.2214  loss_cls: 0.8431  loss_bbox: 0.7172  loss_centerness: 0.6612
2026/08/21 16:12:31 - mmengine - INFO - Epoch(train)  [1][1050/2804]  base_lr: 5.0000e-03 lr: 5.0000e-03  eta: 1:25:32  time: 0.1502  data_time: 0.0017  memory: 3846  grad_norm: 0.9823  loss: 2.0843  loss_cls: 0.7557  loss_bbox: 0.6695  loss_centerness: 0.6591
2026/08/21 16:12:39 - mmengine - INFO - Epoch(train)  [1][1100/2804]  base_lr: 5.0000e-03 lr: 5.0000e-03  eta: 1:25:13  time: 0.1516  data_time: 0.0018  memory: 3890  grad_norm: 1.1983  loss: 2.1933  loss_cls: 0.8493  loss_bbox: 0.6896  loss_centerness: 0.6543
2026/08/21 16:12:46 - mmengine - INFO - Epoch(train)  [1][1150/2804]  base_lr: 5.0000e-03 lr: 5.0000e-03  eta: 1:24:58  time: 0.1555  data_time: 0.0023  memory: 3809  grad_norm: 1.2191  loss: 2.2130  loss_cls: 0.8458  loss_bbox: 0.7111  loss_centerness: 0.6561
2026/08/21 16:12:54 - mmengine - INFO - Epoch(train)  [1][1200/2804]  base_lr: 5.0000e-03 lr: 5.0000e-03  eta: 1:24:48  time: 0.1614  data_time: 0.0022  memory: 3852  grad_norm: 1.0754  loss: 2.0653  loss_cls: 0.7160  loss_bbox: 0.6903  loss_centerness: 0.6590
2026/08/21 16:13:02 - mmengine - INFO - Epoch(train)  [1][1250/2804]  base_lr: 5.0000e-03 lr: 5.0000e-03  eta: 1:24:39  time: 0.1530  data_time: 0.0018  memory: 3855  grad_norm: 1.2953  loss: 2.0942  loss_cls: 0.7493  loss_bbox: 0.6829  loss_centerness: 0.6620
2026/08/21 16:13:10 - mmengine - INFO - Epoch(train)  [1][1300/2804]  base_lr: 5.0000e-03 lr: 5.0000e-03  eta: 1:24:32  time: 0.1755  data_time: 0.0248  memory: 3973  grad_norm: 1.2803  loss: 2.0913  loss_cls: 0.7543  loss_bbox: 0.6758  loss_centerness: 0.6611
2026/08/21 16:13:17 - mmengine - INFO - Epoch(train)  [1][1350/2804]  base_lr: 5.0000e-03 lr: 5.0000e-03  eta: 1:24:19  time: 0.1509  data_time: 0.0019  memory: 4172  grad_norm: 1.6071  loss: 2.1412  loss_cls: 0.7938  loss_bbox: 0.6816  loss_centerness: 0.6658
2026/08/21 16:13:25 - mmengine - INFO - Epoch(train)  [1][1400/2804]  base_lr: 5.0000e-03 lr: 5.0000e-03  eta: 1:24:06  time: 0.1526  data_time: 0.0017  memory: 4429  grad_norm: 1.1481  loss: 2.3112  loss_cls: 0.9396  loss_bbox: 0.7149  loss_centerness: 0.6567
2026/08/21 16:13:33 - mmengine - INFO - Epoch(train)  [1][1450/2804]  base_lr: 5.0000e-03 lr: 5.0000e-03  eta: 1:23:58  time: 0.1624  data_time: 0.0022  memory: 3804  grad_norm: 1.3834  loss: 2.1499  loss_cls: 0.7881  loss_bbox: 0.7020  loss_centerness: 0.6598
2026/08/21 16:13:40 - mmengine - INFO - Epoch(train)  [1][1500/2804]  base_lr: 5.0000e-03 lr: 5.0000e-03  eta: 1:23:47  time: 0.1527  data_time: 0.0019  memory: 4241  grad_norm: 1.1767  loss: 2.1380  loss_cls: 0.7701  loss_bbox: 0.7120  loss_centerness: 0.6560
2026/08/21 16:13:48 - mmengine - INFO - Epoch(train)  [1][1550/2804]  base_lr: 5.0000e-03 lr: 5.0000e-03  eta: 1:23:37  time: 0.1580  data_time: 0.0020  memory: 4387  grad_norm: 1.5638  loss: 2.2347  loss_cls: 0.8768  loss_bbox: 0.7010  loss_centerness: 0.6570
2026/08/21 16:13:56 - mmengine - INFO - Epoch(train)  [1][1600/2804]  base_lr: 5.0000e-03 lr: 5.0000e-03  eta: 1:23:28  time: 0.1551  data_time: 0.0018  memory: 3872  grad_norm: 1.6808  loss: 2.2432  loss_cls: 0.9245  loss_bbox: 0.6576  loss_centerness: 0.6612
2026/08/21 16:14:03 - mmengine - INFO - Epoch(train)  [1][1650/2804]  base_lr: 5.0000e-03 lr: 5.0000e-03  eta: 1:23:17  time: 0.1530  data_time: 0.0016  memory: 4654  grad_norm: 1.6123  loss: 2.2555  loss_cls: 0.8862  loss_bbox: 0.7066  loss_centerness: 0.6627
2026/08/21 16:14:11 - mmengine - INFO - Epoch(train)  [1][1700/2804]  base_lr: 5.0000e-03 lr: 5.0000e-03  eta: 1:23:06  time: 0.1506  data_time: 0.0019  memory: 4466  grad_norm: 1.5323  loss: 2.1128  loss_cls: 0.7340  loss_bbox: 0.7183  loss_centerness: 0.6605
2026/08/21 16:14:19 - mmengine - INFO - Epoch(train)  [1][1750/2804]  base_lr: 5.0000e-03 lr: 5.0000e-03  eta: 1:22:54  time: 0.1541  data_time: 0.0017  memory: 3821  grad_norm: 1.5419  loss: 2.2890  loss_cls: 0.8792  loss_bbox: 0.7550  loss_centerness: 0.6548
2026/08/21 16:14:26 - mmengine - INFO - Epoch(train)  [1][1800/2804]  base_lr: 5.0000e-03 lr: 5.0000e-03  eta: 1:22:45  time: 0.1543  data_time: 0.0018  memory: 3770  grad_norm: 1.0510  loss: 2.1364  loss_cls: 0.7505  loss_bbox: 0.7240  loss_centerness: 0.6619
2026/08/21 16:14:34 - mmengine - INFO - Epoch(train)  [1][1850/2804]  base_lr: 5.0000e-03 lr: 5.0000e-03  eta: 1:22:29  time: 0.1417  data_time: 0.0016  memory: 3964  grad_norm: 1.0663  loss: 2.0578  loss_cls: 0.6906  loss_bbox: 0.7108  loss_centerness: 0.6564
2026/08/21 16:14:41 - mmengine - INFO - Epoch(train)  [1][1900/2804]  base_lr: 5.0000e-03 lr: 5.0000e-03  eta: 1:22:14  time: 0.1580  data_time: 0.0017  memory: 3687  grad_norm: 1.2180  loss: 2.0639  loss_cls: 0.6970  loss_bbox: 0.7185  loss_centerness: 0.6485
2026/08/21 16:14:49 - mmengine - INFO - Epoch(train)  [1][1950/2804]  base_lr: 5.0000e-03 lr: 5.0000e-03  eta: 1:22:04  time: 0.1531  data_time: 0.0020  memory: 3798  grad_norm: 1.2554  loss: 1.9716  loss_cls: 0.6220  loss_bbox: 0.6916  loss_centerness: 0.6580
2026/08/21 16:14:56 - mmengine - INFO - Exp name: fcos_r50_fpn_p3p7_aitodv2_20260821_160932
2026/08/21 16:14:56 - mmengine - INFO - Epoch(train)  [1][2000/2804]  base_lr: 5.0000e-03 lr: 5.0000e-03  eta: 1:21:56  time: 0.1533  data_time: 0.0018  memory: 3907  grad_norm: 1.1650  loss: 2.0781  loss_cls: 0.6930  loss_bbox: 0.7263  loss_centerness: 0.6588
2026/08/21 16:15:04 - mmengine - INFO - Epoch(train)  [1][2050/2804]  base_lr: 5.0000e-03 lr: 5.0000e-03  eta: 1:21:48  time: 0.1538  data_time: 0.0019  memory: 3796  grad_norm: 1.4215  loss: 2.0433  loss_cls: 0.6600  loss_bbox: 0.7235  loss_centerness: 0.6597
2026/08/21 16:15:12 - mmengine - INFO - Epoch(train)  [1][2100/2804]  base_lr: 5.0000e-03 lr: 5.0000e-03  eta: 1:21:40  time: 0.1533  data_time: 0.0015  memory: 3932  grad_norm: 1.3718  loss: 2.0383  loss_cls: 0.6758  loss_bbox: 0.7000  loss_centerness: 0.6624
2026/08/21 16:15:20 - mmengine - INFO - Epoch(train)  [1][2150/2804]  base_lr: 5.0000e-03 lr: 5.0000e-03  eta: 1:21:33  time: 0.1560  data_time: 0.0022  memory: 3731  grad_norm: 2.2760  loss: 2.0692  loss_cls: 0.7050  loss_bbox: 0.7134  loss_centerness: 0.6508
2026/08/21 16:15:27 - mmengine - INFO - Epoch(train)  [1][2200/2804]  base_lr: 5.0000e-03 lr: 5.0000e-03  eta: 1:21:24  time: 0.1535  data_time: 0.0016  memory: 4512  grad_norm: 2.1658  loss: 2.0119  loss_cls: 0.6806  loss_bbox: 0.6679  loss_centerness: 0.6633
2026/08/21 16:15:35 - mmengine - INFO - Epoch(train)  [1][2250/2804]  base_lr: 5.0000e-03 lr: 5.0000e-03  eta: 1:21:14  time: 0.1514  data_time: 0.0018  memory: 4025  grad_norm: 2.8108  loss: 2.0884  loss_cls: 0.7177  loss_bbox: 0.7151  loss_centerness: 0.6556
2026/08/21 16:15:43 - mmengine - INFO - Epoch(train)  [1][2300/2804]  base_lr: 5.0000e-03 lr: 5.0000e-03  eta: 1:21:05  time: 0.1517  data_time: 0.0017  memory: 3824  grad_norm: 11.1104  loss: 1.9820  loss_cls: 0.6486  loss_bbox: 0.6735  loss_centerness: 0.6599
2026/08/21 16:15:50 - mmengine - INFO - Epoch(train)  [1][2350/2804]  base_lr: 5.0000e-03 lr: 5.0000e-03  eta: 1:20:55  time: 0.1535  data_time: 0.0018  memory: 3711  grad_norm: 2.0120  loss: 2.1350  loss_cls: 0.7388  loss_bbox: 0.7439  loss_centerness: 0.6523
2026/08/21 16:15:58 - mmengine - INFO - Epoch(train)  [1][2400/2804]  base_lr: 5.0000e-03 lr: 5.0000e-03  eta: 1:20:49  time: 0.1524  data_time: 0.0018  memory: 3844  grad_norm: 1.3405  loss: 1.9403  loss_cls: 0.5661  loss_bbox: 0.7149  loss_centerness: 0.6593
2026/08/21 16:16:06 - mmengine - INFO - Epoch(train)  [1][2450/2804]  base_lr: 5.0000e-03 lr: 5.0000e-03  eta: 1:20:41  time: 0.1526  data_time: 0.0017  memory: 4408  grad_norm: 1.9035  loss: 2.0212  loss_cls: 0.6761  loss_bbox: 0.6776  loss_centerness: 0.6676
2026/08/21 16:16:14 - mmengine - INFO - Epoch(train)  [1][2500/2804]  base_lr: 5.0000e-03 lr: 5.0000e-03  eta: 1:20:33  time: 0.1551  data_time: 0.0019  memory: 3686  grad_norm: 3.0386  loss: 1.9741  loss_cls: 0.6561  loss_bbox: 0.6614  loss_centerness: 0.6566
2026/08/21 16:16:21 - mmengine - INFO - Epoch(train)  [1][2550/2804]  base_lr: 5.0000e-03 lr: 5.0000e-03  eta: 1:20:19  time: 0.1427  data_time: 0.0016  memory: 3887  grad_norm: 3.4447  loss: 1.9802  loss_cls: 0.6607  loss_bbox: 0.6601  loss_centerness: 0.6594
2026/08/21 16:16:28 - mmengine - INFO - Epoch(train)  [1][2600/2804]  base_lr: 5.0000e-03 lr: 5.0000e-03  eta: 1:20:08  time: 0.1535  data_time: 0.0017  memory: 3733  grad_norm: 2.4636  loss: 1.9456  loss_cls: 0.6090  loss_bbox: 0.6740  loss_centerness: 0.6626
2026/08/21 16:16:36 - mmengine - INFO - Epoch(train)  [1][2650/2804]  base_lr: 5.0000e-03 lr: 5.0000e-03  eta: 1:19:59  time: 0.1511  data_time: 0.0020  memory: 3924  grad_norm: 2.9224  loss: 2.0823  loss_cls: 0.7276  loss_bbox: 0.6898  loss_centerness: 0.6648
2026/08/21 16:16:44 - mmengine - INFO - Epoch(train)  [1][2700/2804]  base_lr: 5.0000e-03 lr: 5.0000e-03  eta: 1:19:50  time: 0.1544  data_time: 0.0018  memory: 3964  grad_norm: 2.2579  loss: 1.9586  loss_cls: 0.6162  loss_bbox: 0.6733  loss_centerness: 0.6691
2026/08/21 16:16:51 - mmengine - INFO - Epoch(train)  [1][2750/2804]  base_lr: 5.0000e-03 lr: 5.0000e-03  eta: 1:19:41  time: 0.1533  data_time: 0.0017  memory: 3725  grad_norm: 3.0513  loss: 1.9798  loss_cls: 0.6235  loss_bbox: 0.7004  loss_centerness: 0.6559
2026/08/21 16:16:59 - mmengine - INFO - Epoch(train)  [1][2800/2804]  base_lr: 5.0000e-03 lr: 5.0000e-03  eta: 1:19:30  time: 0.1462  data_time: 0.0010  memory: 3720  grad_norm: 1.2590  loss: 1.8116  loss_cls: 0.4872  loss_bbox: 0.6650  loss_centerness: 0.6594
2026/08/21 16:17:00 - mmengine - INFO - Exp name: fcos_r50_fpn_p3p7_aitodv2_20260821_160932
2026/08/21 16:17:00 - mmengine - INFO - Saving checkpoint at 1 epochs
2026/08/21 16:17:09 - mmengine - INFO - Epoch(train)  [2][  50/2804]  base_lr: 5.0000e-03 lr: 5.0000e-03  eta: 1:19:24  time: 0.1439  data_time: 0.0015  memory: 4429  grad_norm: 2.4631  loss: 2.0406  loss_cls: 0.6808  loss_bbox: 0.6938  loss_centerness: 0.6659
2026/08/21 16:17:16 - mmengine - INFO - Epoch(train)  [2][ 100/2804]  base_lr: 5.0000e-03 lr: 5.0000e-03  eta: 1:19:12  time: 0.1498  data_time: 0.0016  memory: 3862  grad_norm: 2.0580  loss: 1.8372  loss_cls: 0.5115  loss_bbox: 0.6626  loss_centerness: 0.6631
2026/08/21 16:17:24 - mmengine - INFO - Epoch(train)  [2][ 150/2804]  base_lr: 5.0000e-03 lr: 5.0000e-03  eta: 1:19:03  time: 0.1519  data_time: 0.0020  memory: 3742  grad_norm: 2.4262  loss: 1.9207  loss_cls: 0.6003  loss_bbox: 0.6499  loss_centerness: 0.6705
2026/08/21 16:17:31 - mmengine - INFO - Exp name: fcos_r50_fpn_p3p7_aitodv2_20260821_160932
2026/08/21 16:17:31 - mmengine - INFO - Epoch(train)  [2][ 200/2804]  base_lr: 5.0000e-03 lr: 5.0000e-03  eta: 1:18:57  time: 0.1515  data_time: 0.0019  memory: 4172  grad_norm: 2.2262  loss: 1.9487  loss_cls: 0.6325  loss_bbox: 0.6502  loss_centerness: 0.6659
2026/08/21 16:17:39 - mmengine - INFO - Epoch(train)  [2][ 250/2804]  base_lr: 5.0000e-03 lr: 5.0000e-03  eta: 1:18:51  time: 0.1508  data_time: 0.0017  memory: 3749  grad_norm: 2.1195  loss: 1.8690  loss_cls: 0.5616  loss_bbox: 0.6396  loss_centerness: 0.6679
2026/08/21 16:17:47 - mmengine - INFO - Epoch(train)  [2][ 300/2804]  base_lr: 5.0000e-03 lr: 5.0000e-03  eta: 1:18:47  time: 0.1783  data_time: 0.0023  memory: 4025  grad_norm: 1.9038  loss: 1.9342  loss_cls: 0.5671  loss_bbox: 0.7101  loss_centerness: 0.6569
2026/08/21 16:17:55 - mmengine - INFO - Epoch(train)  [2][ 350/2804]  base_lr: 5.0000e-03 lr: 5.0000e-03  eta: 1:18:41  time: 0.1565  data_time: 0.0018  memory: 4241  grad_norm: 2.9545  loss: 1.9874  loss_cls: 0.6459  loss_bbox: 0.6804  loss_centerness: 0.6611
2026/08/21 16:18:03 - mmengine - INFO - Epoch(train)  [2][ 400/2804]  base_lr: 5.0000e-03 lr: 5.0000e-03  eta: 1:18:36  time: 0.1778  data_time: 0.0025  memory: 3944  grad_norm: 1.8259  loss: 1.8854  loss_cls: 0.5850  loss_bbox: 0.6425  loss_centerness: 0.6578
2026/08/21 16:18:11 - mmengine - INFO - Epoch(train)  [2][ 450/2804]  base_lr: 5.0000e-03 lr: 5.0000e-03  eta: 1:18:30  time: 0.1559  data_time: 0.0021  memory: 4512  grad_norm: 2.6496  loss: 2.0532  loss_cls: 0.7071  loss_bbox: 0.6820  loss_centerness: 0.6641
2026/08/21 16:18:19 - mmengine - INFO - Epoch(train)  [2][ 500/2804]  base_lr: 5.0000e-03 lr: 5.0000e-03  eta: 1:18:22  time: 0.1550  data_time: 0.0020  memory: 4112  grad_norm: 1.6448  loss: 1.8073  loss_cls: 0.5153  loss_bbox: 0.6311  loss_centerness: 0.6609
2026/08/21 16:18:27 - mmengine - INFO - Epoch(train)  [2][ 550/2804]  base_lr: 5.0000e-03 lr: 5.0000e-03  eta: 1:18:15  time: 0.1578  data_time: 0.0019  memory: 3825  grad_norm: 2.2027  loss: 1.8319  loss_cls: 0.5670  loss_bbox: 0.6072  loss_centerness: 0.6577
2026/08/21 16:18:35 - mmengine - INFO - Epoch(train)  [2][ 600/2804]  base_lr: 5.0000e-03 lr: 5.0000e-03  eta: 1:18:08  time: 0.1529  data_time: 0.0019  memory: 3907  grad_norm: 2.1070  loss: 1.7706  loss_cls: 0.4543  loss_bbox: 0.6578  loss_centerness: 0.6585
2026/08/21 16:18:42 - mmengine - INFO - Epoch(train)  [2][ 650/2804]  base_lr: 5.0000e-03 lr: 5.0000e-03  eta: 1:17:59  time: 0.1536  data_time: 0.0020  memory: 3800  grad_norm: 2.0441  loss: 1.9393  loss_cls: 0.6316  loss_bbox: 0.6550  loss_centerness: 0.6528
2026/08/21 16:18:50 - mmengine - INFO - Epoch(train)  [2][ 700/2804]  base_lr: 5.0000e-03 lr: 5.0000e-03  eta: 1:17:51  time: 0.1547  data_time: 0.0019  memory: 4257  grad_norm: 1.8510  loss: 1.9158  loss_cls: 0.5977  loss_bbox: 0.6635  loss_centerness: 0.6546
2026/08/21 16:18:58 - mmengine - INFO - Epoch(train)  [2][ 750/2804]  base_lr: 5.0000e-03 lr: 5.0000e-03  eta: 1:17:43  time: 0.1534  data_time: 0.0019  memory: 4653  grad_norm: 2.1350  loss: 1.8049  loss_cls: 0.5222  loss_bbox: 0.6303  loss_centerness: 0.6524
2026/08/21 16:19:06 - mmengine - INFO - Epoch(train)  [2][ 800/2804]  base_lr: 5.0000e-03 lr: 5.0000e-03  eta: 1:17:36  time: 0.1535  data_time: 0.0018  memory: 3747  grad_norm: 3.4300  loss: 1.9248  loss_cls: 0.6538  loss_bbox: 0.6127  loss_centerness: 0.6583
2026/08/21 16:19:13 - mmengine - INFO - Epoch(train)  [2][ 850/2804]  base_lr: 5.0000e-03 lr: 5.0000e-03  eta: 1:17:28  time: 0.1535  data_time: 0.0017  memory: 4007  grad_norm: 3.0590  loss: 1.9235  loss_cls: 0.6094  loss_bbox: 0.6419  loss_centerness: 0.6722
2026/08/21 16:19:21 - mmengine - INFO - Epoch(train)  [2][ 900/2804]  base_lr: 5.0000e-03 lr: 5.0000e-03  eta: 1:17:20  time: 0.1526  data_time: 0.0020  memory: 3964  grad_norm: 3.7354  loss: 1.9770  loss_cls: 0.6718  loss_bbox: 0.6492  loss_centerness: 0.6559
2026/08/21 16:19:29 - mmengine - INFO - Epoch(train)  [2][ 950/2804]  base_lr: 5.0000e-03 lr: 5.0000e-03  eta: 1:17:11  time: 0.1530  data_time: 0.0018  memory: 3927  grad_norm: 2.7711  loss: 1.9958  loss_cls: 0.6838  loss_bbox: 0.6578  loss_centerness: 0.6542
2026/08/21 16:19:37 - mmengine - INFO - Epoch(train)  [2][1000/2804]  base_lr: 5.0000e-03 lr: 5.0000e-03  eta: 1:17:05  time: 0.1590  data_time: 0.0016  memory: 3740  grad_norm: 2.4079  loss: 2.2573  loss_cls: 0.9386  loss_bbox: 0.6596  loss_centerness: 0.6590
2026/08/21 16:19:44 - mmengine - INFO - Epoch(train)  [2][1050/2804]  base_lr: 5.0000e-03 lr: 5.0000e-03  eta: 1:16:58  time: 0.1544  data_time: 0.0017  memory: 3944  grad_norm: 1.7658  loss: 1.9795  loss_cls: 0.6859  loss_bbox: 0.6336  loss_centerness: 0.6600
2026/08/21 16:19:52 - mmengine - INFO - Epoch(train)  [2][1100/2804]  base_lr: 5.0000e-03 lr: 5.0000e-03  eta: 1:16:52  time: 0.1548  data_time: 0.0019  memory: 4467  grad_norm: 3.4523  loss: 2.0212  loss_cls: 0.7287  loss_bbox: 0.6228  loss_centerness: 0.6696
2026/08/21 16:20:00 - mmengine - INFO - Epoch(train)  [2][1150/2804]  base_lr: 5.0000e-03 lr: 5.0000e-03  eta: 1:16:44  time: 0.1599  data_time: 0.0021  memory: 3754  grad_norm: 3.9365  loss: 2.0000  loss_cls: 0.6880  loss_bbox: 0.6534  loss_centerness: 0.6585
2026/08/21 16:20:07 - mmengine - INFO - Exp name: fcos_r50_fpn_p3p7_aitodv2_20260821_160932
2026/08/21 16:20:08 - mmengine - INFO - Epoch(train)  [2][1200/2804]  base_lr: 5.0000e-03 lr: 5.0000e-03  eta: 1:16:36  time: 0.1512  data_time: 0.0019  memory: 3751  grad_norm: 2.3188  loss: 1.9944  loss_cls: 0.6598  loss_bbox: 0.6841  loss_centerness: 0.6504
2026/08/21 16:20:15 - mmengine - INFO - Epoch(train)  [2][1250/2804]  base_lr: 5.0000e-03 lr: 5.0000e-03  eta: 1:16:27  time: 0.1549  data_time: 0.0016  memory: 4244  grad_norm: 2.3670  loss: 1.9395  loss_cls: 0.6382  loss_bbox: 0.6384  loss_centerness: 0.6630
2026/08/21 16:20:23 - mmengine - INFO - Epoch(train)  [2][1300/2804]  base_lr: 5.0000e-03 lr: 5.0000e-03  eta: 1:16:20  time: 0.1531  data_time: 0.0020  memory: 3684  grad_norm: 2.5706  loss: 2.0307  loss_cls: 0.7320  loss_bbox: 0.6421  loss_centerness: 0.6565
2026/08/21 16:20:31 - mmengine - INFO - Epoch(train)  [2][1350/2804]  base_lr: 5.0000e-03 lr: 5.0000e-03  eta: 1:16:13  time: 0.1512  data_time: 0.0016  memory: 3803  grad_norm: 1.8381  loss: 1.8460  loss_cls: 0.5937  loss_bbox: 0.5875  loss_centerness: 0.6648
2026/08/21 16:20:39 - mmengine - INFO - Epoch(train)  [2][1400/2804]  base_lr: 5.0000e-03 lr: 5.0000e-03  eta: 1:16:04  time: 0.1494  data_time: 0.0017  memory: 4407  grad_norm: 3.9153  loss: 1.9532  loss_cls: 0.6994  loss_bbox: 0.5891  loss_centerness: 0.6646
2026/08/21 16:20:46 - mmengine - INFO - Epoch(train)  [2][1450/2804]  base_lr: 5.0000e-03 lr: 5.0000e-03  eta: 1:15:56  time: 0.1534  data_time: 0.0021  memory: 3974  grad_norm: 2.8228  loss: 2.0491  loss_cls: 0.7315  loss_bbox: 0.6562  loss_centerness: 0.6613
2026/08/21 16:20:54 - mmengine - INFO - Epoch(train)  [2][1500/2804]  base_lr: 5.0000e-03 lr: 5.0000e-03  eta: 1:15:47  time: 0.1568  data_time: 0.0018  memory: 3792  grad_norm: 1.5443  loss: 1.8539  loss_cls: 0.5283  loss_bbox: 0.6669  loss_centerness: 0.6588
2026/08/21 16:21:02 - mmengine - INFO - Epoch(train)  [2][1550/2804]  base_lr: 5.0000e-03 lr: 5.0000e-03  eta: 1:15:38  time: 0.1388  data_time: 0.0016  memory: 3766  grad_norm: 1.9455  loss: 1.8019  loss_cls: 0.4992  loss_bbox: 0.6460  loss_centerness: 0.6567
2026/08/21 16:21:09 - mmengine - INFO - Epoch(train)  [2][1600/2804]  base_lr: 5.0000e-03 lr: 5.0000e-03  eta: 1:15:26  time: 0.1400  data_time: 0.0016  memory: 3717  grad_norm: 2.2301  loss: 1.8672  loss_cls: 0.5516  loss_bbox: 0.6582  loss_centerness: 0.6573
2026/08/21 16:21:16 - mmengine - INFO - Epoch(train)  [2][1650/2804]  base_lr: 5.0000e-03 lr: 5.0000e-03  eta: 1:15:13  time: 0.1370  data_time: 0.0018  memory: 3815  grad_norm: 2.2313  loss: 1.9640  loss_cls: 0.6351  loss_bbox: 0.6790  loss_centerness: 0.6499
2026/08/21 16:21:23 - mmengine - INFO - Epoch(train)  [2][1700/2804]  base_lr: 5.0000e-03 lr: 5.0000e-03  eta: 1:15:05  time: 0.1545  data_time: 0.0017  memory: 3804  grad_norm: 2.2023  loss: 1.8887  loss_cls: 0.5910  loss_bbox: 0.6446  loss_centerness: 0.6531
2026/08/21 16:21:31 - mmengine - INFO - Epoch(train)  [2][1750/2804]  base_lr: 5.0000e-03 lr: 5.0000e-03  eta: 1:14:56  time: 0.1398  data_time: 0.0016  memory: 3814  grad_norm: 4.4138  loss: 1.9997  loss_cls: 0.6931  loss_bbox: 0.6528  loss_centerness: 0.6538
2026/08/21 16:21:38 - mmengine - INFO - Epoch(train)  [2][1800/2804]  base_lr: 5.0000e-03 lr: 5.0000e-03  eta: 1:14:44  time: 0.1446  data_time: 0.0020  memory: 3832  grad_norm: 1.7568  loss: 1.7767  loss_cls: 0.4896  loss_bbox: 0.6315  loss_centerness: 0.6556
2026/08/21 16:21:45 - mmengine - INFO - Epoch(train)  [2][1850/2804]  base_lr: 5.0000e-03 lr: 5.0000e-03  eta: 1:14:34  time: 0.1525  data_time: 0.0016  memory: 3946  grad_norm: 2.5946  loss: 1.8277  loss_cls: 0.5923  loss_bbox: 0.5789  loss_centerness: 0.6566
2026/08/21 16:21:53 - mmengine - INFO - Epoch(train)  [2][1900/2804]  base_lr: 5.0000e-03 lr: 5.0000e-03  eta: 1:14:26  time: 0.1503  data_time: 0.0017  memory: 3864  grad_norm: 2.5456  loss: 1.9877  loss_cls: 0.6278  loss_bbox: 0.7016  loss_centerness: 0.6584
2026/08/21 16:22:00 - mmengine - INFO - Epoch(train)  [2][1950/2804]  base_lr: 5.0000e-03 lr: 5.0000e-03  eta: 1:14:17  time: 0.1538  data_time: 0.0018  memory: 3707  grad_norm: 2.7564  loss: 1.8665  loss_cls: 0.6032  loss_bbox: 0.6076  loss_centerness: 0.6557
2026/08/21 16:22:08 - mmengine - INFO - Epoch(train)  [2][2000/2804]  base_lr: 5.0000e-03 lr: 5.0000e-03  eta: 1:14:09  time: 0.1548  data_time: 0.0019  memory: 3821  grad_norm: 1.9114  loss: 1.8606  loss_cls: 0.5323  loss_bbox: 0.6693  loss_centerness: 0.6589
2026/08/21 16:22:16 - mmengine - INFO - Epoch(train)  [2][2050/2804]  base_lr: 5.0000e-03 lr: 5.0000e-03  eta: 1:14:01  time: 0.1533  data_time: 0.0019  memory: 3829  grad_norm: 1.9704  loss: 1.7583  loss_cls: 0.4853  loss_bbox: 0.6130  loss_centerness: 0.6600
2026/08/21 16:22:23 - mmengine - INFO - Epoch(train)  [2][2100/2804]  base_lr: 5.0000e-03 lr: 5.0000e-03  eta: 1:13:51  time: 0.1531  data_time: 0.0018  memory: 3854  grad_norm: 2.3414  loss: 1.8347  loss_cls: 0.5364  loss_bbox: 0.6409  loss_centerness: 0.6573
2026/08/21 16:22:31 - mmengine - INFO - Epoch(train)  [2][2150/2804]  base_lr: 5.0000e-03 lr: 5.0000e-03  eta: 1:13:44  time: 0.1538  data_time: 0.0021  memory: 3852  grad_norm: 2.2253  loss: 1.7650  loss_cls: 0.4920  loss_bbox: 0.6151  loss_centerness: 0.6578
2026/08/21 16:22:38 - mmengine - INFO - Exp name: fcos_r50_fpn_p3p7_aitodv2_20260821_160932
2026/08/21 16:22:38 - mmengine - INFO - Epoch(train)  [2][2200/2804]  base_lr: 5.0000e-03 lr: 5.0000e-03  eta: 1:13:33  time: 0.1432  data_time: 0.0016  memory: 4239  grad_norm: 2.1441  loss: 1.8242  loss_cls: 0.5521  loss_bbox: 0.6186  loss_centerness: 0.6536
2026/08/21 16:22:46 - mmengine - INFO - Epoch(train)  [2][2250/2804]  base_lr: 5.0000e-03 lr: 5.0000e-03  eta: 1:13:24  time: 0.1554  data_time: 0.0017  memory: 3728  grad_norm: 2.3274  loss: 1.9631  loss_cls: 0.6635  loss_bbox: 0.6506  loss_centerness: 0.6489
2026/08/21 16:22:53 - mmengine - INFO - Epoch(train)  [2][2300/2804]  base_lr: 5.0000e-03 lr: 5.0000e-03  eta: 1:13:16  time: 0.1503  data_time: 0.0018  memory: 3953  grad_norm: 2.6210  loss: 1.8227  loss_cls: 0.5900  loss_bbox: 0.5670  loss_centerness: 0.6657
2026/08/21 16:23:01 - mmengine - INFO - Epoch(train)  [2][2350/2804]  base_lr: 5.0000e-03 lr: 5.0000e-03  eta: 1:13:07  time: 0.1379  data_time: 0.0016  memory: 3736  grad_norm: 2.4833  loss: 1.8547  loss_cls: 0.5248  loss_bbox: 0.6788  loss_centerness: 0.6511
2026/08/21 16:23:08 - mmengine - INFO - Epoch(train)  [2][2400/2804]  base_lr: 5.0000e-03 lr: 5.0000e-03  eta: 1:12:55  time: 0.1443  data_time: 0.0018  memory: 3866  grad_norm: 2.1810  loss: 1.8328  loss_cls: 0.5196  loss_bbox: 0.6579  loss_centerness: 0.6553
2026/08/21 16:23:16 - mmengine - INFO - Epoch(train)  [2][2450/2804]  base_lr: 5.0000e-03 lr: 5.0000e-03  eta: 1:12:48  time: 0.1552  data_time: 0.0017  memory: 3783  grad_norm: 5.0627  loss: 2.0301  loss_cls: 0.7785  loss_bbox: 0.5959  loss_centerness: 0.6557
2026/08/21 16:23:23 - mmengine - INFO - Epoch(train)  [2][2500/2804]  base_lr: 5.0000e-03 lr: 5.0000e-03  eta: 1:12:42  time: 0.1541  data_time: 0.0018  memory: 3753  grad_norm: 1.8645  loss: 1.8009  loss_cls: 0.5147  loss_bbox: 0.6250  loss_centerness: 0.6613
2026/08/21 16:23:31 - mmengine - INFO - Epoch(train)  [2][2550/2804]  base_lr: 5.0000e-03 lr: 5.0000e-03  eta: 1:12:32  time: 0.1391  data_time: 0.0018  memory: 4097  grad_norm: 2.6616  loss: 1.9216  loss_cls: 0.6344  loss_bbox: 0.6305  loss_centerness: 0.6567
2026/08/21 16:23:38 - mmengine - INFO - Epoch(train)  [2][2600/2804]  base_lr: 5.0000e-03 lr: 5.0000e-03  eta: 1:12:22  time: 0.1403  data_time: 0.0018  memory: 3761  grad_norm: 2.1824  loss: 1.8504  loss_cls: 0.5714  loss_bbox: 0.6224  loss_centerness: 0.6567
2026/08/21 16:23:45 - mmengine - INFO - Epoch(train)  [2][2650/2804]  base_lr: 5.0000e-03 lr: 5.0000e-03  eta: 1:12:10  time: 0.1379  data_time: 0.0017  memory: 4256  grad_norm: 2.1599  loss: 1.6996  loss_cls: 0.4415  loss_bbox: 0.6003  loss_centerness: 0.6579
2026/08/21 16:23:53 - mmengine - INFO - Epoch(train)  [2][2700/2804]  base_lr: 5.0000e-03 lr: 5.0000e-03  eta: 1:12:03  time: 0.1605  data_time: 0.0018  memory: 3798  grad_norm: 3.1550  loss: 1.8491  loss_cls: 0.5763  loss_bbox: 0.6157  loss_centerness: 0.6572
2026/08/21 16:24:00 - mmengine - INFO - Epoch(train)  [2][2750/2804]  base_lr: 5.0000e-03 lr: 5.0000e-03  eta: 1:11:56  time: 0.1549  data_time: 0.0016  memory: 3804  grad_norm: 1.7463  loss: 1.7981  loss_cls: 0.5263  loss_bbox: 0.6092  loss_centerness: 0.6626
2026/08/21 16:24:08 - mmengine - INFO - Epoch(train)  [2][2800/2804]  base_lr: 5.0000e-03 lr: 5.0000e-03  eta: 1:11:49  time: 0.1470  data_time: 0.0012  memory: 3965  grad_norm: 2.2810  loss: 1.8067  loss_cls: 0.5731  loss_bbox: 0.5812  loss_centerness: 0.6524
2026/08/21 16:24:09 - mmengine - INFO - Exp name: fcos_r50_fpn_p3p7_aitodv2_20260821_160932
2026/08/21 16:24:09 - mmengine - INFO - Saving checkpoint at 2 epochs
2026/08/21 16:24:18 - mmengine - INFO - Epoch(train)  [3][  50/2804]  base_lr: 5.0000e-03 lr: 5.0000e-03  eta: 1:11:41  time: 0.1576  data_time: 0.0020  memory: 3927  grad_norm: 1.9050  loss: 1.7021  loss_cls: 0.4176  loss_bbox: 0.6243  loss_centerness: 0.6601
2026/08/21 16:24:26 - mmengine - INFO - Epoch(train)  [3][ 100/2804]  base_lr: 5.0000e-03 lr: 5.0000e-03  eta: 1:11:34  time: 0.1552  data_time: 0.0018  memory: 3821  grad_norm: 1.9887  loss: 1.6604  loss_cls: 0.4015  loss_bbox: 0.6070  loss_centerness: 0.6519
2026/08/21 16:24:34 - mmengine - INFO - Epoch(train)  [3][ 150/2804]  base_lr: 5.0000e-03 lr: 5.0000e-03  eta: 1:11:26  time: 0.1529  data_time: 0.0019  memory: 3872  grad_norm: 1.9853  loss: 1.7342  loss_cls: 0.4952  loss_bbox: 0.5913  loss_centerness: 0.6478
2026/08/21 16:24:41 - mmengine - INFO - Epoch(train)  [3][ 200/2804]  base_lr: 5.0000e-03 lr: 5.0000e-03  eta: 1:11:19  time: 0.1543  data_time: 0.0020  memory: 4511  grad_norm: 1.8967  loss: 1.6982  loss_cls: 0.4615  loss_bbox: 0.5764  loss_centerness: 0.6604
2026/08/21 16:24:49 - mmengine - INFO - Epoch(train)  [3][ 250/2804]  base_lr: 5.0000e-03 lr: 5.0000e-03  eta: 1:11:12  time: 0.1539  data_time: 0.0019  memory: 3953  grad_norm: 1.8264  loss: 1.6855  loss_cls: 0.4564  loss_bbox: 0.5768  loss_centerness: 0.6523
2026/08/21 16:24:57 - mmengine - INFO - Epoch(train)  [3][ 300/2804]  base_lr: 5.0000e-03 lr: 5.0000e-03  eta: 1:11:07  time: 0.1582  data_time: 0.0018  memory: 3792  grad_norm: 3.1671  loss: 1.7736  loss_cls: 0.5467  loss_bbox: 0.5727  loss_centerness: 0.6543
2026/08/21 16:25:05 - mmengine - INFO - Epoch(train)  [3][ 350/2804]  base_lr: 5.0000e-03 lr: 5.0000e-03  eta: 1:10:58  time: 0.1527  data_time: 0.0017  memory: 3762  grad_norm: 2.1388  loss: 1.7352  loss_cls: 0.5042  loss_bbox: 0.5749  loss_centerness: 0.6561
2026/08/21 16:25:11 - mmengine - INFO - Exp name: fcos_r50_fpn_p3p7_aitodv2_20260821_160932
2026/08/21 16:25:12 - mmengine - INFO - Epoch(train)  [3][ 400/2804]  base_lr: 5.0000e-03 lr: 5.0000e-03  eta: 1:10:50  time: 0.1563  data_time: 0.0018  memory: 3832  grad_norm: 1.9025  loss: 1.7682  loss_cls: 0.4945  loss_bbox: 0.6189  loss_centerness: 0.6548
2026/08/21 16:25:20 - mmengine - INFO - Epoch(train)  [3][ 450/2804]  base_lr: 5.0000e-03 lr: 5.0000e-03  eta: 1:10:43  time: 0.1538  data_time: 0.0018  memory: 4097  grad_norm: 1.8500  loss: 1.8735  loss_cls: 0.5862  loss_bbox: 0.6417  loss_centerness: 0.6457
2026/08/21 16:25:28 - mmengine - INFO - Epoch(train)  [3][ 500/2804]  base_lr: 5.0000e-03 lr: 5.0000e-03  eta: 1:10:35  time: 0.1544  data_time: 0.0020  memory: 3889  grad_norm: 2.2647  loss: 1.7898  loss_cls: 0.5366  loss_bbox: 0.5980  loss_centerness: 0.6553
2026/08/21 16:25:36 - mmengine - INFO - Epoch(train)  [3][ 550/2804]  base_lr: 5.0000e-03 lr: 5.0000e-03  eta: 1:10:29  time: 0.1581  data_time: 0.0019  memory: 4467  grad_norm: 2.0004  loss: 1.7617  loss_cls: 0.4741  loss_bbox: 0.6266  loss_centerness: 0.6610
2026/08/21 16:25:44 - mmengine - INFO - Epoch(train)  [3][ 600/2804]  base_lr: 5.0000e-03 lr: 5.0000e-03  eta: 1:10:22  time: 0.1592  data_time: 0.0018  memory: 3756  grad_norm: 1.9834  loss: 1.6437  loss_cls: 0.4225  loss_bbox: 0.5680  loss_centerness: 0.6533
2026/08/21 16:25:52 - mmengine - INFO - Epoch(train)  [3][ 650/2804]  base_lr: 5.0000e-03 lr: 5.0000e-03  eta: 1:10:15  time: 0.1560  data_time: 0.0018  memory: 3722  grad_norm: 2.3818  loss: 1.9155  loss_cls: 0.6020  loss_bbox: 0.6579  loss_centerness: 0.6556
2026/08/21 16:25:59 - mmengine - INFO - Epoch(train)  [3][ 700/2804]  base_lr: 5.0000e-03 lr: 5.0000e-03  eta: 1:10:08  time: 0.1595  data_time: 0.0022  memory: 3973  grad_norm: 1.9710  loss: 1.9078  loss_cls: 0.6222  loss_bbox: 0.6257  loss_centerness: 0.6598
2026/08/21 16:26:07 - mmengine - INFO - Epoch(train)  [3][ 750/2804]  base_lr: 5.0000e-03 lr: 5.0000e-03  eta: 1:10:01  time: 0.1590  data_time: 0.0024  memory: 4387  grad_norm: 2.2706  loss: 1.8686  loss_cls: 0.5659  loss_bbox: 0.6454  loss_centerness: 0.6573
2026/08/21 16:26:15 - mmengine - INFO - Epoch(train)  [3][ 800/2804]  base_lr: 5.0000e-03 lr: 5.0000e-03  eta: 1:09:54  time: 0.1573  data_time: 0.0019  memory: 3869  grad_norm: 2.3376  loss: 1.7128  loss_cls: 0.5044  loss_bbox: 0.5530  loss_centerness: 0.6554
2026/08/21 16:26:23 - mmengine - INFO - Epoch(train)  [3][ 850/2804]  base_lr: 5.0000e-03 lr: 5.0000e-03  eta: 1:09:47  time: 0.1500  data_time: 0.0026  memory: 3740  grad_norm: 1.8611  loss: 1.6970  loss_cls: 0.4662  loss_bbox: 0.5813  loss_centerness: 0.6494
2026/08/21 16:26:31 - mmengine - INFO - Epoch(train)  [3][ 900/2804]  base_lr: 5.0000e-03 lr: 5.0000e-03  eta: 1:09:39  time: 0.1523  data_time: 0.0017  memory: 4239  grad_norm: 2.8546  loss: 1.7624  loss_cls: 0.5373  loss_bbox: 0.5777  loss_centerness: 0.6474
2026/08/21 16:26:38 - mmengine - INFO - Epoch(train)  [3][ 950/2804]  base_lr: 5.0000e-03 lr: 5.0000e-03  eta: 1:09:31  time: 0.1526  data_time: 0.0018  memory: 3734  grad_norm: 2.1077  loss: 1.8056  loss_cls: 0.5608  loss_bbox: 0.6004  loss_centerness: 0.6444
2026/08/21 16:26:46 - mmengine - INFO - Epoch(train)  [3][1000/2804]  base_lr: 5.0000e-03 lr: 5.0000e-03  eta: 1:09:24  time: 0.1544  data_time: 0.0018  memory: 3727  grad_norm: 3.0864  loss: 1.8939  loss_cls: 0.6126  loss_bbox: 0.6307  loss_centerness: 0.6506
2026/08/21 16:26:54 - mmengine - INFO - Epoch(train)  [3][1050/2804]  base_lr: 5.0000e-03 lr: 5.0000e-03  eta: 1:09:16  time: 0.1541  data_time: 0.0018  memory: 3964  grad_norm: 1.8574  loss: 1.6959  loss_cls: 0.4373  loss_bbox: 0.6072  loss_centerness: 0.6514
2026/08/21 16:27:02 - mmengine - INFO - Epoch(train)  [3][1100/2804]  base_lr: 5.0000e-03 lr: 5.0000e-03  eta: 1:09:08  time: 0.1519  data_time: 0.0019  memory: 3739  grad_norm: 1.9327  loss: 1.7348  loss_cls: 0.4963  loss_bbox: 0.5917  loss_centerness: 0.6468
2026/08/21 16:27:09 - mmengine - INFO - Epoch(train)  [3][1150/2804]  base_lr: 5.0000e-03 lr: 5.0000e-03  eta: 1:08:58  time: 0.1437  data_time: 0.0019  memory: 3864  grad_norm: 2.0810  loss: 1.7792  loss_cls: 0.5118  loss_bbox: 0.6118  loss_centerness: 0.6556
2026/08/21 16:27:16 - mmengine - INFO - Epoch(train)  [3][1200/2804]  base_lr: 5.0000e-03 lr: 5.0000e-03  eta: 1:08:51  time: 0.1579  data_time: 0.0021  memory: 4257  grad_norm: 2.3144  loss: 1.7718  loss_cls: 0.4849  loss_bbox: 0.6415  loss_centerness: 0.6454
2026/08/21 16:27:24 - mmengine - INFO - Epoch(train)  [3][1250/2804]  base_lr: 5.0000e-03 lr: 5.0000e-03  eta: 1:08:42  time: 0.1494  data_time: 0.0019  memory: 4256  grad_norm: 1.5963  loss: 1.7881  loss_cls: 0.4944  loss_bbox: 0.6431  loss_centerness: 0.6506
2026/08/21 16:27:32 - mmengine - INFO - Epoch(train)  [3][1300/2804]  base_lr: 5.0000e-03 lr: 5.0000e-03  eta: 1:08:36  time: 0.1574  data_time: 0.0019  memory: 4653  grad_norm: 2.2201  loss: 1.7301  loss_cls: 0.5008  loss_bbox: 0.5731  loss_centerness: 0.6563
2026/08/21 16:27:40 - mmengine - INFO - Epoch(train)  [3][1350/2804]  base_lr: 5.0000e-03 lr: 5.0000e-03  eta: 1:08:30  time: 0.1553  data_time: 0.0020  memory: 3852  grad_norm: 3.0143  loss: 1.7554  loss_cls: 0.5105  loss_bbox: 0.5903  loss_centerness: 0.6546
2026/08/21 16:27:47 - mmengine - INFO - Exp name: fcos_r50_fpn_p3p7_aitodv2_20260821_160932
2026/08/21 16:27:48 - mmengine - INFO - Epoch(train)  [3][1400/2804]  base_lr: 5.0000e-03 lr: 5.0000e-03  eta: 1:08:22  time: 0.1547  data_time: 0.0017  memory: 3852  grad_norm: 1.4807  loss: 1.7253  loss_cls: 0.4625  loss_bbox: 0.6085  loss_centerness: 0.6542
2026/08/21 16:27:56 - mmengine - INFO - Epoch(train)  [3][1450/2804]  base_lr: 5.0000e-03 lr: 5.0000e-03  eta: 1:08:15  time: 0.1526  data_time: 0.0018  memory: 3863  grad_norm: 1.9871  loss: 1.7926  loss_cls: 0.5082  loss_bbox: 0.6375  loss_centerness: 0.6469
2026/08/21 16:28:03 - mmengine - INFO - Epoch(train)  [3][1500/2804]  base_lr: 5.0000e-03 lr: 5.0000e-03  eta: 1:08:07  time: 0.1521  data_time: 0.0019  memory: 3777  grad_norm: 1.9758  loss: 1.6494  loss_cls: 0.4369  loss_bbox: 0.5631  loss_centerness: 0.6493
2026/08/21 16:28:11 - mmengine - INFO - Epoch(train)  [3][1550/2804]  base_lr: 5.0000e-03 lr: 5.0000e-03  eta: 1:08:00  time: 0.1550  data_time: 0.0018  memory: 3888  grad_norm: 2.2472  loss: 1.7845  loss_cls: 0.5036  loss_bbox: 0.6235  loss_centerness: 0.6575
2026/08/21 16:28:19 - mmengine - INFO - Epoch(train)  [3][1600/2804]  base_lr: 5.0000e-03 lr: 5.0000e-03  eta: 1:07:52  time: 0.1541  data_time: 0.0020  memory: 3760  grad_norm: 2.3593  loss: 1.6805  loss_cls: 0.4273  loss_bbox: 0.6054  loss_centerness: 0.6478
2026/08/21 16:28:26 - mmengine - INFO - Epoch(train)  [3][1650/2804]  base_lr: 5.0000e-03 lr: 5.0000e-03  eta: 1:07:43  time: 0.1369  data_time: 0.0016  memory: 3924  grad_norm: 2.3454  loss: 1.9126  loss_cls: 0.6422  loss_bbox: 0.6208  loss_centerness: 0.6496
2026/08/21 16:28:33 - mmengine - INFO - Epoch(train)  [3][1700/2804]  base_lr: 5.0000e-03 lr: 5.0000e-03  eta: 1:07:34  time: 0.1509  data_time: 0.0020  memory: 3732  grad_norm: 2.3150  loss: 1.8198  loss_cls: 0.5321  loss_bbox: 0.6381  loss_centerness: 0.6496
2026/08/21 16:28:41 - mmengine - INFO - Epoch(train)  [3][1750/2804]  base_lr: 5.0000e-03 lr: 5.0000e-03  eta: 1:07:26  time: 0.1503  data_time: 0.0018  memory: 3946  grad_norm: 2.3329  loss: 1.7308  loss_cls: 0.4883  loss_bbox: 0.5955  loss_centerness: 0.6469
2026/08/21 16:28:49 - mmengine - INFO - Epoch(train)  [3][1800/2804]  base_lr: 5.0000e-03 lr: 5.0000e-03  eta: 1:07:20  time: 0.1766  data_time: 0.0027  memory: 3771  grad_norm: 2.1835  loss: 1.7567  loss_cls: 0.4768  loss_bbox: 0.6266  loss_centerness: 0.6533
2026/08/21 16:28:57 - mmengine - INFO - Epoch(train)  [3][1850/2804]  base_lr: 5.0000e-03 lr: 5.0000e-03  eta: 1:07:12  time: 0.1407  data_time: 0.0016  memory: 3795  grad_norm: 3.2582  loss: 1.9229  loss_cls: 0.6553  loss_bbox: 0.6101  loss_centerness: 0.6575
2026/08/21 16:29:04 - mmengine - INFO - Epoch(train)  [3][1900/2804]  base_lr: 5.0000e-03 lr: 5.0000e-03  eta: 1:07:02  time: 0.1438  data_time: 0.0017  memory: 3819  grad_norm: 2.2749  loss: 1.8265  loss_cls: 0.5020  loss_bbox: 0.6749  loss_centerness: 0.6495
2026/08/21 16:29:11 - mmengine - INFO - Epoch(train)  [3][1950/2804]  base_lr: 5.0000e-03 lr: 5.0000e-03  eta: 1:06:54  time: 0.1545  data_time: 0.0020  memory: 3803  grad_norm: 2.2299  loss: 1.9335  loss_cls: 0.6457  loss_bbox: 0.6337  loss_centerness: 0.6541
2026/08/21 16:29:19 - mmengine - INFO - Epoch(train)  [3][2000/2804]  base_lr: 5.0000e-03 lr: 5.0000e-03  eta: 1:06:47  time: 0.1576  data_time: 0.0019  memory: 3903  grad_norm: 2.2199  loss: 1.7769  loss_cls: 0.5070  loss_bbox: 0.6166  loss_centerness: 0.6533
2026/08/21 16:29:27 - mmengine - INFO - Epoch(train)  [3][2050/2804]  base_lr: 5.0000e-03 lr: 5.0000e-03  eta: 1:06:40  time: 0.1604  data_time: 0.0022  memory: 3711  grad_norm: 2.2167  loss: 1.6393  loss_cls: 0.4394  loss_bbox: 0.5559  loss_centerness: 0.6440
2026/08/21 16:29:35 - mmengine - INFO - Epoch(train)  [3][2100/2804]  base_lr: 5.0000e-03 lr: 5.0000e-03  eta: 1:06:34  time: 0.1552  data_time: 0.0017  memory: 3815  grad_norm: 1.9632  loss: 1.7680  loss_cls: 0.5212  loss_bbox: 0.6045  loss_centerness: 0.6424
2026/08/21 16:29:43 - mmengine - INFO - Epoch(train)  [3][2150/2804]  base_lr: 5.0000e-03 lr: 5.0000e-03  eta: 1:06:27  time: 0.1538  data_time: 0.0021  memory: 4240  grad_norm: 1.9390  loss: 1.6463  loss_cls: 0.4593  loss_bbox: 0.5464  loss_centerness: 0.6407
2026/08/21 16:29:51 - mmengine - INFO - Epoch(train)  [3][2200/2804]  base_lr: 5.0000e-03 lr: 5.0000e-03  eta: 1:06:21  time: 0.1550  data_time: 0.0020  memory: 4008  grad_norm: 2.5324  loss: 1.7506  loss_cls: 0.4881  loss_bbox: 0.6206  loss_centerness: 0.6420
2026/08/21 16:29:59 - mmengine - INFO - Epoch(train)  [3][2250/2804]  base_lr: 5.0000e-03 lr: 5.0000e-03  eta: 1:06:13  time: 0.1548  data_time: 0.0018  memory: 4244  grad_norm: 2.6838  loss: 1.6799  loss_cls: 0.4717  loss_bbox: 0.5581  loss_centerness: 0.6501
2026/08/21 16:30:07 - mmengine - INFO - Epoch(train)  [3][2300/2804]  base_lr: 5.0000e-03 lr: 5.0000e-03  eta: 1:06:06  time: 0.1554  data_time: 0.0019  memory: 3811  grad_norm: 2.3500  loss: 1.7173  loss_cls: 0.4902  loss_bbox: 0.5814  loss_centerness: 0.6457
2026/08/21 16:30:15 - mmengine - INFO - Epoch(train)  [3][2350/2804]  base_lr: 5.0000e-03 lr: 5.0000e-03  eta: 1:05:59  time: 0.1550  data_time: 0.0019  memory: 3924  grad_norm: 1.9418  loss: 1.6778  loss_cls: 0.4310  loss_bbox: 0.6029  loss_centerness: 0.6439
2026/08/21 16:30:21 - mmengine - INFO - Exp name: fcos_r50_fpn_p3p7_aitodv2_20260821_160932
2026/08/21 16:30:23 - mmengine - INFO - Epoch(train)  [3][2400/2804]  base_lr: 5.0000e-03 lr: 5.0000e-03  eta: 1:05:51  time: 0.1533  data_time: 0.0017  memory: 4430  grad_norm: 1.6847  loss: 1.6801  loss_cls: 0.4270  loss_bbox: 0.6013  loss_centerness: 0.6518
2026/08/21 16:30:30 - mmengine - INFO - Epoch(train)  [3][2450/2804]  base_lr: 5.0000e-03 lr: 5.0000e-03  eta: 1:05:44  time: 0.1567  data_time: 0.0018  memory: 3787  grad_norm: 2.3403  loss: 1.6699  loss_cls: 0.4494  loss_bbox: 0.5655  loss_centerness: 0.6550
2026/08/21 16:30:39 - mmengine - INFO - Epoch(train)  [3][2500/2804]  base_lr: 5.0000e-03 lr: 5.0000e-03  eta: 1:05:38  time: 0.1931  data_time: 0.0019  memory: 3745  grad_norm: 1.6704  loss: 1.6605  loss_cls: 0.4399  loss_bbox: 0.5663  loss_centerness: 0.6543
2026/08/21 16:30:46 - mmengine - INFO - Epoch(train)  [3][2550/2804]  base_lr: 5.0000e-03 lr: 5.0000e-03  eta: 1:05:30  time: 0.1533  data_time: 0.0019  memory: 4025  grad_norm: 2.2298  loss: 1.7946  loss_cls: 0.5085  loss_bbox: 0.6383  loss_centerness: 0.6479
2026/08/21 16:30:54 - mmengine - INFO - Epoch(train)  [3][2600/2804]  base_lr: 5.0000e-03 lr: 5.0000e-03  eta: 1:05:22  time: 0.1534  data_time: 0.0020  memory: 4408  grad_norm: 2.6402  loss: 1.7917  loss_cls: 0.5139  loss_bbox: 0.6284  loss_centerness: 0.6495
2026/08/21 16:31:02 - mmengine - INFO - Epoch(train)  [3][2650/2804]  base_lr: 5.0000e-03 lr: 5.0000e-03  eta: 1:05:14  time: 0.1530  data_time: 0.0016  memory: 3944  grad_norm: 2.5083  loss: 1.9215  loss_cls: 0.7014  loss_bbox: 0.5637  loss_centerness: 0.6564
2026/08/21 16:31:09 - mmengine - INFO - Epoch(train)  [3][2700/2804]  base_lr: 5.0000e-03 lr: 5.0000e-03  eta: 1:05:05  time: 0.1315  data_time: 0.0014  memory: 3907  grad_norm: 2.0838  loss: 1.7521  loss_cls: 0.5343  loss_bbox: 0.5642  loss_centerness: 0.6536
2026/08/21 16:31:16 - mmengine - INFO - Epoch(train)  [3][2750/2804]  base_lr: 5.0000e-03 lr: 5.0000e-03  eta: 1:04:55  time: 0.1498  data_time: 0.0018  memory: 4172  grad_norm: 1.8701  loss: 1.7187  loss_cls: 0.4542  loss_bbox: 0.6098  loss_centerness: 0.6548
2026/08/21 16:31:22 - mmengine - INFO - Epoch(train)  [3][2800/2804]  base_lr: 5.0000e-03 lr: 5.0000e-03  eta: 1:04:44  time: 0.1258  data_time: 0.0011  memory: 3720  grad_norm: 2.5639  loss: 1.8129  loss_cls: 0.5375  loss_bbox: 0.6224  loss_centerness: 0.6530
2026/08/21 16:31:23 - mmengine - INFO - Exp name: fcos_r50_fpn_p3p7_aitodv2_20260821_160932
2026/08/21 16:31:23 - mmengine - INFO - Saving checkpoint at 3 epochs
2026/08/21 16:31:32 - mmengine - INFO - Epoch(train)  [4][  50/2804]  base_lr: 5.0000e-03 lr: 5.0000e-03  eta: 1:04:35  time: 0.1552  data_time: 0.0018  memory: 3814  grad_norm: 2.3002  loss: 1.9510  loss_cls: 0.6828  loss_bbox: 0.6158  loss_centerness: 0.6523
2026/08/21 16:31:39 - mmengine - INFO - Epoch(train)  [4][ 100/2804]  base_lr: 5.0000e-03 lr: 5.0000e-03  eta: 1:04:27  time: 0.1551  data_time: 0.0019  memory: 3973  grad_norm: 1.7782  loss: 1.8189  loss_cls: 0.5770  loss_bbox: 0.5947  loss_centerness: 0.6471
2026/08/21 16:31:47 - mmengine - INFO - Epoch(train)  [4][ 150/2804]  base_lr: 5.0000e-03 lr: 5.0000e-03  eta: 1:04:19  time: 0.1543  data_time: 0.0018  memory: 3852  grad_norm: 2.3919  loss: 1.8007  loss_cls: 0.5715  loss_bbox: 0.5813  loss_centerness: 0.6479
2026/08/21 16:31:55 - mmengine - INFO - Epoch(train)  [4][ 200/2804]  base_lr: 5.0000e-03 lr: 5.0000e-03  eta: 1:04:12  time: 0.1551  data_time: 0.0016  memory: 3740  grad_norm: 2.1775  loss: 1.6936  loss_cls: 0.4633  loss_bbox: 0.5859  loss_centerness: 0.6444
2026/08/21 16:32:03 - mmengine - INFO - Epoch(train)  [4][ 250/2804]  base_lr: 5.0000e-03 lr: 5.0000e-03  eta: 1:04:05  time: 0.1542  data_time: 0.0024  memory: 3855  grad_norm: 1.8307  loss: 1.7484  loss_cls: 0.5106  loss_bbox: 0.5866  loss_centerness: 0.6512
2026/08/21 16:32:10 - mmengine - INFO - Epoch(train)  [4][ 300/2804]  base_lr: 5.0000e-03 lr: 5.0000e-03  eta: 1:03:57  time: 0.1547  data_time: 0.0019  memory: 4171  grad_norm: 2.5243  loss: 2.0542  loss_cls: 0.7753  loss_bbox: 0.6234  loss_centerness: 0.6555
2026/08/21 16:32:18 - mmengine - INFO - Epoch(train)  [4][ 350/2804]  base_lr: 5.0000e-03 lr: 5.0000e-03  eta: 1:03:50  time: 0.1525  data_time: 0.0019  memory: 3952  grad_norm: 1.9319  loss: 1.9240  loss_cls: 0.6189  loss_bbox: 0.6480  loss_centerness: 0.6571
2026/08/21 16:32:26 - mmengine - INFO - Epoch(train)  [4][ 400/2804]  base_lr: 5.0000e-03 lr: 5.0000e-03  eta: 1:03:42  time: 0.1522  data_time: 0.0020  memory: 3738  grad_norm: 1.6627  loss: 1.8588  loss_cls: 0.6007  loss_bbox: 0.6039  loss_centerness: 0.6542
2026/08/21 16:32:34 - mmengine - INFO - Epoch(train)  [4][ 450/2804]  base_lr: 5.0000e-03 lr: 5.0000e-03  eta: 1:03:35  time: 0.1545  data_time: 0.0018  memory: 3712  grad_norm: 1.6690  loss: 1.8260  loss_cls: 0.5492  loss_bbox: 0.6239  loss_centerness: 0.6530
2026/08/21 16:32:41 - mmengine - INFO - Epoch(train)  [4][ 500/2804]  base_lr: 5.0000e-03 lr: 5.0000e-03  eta: 1:03:27  time: 0.1523  data_time: 0.0021  memory: 3777  grad_norm: 2.1276  loss: 1.8277  loss_cls: 0.5314  loss_bbox: 0.6456  loss_centerness: 0.6507
2026/08/21 16:32:49 - mmengine - INFO - Epoch(train)  [4][ 550/2804]  base_lr: 5.0000e-03 lr: 5.0000e-03  eta: 1:03:20  time: 0.1555  data_time: 0.0020  memory: 3924  grad_norm: 2.9562  loss: 1.7455  loss_cls: 0.4722  loss_bbox: 0.6226  loss_centerness: 0.6508
2026/08/21 16:32:55 - mmengine - INFO - Exp name: fcos_r50_fpn_p3p7_aitodv2_20260821_160932
2026/08/21 16:32:57 - mmengine - INFO - Epoch(train)  [4][ 600/2804]  base_lr: 5.0000e-03 lr: 5.0000e-03  eta: 1:03:13  time: 0.1566  data_time: 0.0021  memory: 3814  grad_norm: 1.8374  loss: 1.7481  loss_cls: 0.4720  loss_bbox: 0.6268  loss_centerness: 0.6494
2026/08/21 16:33:05 - mmengine - INFO - Epoch(train)  [4][ 650/2804]  base_lr: 5.0000e-03 lr: 5.0000e-03  eta: 1:03:05  time: 0.1596  data_time: 0.0021  memory: 4245  grad_norm: 2.1069  loss: 1.7184  loss_cls: 0.4758  loss_bbox: 0.5991  loss_centerness: 0.6435
2026/08/21 16:33:13 - mmengine - INFO - Epoch(train)  [4][ 700/2804]  base_lr: 5.0000e-03 lr: 5.0000e-03  eta: 1:02:58  time: 0.1556  data_time: 0.0022  memory: 3947  grad_norm: 3.1151  loss: 1.8507  loss_cls: 0.6154  loss_bbox: 0.5808  loss_centerness: 0.6545
2026/08/21 16:33:20 - mmengine - INFO - Epoch(train)  [4][ 750/2804]  base_lr: 5.0000e-03 lr: 5.0000e-03  eta: 1:02:50  time: 0.1649  data_time: 0.0020  memory: 3872  grad_norm: 2.5679  loss: 1.7333  loss_cls: 0.5069  loss_bbox: 0.5742  loss_centerness: 0.6521
2026/08/21 16:33:28 - mmengine - INFO - Epoch(train)  [4][ 800/2804]  base_lr: 5.0000e-03 lr: 5.0000e-03  eta: 1:02:42  time: 0.1511  data_time: 0.0018  memory: 3854  grad_norm: 2.1081  loss: 1.6664  loss_cls: 0.4650  loss_bbox: 0.5570  loss_centerness: 0.6445
2026/08/21 16:33:36 - mmengine - INFO - Epoch(train)  [4][ 850/2804]  base_lr: 5.0000e-03 lr: 5.0000e-03  eta: 1:02:34  time: 0.1564  data_time: 0.0019  memory: 4025  grad_norm: 1.9727  loss: 1.7561  loss_cls: 0.5241  loss_bbox: 0.5828  loss_centerness: 0.6493
2026/08/21 16:33:44 - mmengine - INFO - Epoch(train)  [4][ 900/2804]  base_lr: 5.0000e-03 lr: 5.0000e-03  eta: 1:02:27  time: 0.1539  data_time: 0.0017  memory: 3735  grad_norm: 2.5768  loss: 1.6620  loss_cls: 0.4261  loss_bbox: 0.5875  loss_centerness: 0.6484
2026/08/21 16:33:51 - mmengine - INFO - Epoch(train)  [4][ 950/2804]  base_lr: 5.0000e-03 lr: 5.0000e-03  eta: 1:02:19  time: 0.1521  data_time: 0.0019  memory: 3944  grad_norm: 2.9478  loss: 1.6652  loss_cls: 0.4920  loss_bbox: 0.5201  loss_centerness: 0.6531
2026/08/21 16:33:59 - mmengine - INFO - Epoch(train)  [4][1000/2804]  base_lr: 5.0000e-03 lr: 5.0000e-03  eta: 1:02:11  time: 0.1471  data_time: 0.0018  memory: 4408  grad_norm: 2.1506  loss: 1.7450  loss_cls: 0.4815  loss_bbox: 0.6057  loss_centerness: 0.6577
2026/08/21 16:34:06 - mmengine - INFO - Epoch(train)  [4][1050/2804]  base_lr: 5.0000e-03 lr: 5.0000e-03  eta: 1:02:03  time: 0.1525  data_time: 0.0020  memory: 3867  grad_norm: 2.5993  loss: 1.6817  loss_cls: 0.4613  loss_bbox: 0.5839  loss_centerness: 0.6365
2026/08/21 16:34:14 - mmengine - INFO - Epoch(train)  [4][1100/2804]  base_lr: 5.0000e-03 lr: 5.0000e-03  eta: 1:01:55  time: 0.1554  data_time: 0.0019  memory: 3829  grad_norm: 2.5031  loss: 1.7234  loss_cls: 0.4653  loss_bbox: 0.6057  loss_centerness: 0.6525
2026/08/21 16:34:22 - mmengine - INFO - Epoch(train)  [4][1150/2804]  base_lr: 5.0000e-03 lr: 5.0000e-03  eta: 1:01:48  time: 0.1543  data_time: 0.0018  memory: 4111  grad_norm: 3.3083  loss: 1.8722  loss_cls: 0.6170  loss_bbox: 0.6040  loss_centerness: 0.6513
2026/08/21 16:34:29 - mmengine - INFO - Epoch(train)  [4][1200/2804]  base_lr: 5.0000e-03 lr: 5.0000e-03  eta: 1:01:40  time: 0.1536  data_time: 0.0017  memory: 3755  grad_norm: 3.1807  loss: 1.8349  loss_cls: 0.6177  loss_bbox: 0.5743  loss_centerness: 0.6429
2026/08/21 16:34:37 - mmengine - INFO - Epoch(train)  [4][1250/2804]  base_lr: 5.0000e-03 lr: 5.0000e-03  eta: 1:01:32  time: 0.1554  data_time: 0.0019  memory: 4511  grad_norm: 2.4752  loss: 1.7148  loss_cls: 0.4934  loss_bbox: 0.5625  loss_centerness: 0.6590
2026/08/21 16:34:45 - mmengine - INFO - Epoch(train)  [4][1300/2804]  base_lr: 5.0000e-03 lr: 5.0000e-03  eta: 1:01:25  time: 0.1564  data_time: 0.0020  memory: 3729  grad_norm: 1.8467  loss: 1.7213  loss_cls: 0.4856  loss_bbox: 0.5900  loss_centerness: 0.6458
2026/08/21 16:34:53 - mmengine - INFO - Epoch(train)  [4][1350/2804]  base_lr: 5.0000e-03 lr: 5.0000e-03  eta: 1:01:17  time: 0.1541  data_time: 0.0020  memory: 3843  grad_norm: 2.2793  loss: 1.7985  loss_cls: 0.5267  loss_bbox: 0.6278  loss_centerness: 0.6440
2026/08/21 16:35:00 - mmengine - INFO - Epoch(train)  [4][1400/2804]  base_lr: 5.0000e-03 lr: 5.0000e-03  eta: 1:01:10  time: 0.1535  data_time: 0.0018  memory: 3745  grad_norm: 2.3471  loss: 1.8091  loss_cls: 0.5339  loss_bbox: 0.6213  loss_centerness: 0.6539
2026/08/21 16:35:08 - mmengine - INFO - Epoch(train)  [4][1450/2804]  base_lr: 5.0000e-03 lr: 5.0000e-03  eta: 1:01:02  time: 0.1511  data_time: 0.0019  memory: 4467  grad_norm: 3.5659  loss: 2.0092  loss_cls: 0.7553  loss_bbox: 0.6070  loss_centerness: 0.6470
2026/08/21 16:35:16 - mmengine - INFO - Epoch(train)  [4][1500/2804]  base_lr: 5.0000e-03 lr: 5.0000e-03  eta: 1:00:55  time: 0.1518  data_time: 0.0018  memory: 3927  grad_norm: 3.0039  loss: 1.7886  loss_cls: 0.5869  loss_bbox: 0.5652  loss_centerness: 0.6366
2026/08/21 16:35:24 - mmengine - INFO - Epoch(train)  [4][1550/2804]  base_lr: 5.0000e-03 lr: 5.0000e-03  eta: 1:00:47  time: 0.1517  data_time: 0.0017  memory: 4653  grad_norm: 1.7599  loss: 1.6276  loss_cls: 0.4604  loss_bbox: 0.5200  loss_centerness: 0.6471
2026/08/21 16:35:29 - mmengine - INFO - Exp name: fcos_r50_fpn_p3p7_aitodv2_20260821_160932
2026/08/21 16:35:31 - mmengine - INFO - Epoch(train)  [4][1600/2804]  base_lr: 5.0000e-03 lr: 5.0000e-03  eta: 1:00:39  time: 0.1486  data_time: 0.0018  memory: 3735  grad_norm: 1.7796  loss: 1.7779  loss_cls: 0.5235  loss_bbox: 0.6083  loss_centerness: 0.6462
2026/08/21 16:35:39 - mmengine - INFO - Epoch(train)  [4][1650/2804]  base_lr: 5.0000e-03 lr: 5.0000e-03  eta: 1:00:31  time: 0.1528  data_time: 0.0018  memory: 3727  grad_norm: 1.9140  loss: 1.7395  loss_cls: 0.4451  loss_bbox: 0.6454  loss_centerness: 0.6489
2026/08/21 16:35:47 - mmengine - INFO - Epoch(train)  [4][1700/2804]  base_lr: 5.0000e-03 lr: 5.0000e-03  eta: 1:00:23  time: 0.1509  data_time: 0.0016  memory: 3944  grad_norm: 1.8954  loss: 1.7072  loss_cls: 0.4576  loss_bbox: 0.6048  loss_centerness: 0.6447
2026/08/21 16:35:54 - mmengine - INFO - Epoch(train)  [4][1750/2804]  base_lr: 5.0000e-03 lr: 5.0000e-03  eta: 1:00:16  time: 0.1791  data_time: 0.0024  memory: 3752  grad_norm: 1.5970  loss: 1.5827  loss_cls: 0.3991  loss_bbox: 0.5429  loss_centerness: 0.6408
2026/08/21 16:36:02 - mmengine - INFO - Epoch(train)  [4][1800/2804]  base_lr: 5.0000e-03 lr: 5.0000e-03  eta: 1:00:09  time: 0.1514  data_time: 0.0018  memory: 3903  grad_norm: 2.5660  loss: 1.7115  loss_cls: 0.5114  loss_bbox: 0.5521  loss_centerness: 0.6480
2026/08/21 16:36:10 - mmengine - INFO - Epoch(train)  [4][1850/2804]  base_lr: 5.0000e-03 lr: 5.0000e-03  eta: 1:00:01  time: 0.1500  data_time: 0.0017  memory: 4007  grad_norm: 1.7369  loss: 1.7507  loss_cls: 0.5125  loss_bbox: 0.5919  loss_centerness: 0.6462
2026/08/21 16:36:18 - mmengine - INFO - Epoch(train)  [4][1900/2804]  base_lr: 5.0000e-03 lr: 5.0000e-03  eta: 0:59:53  time: 0.1563  data_time: 0.0019  memory: 3932  grad_norm: 2.6581  loss: 1.8216  loss_cls: 0.5549  loss_bbox: 0.6110  loss_centerness: 0.6557
2026/08/21 16:36:25 - mmengine - INFO - Epoch(train)  [4][1950/2804]  base_lr: 5.0000e-03 lr: 5.0000e-03  eta: 0:59:45  time: 0.1546  data_time: 0.0022  memory: 3829  grad_norm: 2.7811  loss: 1.7329  loss_cls: 0.4872  loss_bbox: 0.5951  loss_centerness: 0.6505
2026/08/21 16:36:33 - mmengine - INFO - Epoch(train)  [4][2000/2804]  base_lr: 5.0000e-03 lr: 5.0000e-03  eta: 0:59:38  time: 0.1532  data_time: 0.0018  memory: 4430  grad_norm: 2.9193  loss: 1.7856  loss_cls: 0.5727  loss_bbox: 0.5740  loss_centerness: 0.6390
2026/08/21 16:36:41 - mmengine - INFO - Epoch(train)  [4][2050/2804]  base_lr: 5.0000e-03 lr: 5.0000e-03  eta: 0:59:31  time: 0.1534  data_time: 0.0020  memory: 3702  grad_norm: 1.9252  loss: 1.6903  loss_cls: 0.4803  loss_bbox: 0.5721  loss_centerness: 0.6379
2026/08/21 16:36:49 - mmengine - INFO - Epoch(train)  [4][2100/2804]  base_lr: 5.0000e-03 lr: 5.0000e-03  eta: 0:59:23  time: 0.1557  data_time: 0.0021  memory: 4240  grad_norm: 1.9702  loss: 1.7173  loss_cls: 0.4901  loss_bbox: 0.5811  loss_centerness: 0.6461
2026/08/21 16:36:56 - mmengine - INFO - Epoch(train)  [4][2150/2804]  base_lr: 5.0000e-03 lr: 5.0000e-03  eta: 0:59:14  time: 0.1504  data_time: 0.0019  memory: 3755  grad_norm: 2.3732  loss: 1.7558  loss_cls: 0.5133  loss_bbox: 0.5971  loss_centerness: 0.6455
2026/08/21 16:37:04 - mmengine - INFO - Epoch(train)  [4][2200/2804]  base_lr: 5.0000e-03 lr: 5.0000e-03  eta: 0:59:06  time: 0.1469  data_time: 0.0018  memory: 3852  grad_norm: 2.5762  loss: 1.7013  loss_cls: 0.4883  loss_bbox: 0.5730  loss_centerness: 0.6399
2026/08/21 16:37:11 - mmengine - INFO - Epoch(train)  [4][2250/2804]  base_lr: 5.0000e-03 lr: 5.0000e-03  eta: 0:58:59  time: 0.1535  data_time: 0.0019  memory: 4387  grad_norm: 1.9545  loss: 1.6591  loss_cls: 0.4408  loss_bbox: 0.5730  loss_centerness: 0.6454
2026/08/21 16:37:19 - mmengine - INFO - Epoch(train)  [4][2300/2804]  base_lr: 5.0000e-03 lr: 5.0000e-03  eta: 0:58:51  time: 0.1490  data_time: 0.0018  memory: 3814  grad_norm: 1.8692  loss: 1.6342  loss_cls: 0.4612  loss_bbox: 0.5336  loss_centerness: 0.6394
2026/08/21 16:37:26 - mmengine - INFO - Epoch(train)  [4][2350/2804]  base_lr: 5.0000e-03 lr: 5.0000e-03  eta: 0:58:43  time: 0.1518  data_time: 0.0017  memory: 3760  grad_norm: 2.2087  loss: 1.5541  loss_cls: 0.3721  loss_bbox: 0.5361  loss_centerness: 0.6459
2026/08/21 16:37:34 - mmengine - INFO - Epoch(train)  [4][2400/2804]  base_lr: 5.0000e-03 lr: 5.0000e-03  eta: 0:58:35  time: 0.1529  data_time: 0.0017  memory: 4256  grad_norm: 1.7916  loss: 1.6159  loss_cls: 0.4128  loss_bbox: 0.5523  loss_centerness: 0.6508
2026/08/21 16:37:42 - mmengine - INFO - Epoch(train)  [4][2450/2804]  base_lr: 5.0000e-03 lr: 5.0000e-03  eta: 0:58:27  time: 0.1539  data_time: 0.0020  memory: 4257  grad_norm: 1.9960  loss: 1.6617  loss_cls: 0.4787  loss_bbox: 0.5388  loss_centerness: 0.6442
2026/08/21 16:37:49 - mmengine - INFO - Epoch(train)  [4][2500/2804]  base_lr: 5.0000e-03 lr: 5.0000e-03  eta: 0:58:19  time: 0.1543  data_time: 0.0017  memory: 3853  grad_norm: 1.9519  loss: 1.6254  loss_cls: 0.4476  loss_bbox: 0.5259  loss_centerness: 0.6520
2026/08/21 16:37:57 - mmengine - INFO - Epoch(train)  [4][2550/2804]  base_lr: 5.0000e-03 lr: 5.0000e-03  eta: 0:58:12  time: 0.1512  data_time: 0.0018  memory: 3712  grad_norm: 2.3824  loss: 1.7132  loss_cls: 0.4763  loss_bbox: 0.5959  loss_centerness: 0.6410
2026/08/21 16:38:03 - mmengine - INFO - Exp name: fcos_r50_fpn_p3p7_aitodv2_20260821_160932
2026/08/21 16:38:05 - mmengine - INFO - Epoch(train)  [4][2600/2804]  base_lr: 5.0000e-03 lr: 5.0000e-03  eta: 0:58:04  time: 0.1542  data_time: 0.0020  memory: 4241  grad_norm: 1.8277  loss: 1.7170  loss_cls: 0.4896  loss_bbox: 0.5852  loss_centerness: 0.6423
2026/08/21 16:38:13 - mmengine - INFO - Epoch(train)  [4][2650/2804]  base_lr: 5.0000e-03 lr: 5.0000e-03  eta: 0:57:57  time: 0.1609  data_time: 0.0019  memory: 3784  grad_norm: 1.9349  loss: 1.6520  loss_cls: 0.4349  loss_bbox: 0.5752  loss_centerness: 0.6419
2026/08/21 16:38:20 - mmengine - INFO - Epoch(train)  [4][2700/2804]  base_lr: 5.0000e-03 lr: 5.0000e-03  eta: 0:57:48  time: 0.1390  data_time: 0.0020  memory: 3825  grad_norm: 2.3523  loss: 1.6634  loss_cls: 0.4454  loss_bbox: 0.5676  loss_centerness: 0.6504
2026/08/21 16:38:27 - mmengine - INFO - Epoch(train)  [4][2750/2804]  base_lr: 5.0000e-03 lr: 5.0000e-03  eta: 0:57:40  time: 0.1569  data_time: 0.0023  memory: 3965  grad_norm: 2.6670  loss: 1.6310  loss_cls: 0.4394  loss_bbox: 0.5376  loss_centerness: 0.6540
2026/08/21 16:38:35 - mmengine - INFO - Epoch(train)  [4][2800/2804]  base_lr: 5.0000e-03 lr: 5.0000e-03  eta: 0:57:32  time: 0.1468  data_time: 0.0012  memory: 3777  grad_norm: 2.2238  loss: 1.6857  loss_cls: 0.4522  loss_bbox: 0.5823  loss_centerness: 0.6512
2026/08/21 16:38:36 - mmengine - INFO - Exp name: fcos_r50_fpn_p3p7_aitodv2_20260821_160932
2026/08/21 16:38:36 - mmengine - INFO - Saving checkpoint at 4 epochs
2026/08/21 16:38:40 - mmengine - INFO - Epoch(val)  [4][ 50/701]    eta: 0:00:41  time: 0.0505  data_time: 0.0005  memory: 3721  
2026/08/21 16:38:43 - mmengine - INFO - Epoch(val)  [4][100/701]    eta: 0:00:33  time: 0.0496  data_time: 0.0005  memory: 789  
2026/08/21 16:38:45 - mmengine - INFO - Epoch(val)  [4][150/701]    eta: 0:00:29  time: 0.0489  data_time: 0.0005  memory: 789  
2026/08/21 16:38:47 - mmengine - INFO - Epoch(val)  [4][200/701]    eta: 0:00:26  time: 0.0485  data_time: 0.0005  memory: 789  
2026/08/21 16:38:50 - mmengine - INFO - Epoch(val)  [4][250/701]    eta: 0:00:23  time: 0.0486  data_time: 0.0005  memory: 789  
2026/08/21 16:38:52 - mmengine - INFO - Epoch(val)  [4][300/701]    eta: 0:00:20  time: 0.0496  data_time: 0.0004  memory: 789  
2026/08/21 16:38:55 - mmengine - INFO - Epoch(val)  [4][350/701]    eta: 0:00:17  time: 0.0492  data_time: 0.0005  memory: 789  
2026/08/21 16:38:57 - mmengine - INFO - Epoch(val)  [4][400/701]    eta: 0:00:15  time: 0.0480  data_time: 0.0005  memory: 789  
2026/08/21 16:39:00 - mmengine - INFO - Epoch(val)  [4][450/701]    eta: 0:00:12  time: 0.0484  data_time: 0.0005  memory: 789  
2026/08/21 16:39:02 - mmengine - INFO - Epoch(val)  [4][500/701]    eta: 0:00:10  time: 0.0509  data_time: 0.0005  memory: 789  
2026/08/21 16:39:05 - mmengine - INFO - Epoch(val)  [4][550/701]    eta: 0:00:07  time: 0.0488  data_time: 0.0004  memory: 789  
2026/08/21 16:39:07 - mmengine - INFO - Epoch(val)  [4][600/701]    eta: 0:00:05  time: 0.0507  data_time: 0.0005  memory: 789  
2026/08/21 16:39:10 - mmengine - INFO - Epoch(val)  [4][650/701]    eta: 0:00:02  time: 0.0498  data_time: 0.0005  memory: 789  
2026/08/21 16:39:12 - mmengine - INFO - Epoch(val)  [4][700/701]    eta: 0:00:00  time: 0.0502  data_time: 0.0004  memory: 789  
2026/08/21 16:40:15 - mmengine - INFO - Evaluating bbox...
2026/08/21 16:57:10 - mmengine - INFO - bbox_mAP_copypaste: 0.005 0.025 0.001 0.006 0.003 -1.000
2026/08/21 16:57:12 - mmengine - INFO - Epoch(val) [4][701/701]    coco/bbox_mAP: 0.0050  coco/bbox_mAP_50: 0.0250  coco/bbox_mAP_75: 0.0010  coco/bbox_mAP_s: 0.0060  coco/bbox_mAP_m: 0.0030  coco/bbox_mAP_l: -1.0000  data_time: 0.0013  time: 0.0506
2026/08/21 16:57:13 - mmengine - INFO - The best checkpoint with 0.0050 coco/bbox_mAP at 4 epoch is saved to best_coco_bbox_mAP_epoch_4.pth.
2026/08/21 16:57:23 - mmengine - INFO - Epoch(train)  [5][  50/2804]  base_lr: 5.0000e-03 lr: 5.0000e-03  eta: 0:57:24  time: 0.1520  data_time: 0.0024  memory: 3735  grad_norm: 2.3896  loss: 1.7180  loss_cls: 0.5026  loss_bbox: 0.5648  loss_centerness: 0.6506
2026/08/21 16:57:30 - mmengine - INFO - Epoch(train)  [5][ 100/2804]  base_lr: 5.0000e-03 lr: 5.0000e-03  eta: 0:57:16  time: 0.1554  data_time: 0.0019  memory: 4653  grad_norm: 1.9683  loss: 1.6072  loss_cls: 0.4142  loss_bbox: 0.5464  loss_centerness: 0.6466
2026/08/21 16:57:38 - mmengine - INFO - Epoch(train)  [5][ 150/2804]  base_lr: 5.0000e-03 lr: 5.0000e-03  eta: 0:57:08  time: 0.1528  data_time: 0.0020  memory: 3889  grad_norm: 3.0350  loss: 1.7804  loss_cls: 0.5670  loss_bbox: 0.5681  loss_centerness: 0.6453
2026/08/21 16:57:46 - mmengine - INFO - Epoch(train)  [5][ 200/2804]  base_lr: 5.0000e-03 lr: 5.0000e-03  eta: 0:57:01  time: 0.1531  data_time: 0.0022  memory: 3771  grad_norm: 2.4554  loss: 1.6675  loss_cls: 0.4682  loss_bbox: 0.5492  loss_centerness: 0.6501
2026/08/21 16:57:53 - mmengine - INFO - Epoch(train)  [5][ 250/2804]  base_lr: 5.0000e-03 lr: 5.0000e-03  eta: 0:56:53  time: 0.1546  data_time: 0.0023  memory: 4256  grad_norm: 2.0374  loss: 1.6347  loss_cls: 0.4372  loss_bbox: 0.5557  loss_centerness: 0.6417
2026/08/21 16:58:01 - mmengine - INFO - Epoch(train)  [5][ 300/2804]  base_lr: 5.0000e-03 lr: 5.0000e-03  eta: 0:56:45  time: 0.1515  data_time: 0.0019  memory: 4257  grad_norm: 3.1618  loss: 1.8290  loss_cls: 0.6074  loss_bbox: 0.5629  loss_centerness: 0.6586
2026/08/21 16:58:09 - mmengine - INFO - Epoch(train)  [5][ 350/2804]  base_lr: 5.0000e-03 lr: 5.0000e-03  eta: 0:56:37  time: 0.1512  data_time: 0.0017  memory: 3812  grad_norm: 2.0949  loss: 1.6836  loss_cls: 0.5026  loss_bbox: 0.5403  loss_centerness: 0.6407
2026/08/21 16:58:16 - mmengine - INFO - Epoch(train)  [5][ 400/2804]  base_lr: 5.0000e-03 lr: 5.0000e-03  eta: 0:56:30  time: 0.1522  data_time: 0.0018  memory: 3846  grad_norm: 2.7093  loss: 1.7708  loss_cls: 0.5463  loss_bbox: 0.5809  loss_centerness: 0.6436
2026/08/21 16:58:24 - mmengine - INFO - Epoch(train)  [5][ 450/2804]  base_lr: 5.0000e-03 lr: 5.0000e-03  eta: 0:56:22  time: 0.1516  data_time: 0.0018  memory: 3866  grad_norm: 1.9214  loss: 1.6526  loss_cls: 0.4523  loss_bbox: 0.5594  loss_centerness: 0.6409
2026/08/21 16:58:31 - mmengine - INFO - Epoch(train)  [5][ 500/2804]  base_lr: 5.0000e-03 lr: 5.0000e-03  eta: 0:56:14  time: 0.1523  data_time: 0.0018  memory: 3852  grad_norm: 2.2218  loss: 1.7530  loss_cls: 0.5250  loss_bbox: 0.5794  loss_centerness: 0.6485
2026/08/21 16:58:39 - mmengine - INFO - Epoch(train)  [5][ 550/2804]  base_lr: 5.0000e-03 lr: 5.0000e-03  eta: 0:56:06  time: 0.1495  data_time: 0.0018  memory: 4244  grad_norm: 2.0139  loss: 1.6842  loss_cls: 0.4540  loss_bbox: 0.5831  loss_centerness: 0.6471
2026/08/21 16:58:47 - mmengine - INFO - Epoch(train)  [5][ 600/2804]  base_lr: 5.0000e-03 lr: 5.0000e-03  eta: 0:55:59  time: 0.1569  data_time: 0.0018  memory: 3821  grad_norm: 4.9342  loss: 1.8204  loss_cls: 0.6377  loss_bbox: 0.5441  loss_centerness: 0.6385
2026/08/21 16:58:55 - mmengine - INFO - Epoch(train)  [5][ 650/2804]  base_lr: 5.0000e-03 lr: 5.0000e-03  eta: 0:55:51  time: 0.1506  data_time: 0.0020  memory: 3855  grad_norm: 1.5379  loss: 1.6659  loss_cls: 0.4493  loss_bbox: 0.5705  loss_centerness: 0.6462
2026/08/21 16:59:03 - mmengine - INFO - Epoch(train)  [5][ 700/2804]  base_lr: 5.0000e-03 lr: 5.0000e-03  eta: 0:55:44  time: 0.1656  data_time: 0.0025  memory: 4111  grad_norm: 2.2408  loss: 1.6738  loss_cls: 0.4190  loss_bbox: 0.6065  loss_centerness: 0.6483
2026/08/21 16:59:11 - mmengine - INFO - Epoch(train)  [5][ 750/2804]  base_lr: 5.0000e-03 lr: 5.0000e-03  eta: 0:55:37  time: 0.1595  data_time: 0.0020  memory: 3944  grad_norm: 2.0510  loss: 1.6583  loss_cls: 0.4415  loss_bbox: 0.5695  loss_centerness: 0.6474
2026/08/21 16:59:16 - mmengine - INFO - Exp name: fcos_r50_fpn_p3p7_aitodv2_20260821_160932
2026/08/21 16:59:18 - mmengine - INFO - Epoch(train)  [5][ 800/2804]  base_lr: 5.0000e-03 lr: 5.0000e-03  eta: 0:55:29  time: 0.1549  data_time: 0.0019  memory: 3700  grad_norm: 1.9298  loss: 1.6239  loss_cls: 0.4389  loss_bbox: 0.5423  loss_centerness: 0.6428
2026/08/21 16:59:27 - mmengine - INFO - Epoch(train)  [5][ 850/2804]  base_lr: 5.0000e-03 lr: 5.0000e-03  eta: 0:55:22  time: 0.1597  data_time: 0.0022  memory: 3765  grad_norm: 1.9035  loss: 1.7491  loss_cls: 0.5020  loss_bbox: 0.6031  loss_centerness: 0.6440
2026/08/21 16:59:35 - mmengine - INFO - Epoch(train)  [5][ 900/2804]  base_lr: 5.0000e-03 lr: 5.0000e-03  eta: 0:55:15  time: 0.1610  data_time: 0.0024  memory: 3854  grad_norm: 1.9492  loss: 1.6516  loss_cls: 0.4461  loss_bbox: 0.5615  loss_centerness: 0.6440
2026/08/21 16:59:42 - mmengine - INFO - Epoch(train)  [5][ 950/2804]  base_lr: 5.0000e-03 lr: 5.0000e-03  eta: 0:55:08  time: 0.1517  data_time: 0.0022  memory: 3807  grad_norm: 2.7742  loss: 1.6454  loss_cls: 0.4591  loss_bbox: 0.5537  loss_centerness: 0.6326
2026/08/21 16:59:50 - mmengine - INFO - Epoch(train)  [5][1000/2804]  base_lr: 5.0000e-03 lr: 5.0000e-03  eta: 0:55:00  time: 0.1587  data_time: 0.0021  memory: 3933  grad_norm: 2.2292  loss: 1.6122  loss_cls: 0.4758  loss_bbox: 0.4942  loss_centerness: 0.6423
2026/08/21 16:59:58 - mmengine - INFO - Epoch(train)  [5][1050/2804]  base_lr: 5.0000e-03 lr: 5.0000e-03  eta: 0:54:53  time: 0.1623  data_time: 0.0024  memory: 3903  grad_norm: 1.5376  loss: 1.5909  loss_cls: 0.4046  loss_bbox: 0.5427  loss_centerness: 0.6436
2026/08/21 17:00:06 - mmengine - INFO - Epoch(train)  [5][1100/2804]  base_lr: 5.0000e-03 lr: 5.0000e-03  eta: 0:54:45  time: 0.1580  data_time: 0.0025  memory: 3814  grad_norm: 2.1709  loss: 1.7967  loss_cls: 0.5276  loss_bbox: 0.6149  loss_centerness: 0.6541
2026/08/21 17:00:14 - mmengine - INFO - Epoch(train)  [5][1150/2804]  base_lr: 5.0000e-03 lr: 5.0000e-03  eta: 0:54:38  time: 0.1479  data_time: 0.0020  memory: 3872  grad_norm: 1.8732  loss: 1.6604  loss_cls: 0.4411  loss_bbox: 0.5708  loss_centerness: 0.6485
2026/08/21 17:00:21 - mmengine - INFO - Epoch(train)  [5][1200/2804]  base_lr: 5.0000e-03 lr: 5.0000e-03  eta: 0:54:29  time: 0.1526  data_time: 0.0024  memory: 3788  grad_norm: 2.1822  loss: 1.7306  loss_cls: 0.4952  loss_bbox: 0.5886  loss_centerness: 0.6469
2026/08/21 17:00:29 - mmengine - INFO - Epoch(train)  [5][1250/2804]  base_lr: 5.0000e-03 lr: 5.0000e-03  eta: 0:54:22  time: 0.1700  data_time: 0.0021  memory: 4239  grad_norm: 1.8253  loss: 1.6202  loss_cls: 0.4539  loss_bbox: 0.5239  loss_centerness: 0.6423
2026/08/21 17:00:37 - mmengine - INFO - Epoch(train)  [5][1300/2804]  base_lr: 5.0000e-03 lr: 5.0000e-03  eta: 0:54:14  time: 0.1593  data_time: 0.0019  memory: 3925  grad_norm: 1.8000  loss: 1.7399  loss_cls: 0.5099  loss_bbox: 0.5806  loss_centerness: 0.6494
2026/08/21 17:00:44 - mmengine - INFO - Epoch(train)  [5][1350/2804]  base_lr: 5.0000e-03 lr: 5.0000e-03  eta: 0:54:07  time: 0.1530  data_time: 0.0019  memory: 4241  grad_norm: 1.5295  loss: 1.6252  loss_cls: 0.4329  loss_bbox: 0.5556  loss_centerness: 0.6367
2026/08/21 17:00:52 - mmengine - INFO - Epoch(train)  [5][1400/2804]  base_lr: 5.0000e-03 lr: 5.0000e-03  eta: 0:53:59  time: 0.1652  data_time: 0.0021  memory: 3743  grad_norm: 2.0851  loss: 1.5933  loss_cls: 0.4185  loss_bbox: 0.5389  loss_centerness: 0.6358
2026/08/21 17:01:00 - mmengine - INFO - Epoch(train)  [5][1450/2804]  base_lr: 5.0000e-03 lr: 5.0000e-03  eta: 0:53:51  time: 0.1536  data_time: 0.0025  memory: 3907  grad_norm: 2.0117  loss: 1.6708  loss_cls: 0.4320  loss_bbox: 0.5930  loss_centerness: 0.6458
2026/08/21 17:01:08 - mmengine - INFO - Epoch(train)  [5][1500/2804]  base_lr: 5.0000e-03 lr: 5.0000e-03  eta: 0:53:44  time: 0.1636  data_time: 0.0022  memory: 3853  grad_norm: 2.2223  loss: 1.7607  loss_cls: 0.5230  loss_bbox: 0.5903  loss_centerness: 0.6474
2026/08/21 17:01:15 - mmengine - INFO - Epoch(train)  [5][1550/2804]  base_lr: 5.0000e-03 lr: 5.0000e-03  eta: 0:53:36  time: 0.1530  data_time: 0.0019  memory: 4387  grad_norm: 2.5428  loss: 1.7655  loss_cls: 0.5480  loss_bbox: 0.5644  loss_centerness: 0.6531
2026/08/21 17:01:23 - mmengine - INFO - Epoch(train)  [5][1600/2804]  base_lr: 5.0000e-03 lr: 5.0000e-03  eta: 0:53:28  time: 0.1556  data_time: 0.0021  memory: 3738  grad_norm: 2.5975  loss: 1.7822  loss_cls: 0.5660  loss_bbox: 0.5725  loss_centerness: 0.6438
2026/08/21 17:01:31 - mmengine - INFO - Epoch(train)  [5][1650/2804]  base_lr: 5.0000e-03 lr: 5.0000e-03  eta: 0:53:21  time: 0.1564  data_time: 0.0019  memory: 3751  grad_norm: 1.7715  loss: 1.7383  loss_cls: 0.4473  loss_bbox: 0.6440  loss_centerness: 0.6469
2026/08/21 17:01:39 - mmengine - INFO - Epoch(train)  [5][1700/2804]  base_lr: 5.0000e-03 lr: 5.0000e-03  eta: 0:53:13  time: 0.1576  data_time: 0.0018  memory: 4098  grad_norm: 3.9869  loss: 1.8532  loss_cls: 0.6250  loss_bbox: 0.5849  loss_centerness: 0.6433
2026/08/21 17:01:46 - mmengine - INFO - Epoch(train)  [5][1750/2804]  base_lr: 5.0000e-03 lr: 5.0000e-03  eta: 0:53:06  time: 0.1575  data_time: 0.0020  memory: 4429  grad_norm: 2.6809  loss: 1.8901  loss_cls: 0.6471  loss_bbox: 0.6005  loss_centerness: 0.6424
2026/08/21 17:01:52 - mmengine - INFO - Exp name: fcos_r50_fpn_p3p7_aitodv2_20260821_160932
2026/08/21 17:01:54 - mmengine - INFO - Epoch(train)  [5][1800/2804]  base_lr: 5.0000e-03 lr: 5.0000e-03  eta: 0:52:58  time: 0.1528  data_time: 0.0018  memory: 3973  grad_norm: 1.8953  loss: 1.6195  loss_cls: 0.4242  loss_bbox: 0.5476  loss_centerness: 0.6476
2026/08/21 17:02:02 - mmengine - INFO - Epoch(train)  [5][1850/2804]  base_lr: 5.0000e-03 lr: 5.0000e-03  eta: 0:52:51  time: 0.1665  data_time: 0.0021  memory: 4511  grad_norm: 1.7742  loss: 1.7179  loss_cls: 0.4712  loss_bbox: 0.6010  loss_centerness: 0.6457
2026/08/21 17:02:10 - mmengine - INFO - Epoch(train)  [5][1900/2804]  base_lr: 5.0000e-03 lr: 5.0000e-03  eta: 0:52:44  time: 0.1621  data_time: 0.0024  memory: 3964  grad_norm: 2.4442  loss: 1.7583  loss_cls: 0.5222  loss_bbox: 0.5865  loss_centerness: 0.6495
2026/08/21 17:02:18 - mmengine - INFO - Epoch(train)  [5][1950/2804]  base_lr: 5.0000e-03 lr: 5.0000e-03  eta: 0:52:36  time: 0.1540  data_time: 0.0020  memory: 3927  grad_norm: 1.7443  loss: 1.5972  loss_cls: 0.4049  loss_bbox: 0.5508  loss_centerness: 0.6414
2026/08/21 17:02:26 - mmengine - INFO - Epoch(train)  [5][2000/2804]  base_lr: 5.0000e-03 lr: 5.0000e-03  eta: 0:52:29  time: 0.1534  data_time: 0.0024  memory: 3731  grad_norm: 2.5593  loss: 1.6274  loss_cls: 0.4100  loss_bbox: 0.5734  loss_centerness: 0.6440
2026/08/21 17:02:33 - mmengine - INFO - Epoch(train)  [5][2050/2804]  base_lr: 5.0000e-03 lr: 5.0000e-03  eta: 0:52:21  time: 0.1513  data_time: 0.0022  memory: 3825  grad_norm: 2.7813  loss: 1.8419  loss_cls: 0.5921  loss_bbox: 0.5933  loss_centerness: 0.6564
2026/08/21 17:02:41 - mmengine - INFO - Epoch(train)  [5][2100/2804]  base_lr: 5.0000e-03 lr: 5.0000e-03  eta: 0:52:13  time: 0.1529  data_time: 0.0019  memory: 3829  grad_norm: 2.0994  loss: 1.5476  loss_cls: 0.3865  loss_bbox: 0.5244  loss_centerness: 0.6367
2026/08/21 17:02:49 - mmengine - INFO - Epoch(train)  [5][2150/2804]  base_lr: 5.0000e-03 lr: 5.0000e-03  eta: 0:52:06  time: 0.1560  data_time: 0.0020  memory: 3819  grad_norm: 1.5513  loss: 1.4969  loss_cls: 0.3454  loss_bbox: 0.5088  loss_centerness: 0.6428
2026/08/21 17:02:57 - mmengine - INFO - Epoch(train)  [5][2200/2804]  base_lr: 5.0000e-03 lr: 5.0000e-03  eta: 0:51:58  time: 0.1506  data_time: 0.0019  memory: 3832  grad_norm: 2.4537  loss: 1.7441  loss_cls: 0.4985  loss_bbox: 0.6056  loss_centerness: 0.6400
2026/08/21 17:03:04 - mmengine - INFO - Epoch(train)  [5][2250/2804]  base_lr: 5.0000e-03 lr: 5.0000e-03  eta: 0:51:50  time: 0.1549  data_time: 0.0017  memory: 3790  grad_norm: 1.9665  loss: 1.6078  loss_cls: 0.3737  loss_bbox: 0.5903  loss_centerness: 0.6437
2026/08/21 17:03:13 - mmengine - INFO - Epoch(train)  [5][2300/2804]  base_lr: 5.0000e-03 lr: 5.0000e-03  eta: 0:51:43  time: 0.1785  data_time: 0.0023  memory: 3683  grad_norm: 1.8297  loss: 1.7351  loss_cls: 0.4980  loss_bbox: 0.5831  loss_centerness: 0.6540
2026/08/21 17:03:21 - mmengine - INFO - Epoch(train)  [5][2350/2804]  base_lr: 5.0000e-03 lr: 5.0000e-03  eta: 0:51:36  time: 0.1602  data_time: 0.0021  memory: 4466  grad_norm: 1.6654  loss: 1.6179  loss_cls: 0.4045  loss_bbox: 0.5578  loss_centerness: 0.6556
2026/08/21 17:03:29 - mmengine - INFO - Epoch(train)  [5][2400/2804]  base_lr: 5.0000e-03 lr: 5.0000e-03  eta: 0:51:30  time: 0.1823  data_time: 0.0031  memory: 4025  grad_norm: 1.9034  loss: 1.5620  loss_cls: 0.3770  loss_bbox: 0.5394  loss_centerness: 0.6456
2026/08/21 17:03:37 - mmengine - INFO - Epoch(train)  [5][2450/2804]  base_lr: 5.0000e-03 lr: 5.0000e-03  eta: 0:51:22  time: 0.1565  data_time: 0.0020  memory: 3853  grad_norm: 2.5595  loss: 1.6860  loss_cls: 0.4956  loss_bbox: 0.5480  loss_centerness: 0.6423
2026/08/21 17:03:45 - mmengine - INFO - Epoch(train)  [5][2500/2804]  base_lr: 5.0000e-03 lr: 5.0000e-03  eta: 0:51:15  time: 0.1623  data_time: 0.0021  memory: 3944  grad_norm: 1.8620  loss: 1.7371  loss_cls: 0.5295  loss_bbox: 0.5598  loss_centerness: 0.6479
2026/08/21 17:03:54 - mmengine - INFO - Epoch(train)  [5][2550/2804]  base_lr: 5.0000e-03 lr: 5.0000e-03  eta: 0:51:08  time: 0.1620  data_time: 0.0026  memory: 3786  grad_norm: 2.8762  loss: 1.7591  loss_cls: 0.5172  loss_bbox: 0.5878  loss_centerness: 0.6541
2026/08/21 17:04:02 - mmengine - INFO - Epoch(train)  [5][2600/2804]  base_lr: 5.0000e-03 lr: 5.0000e-03  eta: 0:51:01  time: 0.1839  data_time: 0.0029  memory: 3731  grad_norm: 1.9760  loss: 1.6582  loss_cls: 0.4645  loss_bbox: 0.5527  loss_centerness: 0.6410
2026/08/21 17:04:10 - mmengine - INFO - Epoch(train)  [5][2650/2804]  base_lr: 5.0000e-03 lr: 5.0000e-03  eta: 0:50:54  time: 0.1553  data_time: 0.0020  memory: 3753  grad_norm: 2.4704  loss: 1.6875  loss_cls: 0.4624  loss_bbox: 0.5716  loss_centerness: 0.6535
2026/08/21 17:04:17 - mmengine - INFO - Epoch(train)  [5][2700/2804]  base_lr: 5.0000e-03 lr: 5.0000e-03  eta: 0:50:46  time: 0.1555  data_time: 0.0019  memory: 3798  grad_norm: 2.3159  loss: 1.6969  loss_cls: 0.4767  loss_bbox: 0.5757  loss_centerness: 0.6445
2026/08/21 17:04:25 - mmengine - INFO - Epoch(train)  [5][2750/2804]  base_lr: 5.0000e-03 lr: 5.0000e-03  eta: 0:50:38  time: 0.1553  data_time: 0.0020  memory: 3819  grad_norm: 2.2331  loss: 1.7099  loss_cls: 0.4771  loss_bbox: 0.5853  loss_centerness: 0.6476
2026/08/21 17:04:30 - mmengine - INFO - Exp name: fcos_r50_fpn_p3p7_aitodv2_20260821_160932
2026/08/21 17:04:33 - mmengine - INFO - Epoch(train)  [5][2800/2804]  base_lr: 5.0000e-03 lr: 5.0000e-03  eta: 0:50:30  time: 0.1484  data_time: 0.0014  memory: 3888  grad_norm: 2.0087  loss: 1.7319  loss_cls: 0.4866  loss_bbox: 0.5994  loss_centerness: 0.6459
2026/08/21 17:04:33 - mmengine - INFO - Exp name: fcos_r50_fpn_p3p7_aitodv2_20260821_160932
2026/08/21 17:04:33 - mmengine - INFO - Saving checkpoint at 5 epochs
2026/08/21 17:04:43 - mmengine - INFO - Epoch(train)  [6][  50/2804]  base_lr: 5.0000e-03 lr: 5.0000e-03  eta: 0:50:23  time: 0.1552  data_time: 0.0021  memory: 4257  grad_norm: 2.0751  loss: 1.6507  loss_cls: 0.4635  loss_bbox: 0.5465  loss_centerness: 0.6407
2026/08/21 17:04:51 - mmengine - INFO - Epoch(train)  [6][ 100/2804]  base_lr: 5.0000e-03 lr: 5.0000e-03  eta: 0:50:15  time: 0.1567  data_time: 0.0023  memory: 3946  grad_norm: 1.4948  loss: 1.5793  loss_cls: 0.3737  loss_bbox: 0.5581  loss_centerness: 0.6475
2026/08/21 17:04:59 - mmengine - INFO - Epoch(train)  [6][ 150/2804]  base_lr: 5.0000e-03 lr: 5.0000e-03  eta: 0:50:07  time: 0.1514  data_time: 0.0018  memory: 4653  grad_norm: 2.0092  loss: 1.6156  loss_cls: 0.4552  loss_bbox: 0.5308  loss_centerness: 0.6296
2026/08/21 17:05:06 - mmengine - INFO - Epoch(train)  [6][ 200/2804]  base_lr: 5.0000e-03 lr: 5.0000e-03  eta: 0:50:00  time: 0.1552  data_time: 0.0019  memory: 3864  grad_norm: 2.0642  loss: 1.7537  loss_cls: 0.5301  loss_bbox: 0.5813  loss_centerness: 0.6422
2026/08/21 17:05:14 - mmengine - INFO - Epoch(train)  [6][ 250/2804]  base_lr: 5.0000e-03 lr: 5.0000e-03  eta: 0:49:52  time: 0.1542  data_time: 0.0021  memory: 3814  grad_norm: 2.2610  loss: 1.6975  loss_cls: 0.4580  loss_bbox: 0.5797  loss_centerness: 0.6598
2026/08/21 17:05:22 - mmengine - INFO - Epoch(train)  [6][ 300/2804]  base_lr: 5.0000e-03 lr: 5.0000e-03  eta: 0:49:44  time: 0.1781  data_time: 0.0022  memory: 3903  grad_norm: 2.5459  loss: 1.6698  loss_cls: 0.4722  loss_bbox: 0.5509  loss_centerness: 0.6468
2026/08/21 17:05:30 - mmengine - INFO - Epoch(train)  [6][ 350/2804]  base_lr: 5.0000e-03 lr: 5.0000e-03  eta: 0:49:37  time: 0.1532  data_time: 0.0019  memory: 4511  grad_norm: 2.4723  loss: 1.7025  loss_cls: 0.5087  loss_bbox: 0.5457  loss_centerness: 0.6481
2026/08/21 17:05:38 - mmengine - INFO - Epoch(train)  [6][ 400/2804]  base_lr: 5.0000e-03 lr: 5.0000e-03  eta: 0:49:29  time: 0.1530  data_time: 0.0020  memory: 3745  grad_norm: 2.0515  loss: 1.6979  loss_cls: 0.5209  loss_bbox: 0.5297  loss_centerness: 0.6473
2026/08/21 17:05:45 - mmengine - INFO - Epoch(train)  [6][ 450/2804]  base_lr: 5.0000e-03 lr: 5.0000e-03  eta: 0:49:21  time: 0.1529  data_time: 0.0021  memory: 3924  grad_norm: 1.8875  loss: 1.6601  loss_cls: 0.4612  loss_bbox: 0.5478  loss_centerness: 0.6511
2026/08/21 17:05:53 - mmengine - INFO - Epoch(train)  [6][ 500/2804]  base_lr: 5.0000e-03 lr: 5.0000e-03  eta: 0:49:14  time: 0.1550  data_time: 0.0019  memory: 3807  grad_norm: 1.8185  loss: 1.6629  loss_cls: 0.4593  loss_bbox: 0.5577  loss_centerness: 0.6459
2026/08/21 17:06:01 - mmengine - INFO - Epoch(train)  [6][ 550/2804]  base_lr: 5.0000e-03 lr: 5.0000e-03  eta: 0:49:06  time: 0.1585  data_time: 0.0020  memory: 4467  grad_norm: 1.6874  loss: 1.5922  loss_cls: 0.4062  loss_bbox: 0.5443  loss_centerness: 0.6417
2026/08/21 17:06:09 - mmengine - INFO - Epoch(train)  [6][ 600/2804]  base_lr: 5.0000e-03 lr: 5.0000e-03  eta: 0:48:59  time: 0.1556  data_time: 0.0017  memory: 3818  grad_norm: 1.9987  loss: 1.6413  loss_cls: 0.4322  loss_bbox: 0.5597  loss_centerness: 0.6494
2026/08/21 17:06:17 - mmengine - INFO - Epoch(train)  [6][ 650/2804]  base_lr: 5.0000e-03 lr: 5.0000e-03  eta: 0:48:51  time: 0.1537  data_time: 0.0017  memory: 3783  grad_norm: 1.6892  loss: 1.6428  loss_cls: 0.4538  loss_bbox: 0.5453  loss_centerness: 0.6437
2026/08/21 17:06:24 - mmengine - INFO - Epoch(train)  [6][ 700/2804]  base_lr: 5.0000e-03 lr: 5.0000e-03  eta: 0:48:43  time: 0.1521  data_time: 0.0018  memory: 3863  grad_norm: 1.8945  loss: 1.7203  loss_cls: 0.5141  loss_bbox: 0.5608  loss_centerness: 0.6455
2026/08/21 17:06:32 - mmengine - INFO - Epoch(train)  [6][ 750/2804]  base_lr: 5.0000e-03 lr: 5.0000e-03  eta: 0:48:35  time: 0.1524  data_time: 0.0019  memory: 3813  grad_norm: 1.7631  loss: 1.5858  loss_cls: 0.3801  loss_bbox: 0.5600  loss_centerness: 0.6457
2026/08/21 17:06:40 - mmengine - INFO - Epoch(train)  [6][ 800/2804]  base_lr: 5.0000e-03 lr: 5.0000e-03  eta: 0:48:28  time: 0.1539  data_time: 0.0021  memory: 3927  grad_norm: 1.6530  loss: 1.6898  loss_cls: 0.4463  loss_bbox: 0.6013  loss_centerness: 0.6422
2026/08/21 17:06:47 - mmengine - INFO - Epoch(train)  [6][ 850/2804]  base_lr: 5.0000e-03 lr: 5.0000e-03  eta: 0:48:20  time: 0.1522  data_time: 0.0018  memory: 4387  grad_norm: 1.9623  loss: 1.7040  loss_cls: 0.5146  loss_bbox: 0.5430  loss_centerness: 0.6464
2026/08/21 17:06:55 - mmengine - INFO - Epoch(train)  [6][ 900/2804]  base_lr: 5.0000e-03 lr: 5.0000e-03  eta: 0:48:13  time: 0.1832  data_time: 0.0024  memory: 3809  grad_norm: 1.6183  loss: 1.6961  loss_cls: 0.4920  loss_bbox: 0.5599  loss_centerness: 0.6442
2026/08/21 17:07:03 - mmengine - INFO - Epoch(train)  [6][ 950/2804]  base_lr: 5.0000e-03 lr: 5.0000e-03  eta: 0:48:05  time: 0.1616  data_time: 0.0024  memory: 3769  grad_norm: 1.6750  loss: 1.6737  loss_cls: 0.4883  loss_bbox: 0.5389  loss_centerness: 0.6466
2026/08/21 17:07:08 - mmengine - INFO - Exp name: fcos_r50_fpn_p3p7_aitodv2_20260821_160932
2026/08/21 17:07:11 - mmengine - INFO - Epoch(train)  [6][1000/2804]  base_lr: 5.0000e-03 lr: 5.0000e-03  eta: 0:47:57  time: 0.1607  data_time: 0.0021  memory: 3852  grad_norm: 2.5132  loss: 1.6480  loss_cls: 0.4615  loss_bbox: 0.5356  loss_centerness: 0.6509
2026/08/21 17:07:19 - mmengine - INFO - Epoch(train)  [6][1050/2804]  base_lr: 5.0000e-03 lr: 5.0000e-03  eta: 0:47:50  time: 0.1500  data_time: 0.0021  memory: 4255  grad_norm: 1.7145  loss: 1.5358  loss_cls: 0.3692  loss_bbox: 0.5241  loss_centerness: 0.6426
2026/08/21 17:07:27 - mmengine - INFO - Epoch(train)  [6][1100/2804]  base_lr: 5.0000e-03 lr: 5.0000e-03  eta: 0:47:42  time: 0.1610  data_time: 0.0020  memory: 4244  grad_norm: 1.7479  loss: 1.5656  loss_cls: 0.4023  loss_bbox: 0.5238  loss_centerness: 0.6395
2026/08/21 17:07:35 - mmengine - INFO - Epoch(train)  [6][1150/2804]  base_lr: 5.0000e-03 lr: 5.0000e-03  eta: 0:47:35  time: 0.1530  data_time: 0.0019  memory: 3770  grad_norm: 2.0835  loss: 1.5942  loss_cls: 0.4366  loss_bbox: 0.5154  loss_centerness: 0.6422
2026/08/21 17:07:43 - mmengine - INFO - Epoch(train)  [6][1200/2804]  base_lr: 5.0000e-03 lr: 5.0000e-03  eta: 0:47:27  time: 0.1503  data_time: 0.0018  memory: 3711  grad_norm: 2.7692  loss: 1.6941  loss_cls: 0.4973  loss_bbox: 0.5516  loss_centerness: 0.6452
2026/08/21 17:07:51 - mmengine - INFO - Epoch(train)  [6][1250/2804]  base_lr: 5.0000e-03 lr: 5.0000e-03  eta: 0:47:20  time: 0.1598  data_time: 0.0027  memory: 4008  grad_norm: 1.8581  loss: 1.6351  loss_cls: 0.4189  loss_bbox: 0.5711  loss_centerness: 0.6450
2026/08/21 17:08:00 - mmengine - INFO - Epoch(train)  [6][1300/2804]  base_lr: 5.0000e-03 lr: 5.0000e-03  eta: 0:47:14  time: 0.1577  data_time: 0.0020  memory: 4239  grad_norm: 1.5593  loss: 1.5823  loss_cls: 0.4027  loss_bbox: 0.5380  loss_centerness: 0.6417
2026/08/21 17:08:08 - mmengine - INFO - Epoch(train)  [6][1350/2804]  base_lr: 5.0000e-03 lr: 5.0000e-03  eta: 0:47:06  time: 0.1602  data_time: 0.0022  memory: 4171  grad_norm: 2.3571  loss: 1.6631  loss_cls: 0.4588  loss_bbox: 0.5616  loss_centerness: 0.6427
2026/08/21 17:08:16 - mmengine - INFO - Epoch(train)  [6][1400/2804]  base_lr: 5.0000e-03 lr: 5.0000e-03  eta: 0:46:59  time: 0.1616  data_time: 0.0022  memory: 3867  grad_norm: 2.7418  loss: 1.7566  loss_cls: 0.5166  loss_bbox: 0.5963  loss_centerness: 0.6437
2026/08/21 17:08:25 - mmengine - INFO - Epoch(train)  [6][1450/2804]  base_lr: 5.0000e-03 lr: 5.0000e-03  eta: 0:46:53  time: 0.2000  data_time: 0.0032  memory: 4240  grad_norm: 2.1935  loss: 1.6530  loss_cls: 0.4773  loss_bbox: 0.5345  loss_centerness: 0.6411
2026/08/21 17:08:33 - mmengine - INFO - Epoch(train)  [6][1500/2804]  base_lr: 5.0000e-03 lr: 5.0000e-03  eta: 0:46:46  time: 0.1533  data_time: 0.0018  memory: 3973  grad_norm: 1.9159  loss: 1.7382  loss_cls: 0.5282  loss_bbox: 0.5605  loss_centerness: 0.6496
2026/08/21 17:08:41 - mmengine - INFO - Epoch(train)  [6][1550/2804]  base_lr: 5.0000e-03 lr: 5.0000e-03  eta: 0:46:38  time: 0.1554  data_time: 0.0018  memory: 3803  grad_norm: 2.3657  loss: 1.6978  loss_cls: 0.4896  loss_bbox: 0.5709  loss_centerness: 0.6373
2026/08/21 17:08:49 - mmengine - INFO - Epoch(train)  [6][1600/2804]  base_lr: 5.0000e-03 lr: 5.0000e-03  eta: 0:46:30  time: 0.1538  data_time: 0.0018  memory: 3819  grad_norm: 2.1602  loss: 1.6079  loss_cls: 0.4205  loss_bbox: 0.5413  loss_centerness: 0.6461
2026/08/21 17:08:56 - mmengine - INFO - Epoch(train)  [6][1650/2804]  base_lr: 5.0000e-03 lr: 5.0000e-03  eta: 0:46:22  time: 0.1509  data_time: 0.0017  memory: 3852  grad_norm: 2.5208  loss: 1.5950  loss_cls: 0.3860  loss_bbox: 0.5626  loss_centerness: 0.6464
2026/08/21 17:09:04 - mmengine - INFO - Epoch(train)  [6][1700/2804]  base_lr: 5.0000e-03 lr: 5.0000e-03  eta: 0:46:15  time: 0.1549  data_time: 0.0020  memory: 3761  grad_norm: 1.5846  loss: 1.6495  loss_cls: 0.4293  loss_bbox: 0.5725  loss_centerness: 0.6478
2026/08/21 17:09:12 - mmengine - INFO - Epoch(train)  [6][1750/2804]  base_lr: 5.0000e-03 lr: 5.0000e-03  eta: 0:46:07  time: 0.1566  data_time: 0.0018  memory: 4025  grad_norm: 2.2555  loss: 1.6870  loss_cls: 0.4734  loss_bbox: 0.5656  loss_centerness: 0.6480
2026/08/21 17:09:20 - mmengine - INFO - Epoch(train)  [6][1800/2804]  base_lr: 5.0000e-03 lr: 5.0000e-03  eta: 0:45:59  time: 0.1520  data_time: 0.0018  memory: 3853  grad_norm: 2.2779  loss: 1.6188  loss_cls: 0.4453  loss_bbox: 0.5371  loss_centerness: 0.6364
2026/08/21 17:09:27 - mmengine - INFO - Epoch(train)  [6][1850/2804]  base_lr: 5.0000e-03 lr: 5.0000e-03  eta: 0:45:52  time: 0.1528  data_time: 0.0019  memory: 3786  grad_norm: 1.7437  loss: 1.6372  loss_cls: 0.4329  loss_bbox: 0.5632  loss_centerness: 0.6411
2026/08/21 17:09:35 - mmengine - INFO - Epoch(train)  [6][1900/2804]  base_lr: 5.0000e-03 lr: 5.0000e-03  eta: 0:45:44  time: 0.1553  data_time: 0.0021  memory: 3807  grad_norm: 1.8407  loss: 1.5706  loss_cls: 0.3871  loss_bbox: 0.5345  loss_centerness: 0.6489
2026/08/21 17:09:43 - mmengine - INFO - Epoch(train)  [6][1950/2804]  base_lr: 5.0000e-03 lr: 5.0000e-03  eta: 0:45:36  time: 0.1502  data_time: 0.0019  memory: 3722  grad_norm: 2.0705  loss: 1.6251  loss_cls: 0.4103  loss_bbox: 0.5743  loss_centerness: 0.6405
2026/08/21 17:09:48 - mmengine - INFO - Exp name: fcos_r50_fpn_p3p7_aitodv2_20260821_160932
2026/08/21 17:09:51 - mmengine - INFO - Epoch(train)  [6][2000/2804]  base_lr: 5.0000e-03 lr: 5.0000e-03  eta: 0:45:28  time: 0.1539  data_time: 0.0020  memory: 4112  grad_norm: 2.1966  loss: 1.6249  loss_cls: 0.4336  loss_bbox: 0.5505  loss_centerness: 0.6408
2026/08/21 17:09:59 - mmengine - INFO - Epoch(train)  [6][2050/2804]  base_lr: 5.0000e-03 lr: 5.0000e-03  eta: 0:45:21  time: 0.1660  data_time: 0.0021  memory: 3952  grad_norm: 2.0007  loss: 1.6714  loss_cls: 0.4651  loss_bbox: 0.5568  loss_centerness: 0.6495
2026/08/21 17:10:07 - mmengine - INFO - Epoch(train)  [6][2100/2804]  base_lr: 5.0000e-03 lr: 5.0000e-03  eta: 0:45:14  time: 0.1645  data_time: 0.0019  memory: 3758  grad_norm: 2.1599  loss: 1.5798  loss_cls: 0.4124  loss_bbox: 0.5402  loss_centerness: 0.6272
2026/08/21 17:10:15 - mmengine - INFO - Epoch(train)  [6][2150/2804]  base_lr: 5.0000e-03 lr: 5.0000e-03  eta: 0:45:06  time: 0.1537  data_time: 0.0017  memory: 3829  grad_norm: 1.5378  loss: 1.5552  loss_cls: 0.3744  loss_bbox: 0.5352  loss_centerness: 0.6456
2026/08/21 17:10:22 - mmengine - INFO - Epoch(train)  [6][2200/2804]  base_lr: 5.0000e-03 lr: 5.0000e-03  eta: 0:44:58  time: 0.1583  data_time: 0.0020  memory: 3748  grad_norm: 2.7663  loss: 1.8325  loss_cls: 0.5925  loss_bbox: 0.6084  loss_centerness: 0.6316
2026/08/21 17:10:30 - mmengine - INFO - Epoch(train)  [6][2250/2804]  base_lr: 5.0000e-03 lr: 5.0000e-03  eta: 0:44:50  time: 0.1529  data_time: 0.0017  memory: 3755  grad_norm: 2.4141  loss: 1.6388  loss_cls: 0.5073  loss_bbox: 0.4998  loss_centerness: 0.6317
2026/08/21 17:10:38 - mmengine - INFO - Epoch(train)  [6][2300/2804]  base_lr: 5.0000e-03 lr: 5.0000e-03  eta: 0:44:43  time: 0.1578  data_time: 0.0021  memory: 3766  grad_norm: 1.8381  loss: 1.5837  loss_cls: 0.4211  loss_bbox: 0.5194  loss_centerness: 0.6431
2026/08/21 17:10:46 - mmengine - INFO - Epoch(train)  [6][2350/2804]  base_lr: 5.0000e-03 lr: 5.0000e-03  eta: 0:44:35  time: 0.1563  data_time: 0.0022  memory: 3735  grad_norm: 1.7440  loss: 1.5115  loss_cls: 0.3712  loss_bbox: 0.5020  loss_centerness: 0.6383
2026/08/21 17:10:54 - mmengine - INFO - Epoch(train)  [6][2400/2804]  base_lr: 5.0000e-03 lr: 5.0000e-03  eta: 0:44:28  time: 0.1597  data_time: 0.0025  memory: 4408  grad_norm: 2.1960  loss: 1.6927  loss_cls: 0.4931  loss_bbox: 0.5646  loss_centerness: 0.6350
2026/08/21 17:11:01 - mmengine - INFO - Epoch(train)  [6][2450/2804]  base_lr: 5.0000e-03 lr: 5.0000e-03  eta: 0:44:20  time: 0.1764  data_time: 0.0018  memory: 3944  grad_norm: 2.4828  loss: 1.7212  loss_cls: 0.5265  loss_bbox: 0.5486  loss_centerness: 0.6461
2026/08/21 17:11:09 - mmengine - INFO - Epoch(train)  [6][2500/2804]  base_lr: 5.0000e-03 lr: 5.0000e-03  eta: 0:44:12  time: 0.1542  data_time: 0.0018  memory: 3762  grad_norm: 1.7410  loss: 1.6427  loss_cls: 0.4388  loss_bbox: 0.5492  loss_centerness: 0.6546
2026/08/21 17:11:17 - mmengine - INFO - Epoch(train)  [6][2550/2804]  base_lr: 5.0000e-03 lr: 5.0000e-03  eta: 0:44:04  time: 0.1562  data_time: 0.0018  memory: 3907  grad_norm: 1.8544  loss: 1.5364  loss_cls: 0.4140  loss_bbox: 0.4863  loss_centerness: 0.6361
2026/08/21 17:11:25 - mmengine - INFO - Epoch(train)  [6][2600/2804]  base_lr: 5.0000e-03 lr: 5.0000e-03  eta: 0:43:56  time: 0.1509  data_time: 0.0018  memory: 3869  grad_norm: 2.6130  loss: 1.7015  loss_cls: 0.5018  loss_bbox: 0.5513  loss_centerness: 0.6484
2026/08/21 17:11:32 - mmengine - INFO - Epoch(train)  [6][2650/2804]  base_lr: 5.0000e-03 lr: 5.0000e-03  eta: 0:43:49  time: 0.1517  data_time: 0.0020  memory: 4098  grad_norm: 1.9412  loss: 1.6410  loss_cls: 0.4486  loss_bbox: 0.5591  loss_centerness: 0.6333
2026/08/21 17:11:40 - mmengine - INFO - Epoch(train)  [6][2700/2804]  base_lr: 5.0000e-03 lr: 5.0000e-03  eta: 0:43:41  time: 0.1568  data_time: 0.0017  memory: 3872  grad_norm: 1.4597  loss: 1.4919  loss_cls: 0.3459  loss_bbox: 0.5037  loss_centerness: 0.6423
2026/08/21 17:11:48 - mmengine - INFO - Epoch(train)  [6][2750/2804]  base_lr: 5.0000e-03 lr: 5.0000e-03  eta: 0:43:33  time: 0.1535  data_time: 0.0018  memory: 3733  grad_norm: 1.8660  loss: 1.6922  loss_cls: 0.4557  loss_bbox: 0.5852  loss_centerness: 0.6514
2026/08/21 17:11:55 - mmengine - INFO - Epoch(train)  [6][2800/2804]  base_lr: 5.0000e-03 lr: 5.0000e-03  eta: 0:43:25  time: 0.1471  data_time: 0.0012  memory: 3693  grad_norm: 2.0757  loss: 1.6056  loss_cls: 0.4503  loss_bbox: 0.5274  loss_centerness: 0.6279
2026/08/21 17:11:56 - mmengine - INFO - Exp name: fcos_r50_fpn_p3p7_aitodv2_20260821_160932
2026/08/21 17:11:56 - mmengine - INFO - Saving checkpoint at 6 epochs
2026/08/21 17:12:05 - mmengine - INFO - Epoch(train)  [7][  50/2804]  base_lr: 5.0000e-03 lr: 5.0000e-03  eta: 0:43:17  time: 0.1613  data_time: 0.0025  memory: 4653  grad_norm: 1.5576  loss: 1.4917  loss_cls: 0.3343  loss_bbox: 0.5114  loss_centerness: 0.6460
2026/08/21 17:12:13 - mmengine - INFO - Epoch(train)  [7][ 100/2804]  base_lr: 5.0000e-03 lr: 5.0000e-03  eta: 0:43:09  time: 0.1516  data_time: 0.0022  memory: 3762  grad_norm: 2.1602  loss: 1.7086  loss_cls: 0.5266  loss_bbox: 0.5383  loss_centerness: 0.6437
2026/08/21 17:12:21 - mmengine - INFO - Epoch(train)  [7][ 150/2804]  base_lr: 5.0000e-03 lr: 5.0000e-03  eta: 0:43:01  time: 0.1544  data_time: 0.0019  memory: 3867  grad_norm: 1.8404  loss: 1.6652  loss_cls: 0.4794  loss_bbox: 0.5401  loss_centerness: 0.6458
2026/08/21 17:12:25 - mmengine - INFO - Exp name: fcos_r50_fpn_p3p7_aitodv2_20260821_160932
2026/08/21 17:12:28 - mmengine - INFO - Epoch(train)  [7][ 200/2804]  base_lr: 5.0000e-03 lr: 5.0000e-03  eta: 0:42:54  time: 0.1519  data_time: 0.0020  memory: 3787  grad_norm: 2.8480  loss: 1.5066  loss_cls: 0.3521  loss_bbox: 0.5096  loss_centerness: 0.6448
2026/08/21 17:12:36 - mmengine - INFO - Epoch(train)  [7][ 250/2804]  base_lr: 5.0000e-03 lr: 5.0000e-03  eta: 0:42:46  time: 0.1525  data_time: 0.0020  memory: 3926  grad_norm: 2.0107  loss: 1.6731  loss_cls: 0.4514  loss_bbox: 0.5780  loss_centerness: 0.6437
2026/08/21 17:12:44 - mmengine - INFO - Epoch(train)  [7][ 300/2804]  base_lr: 5.0000e-03 lr: 5.0000e-03  eta: 0:42:38  time: 0.1591  data_time: 0.0021  memory: 3749  grad_norm: 1.4872  loss: 1.4846  loss_cls: 0.3076  loss_bbox: 0.5349  loss_centerness: 0.6422
2026/08/21 17:12:53 - mmengine - INFO - Epoch(train)  [7][ 350/2804]  base_lr: 5.0000e-03 lr: 5.0000e-03  eta: 0:42:31  time: 0.1687  data_time: 0.0025  memory: 4171  grad_norm: 1.9381  loss: 1.6490  loss_cls: 0.4529  loss_bbox: 0.5510  loss_centerness: 0.6450
2026/08/21 17:13:00 - mmengine - INFO - Epoch(train)  [7][ 400/2804]  base_lr: 5.0000e-03 lr: 5.0000e-03  eta: 0:42:23  time: 0.1530  data_time: 0.0019  memory: 3855  grad_norm: 1.9942  loss: 1.6374  loss_cls: 0.4495  loss_bbox: 0.5554  loss_centerness: 0.6325
2026/08/21 17:13:08 - mmengine - INFO - Epoch(train)  [7][ 450/2804]  base_lr: 5.0000e-03 lr: 5.0000e-03  eta: 0:42:16  time: 0.1518  data_time: 0.0019  memory: 3740  grad_norm: 1.7072  loss: 1.5722  loss_cls: 0.3824  loss_bbox: 0.5468  loss_centerness: 0.6431
2026/08/21 17:13:16 - mmengine - INFO - Epoch(train)  [7][ 500/2804]  base_lr: 5.0000e-03 lr: 5.0000e-03  eta: 0:42:08  time: 0.1577  data_time: 0.0021  memory: 4239  grad_norm: 2.7711  loss: 1.7721  loss_cls: 0.5099  loss_bbox: 0.6219  loss_centerness: 0.6403
2026/08/21 17:13:24 - mmengine - INFO - Epoch(train)  [7][ 550/2804]  base_lr: 5.0000e-03 lr: 5.0000e-03  eta: 0:42:00  time: 0.1568  data_time: 0.0021  memory: 4244  grad_norm: 2.2604  loss: 1.5870  loss_cls: 0.4260  loss_bbox: 0.5136  loss_centerness: 0.6473
2026/08/21 17:13:32 - mmengine - INFO - Epoch(train)  [7][ 600/2804]  base_lr: 5.0000e-03 lr: 5.0000e-03  eta: 0:41:53  time: 0.1597  data_time: 0.0020  memory: 3863  grad_norm: 2.3246  loss: 1.7197  loss_cls: 0.5452  loss_bbox: 0.5296  loss_centerness: 0.6449
2026/08/21 17:13:40 - mmengine - INFO - Epoch(train)  [7][ 650/2804]  base_lr: 5.0000e-03 lr: 5.0000e-03  eta: 0:41:46  time: 0.1544  data_time: 0.0018  memory: 4241  grad_norm: 2.1123  loss: 1.5749  loss_cls: 0.3985  loss_bbox: 0.5307  loss_centerness: 0.6457
2026/08/21 17:13:48 - mmengine - INFO - Epoch(train)  [7][ 700/2804]  base_lr: 5.0000e-03 lr: 5.0000e-03  eta: 0:41:38  time: 0.1525  data_time: 0.0021  memory: 3793  grad_norm: 2.2608  loss: 1.6211  loss_cls: 0.4440  loss_bbox: 0.5383  loss_centerness: 0.6388
2026/08/21 17:13:55 - mmengine - INFO - Epoch(train)  [7][ 750/2804]  base_lr: 5.0000e-03 lr: 5.0000e-03  eta: 0:41:30  time: 0.1521  data_time: 0.0020  memory: 3791  grad_norm: 2.2678  loss: 1.6659  loss_cls: 0.5012  loss_bbox: 0.5220  loss_centerness: 0.6426
2026/08/21 17:14:03 - mmengine - INFO - Epoch(train)  [7][ 800/2804]  base_lr: 5.0000e-03 lr: 5.0000e-03  eta: 0:41:22  time: 0.1610  data_time: 0.0023  memory: 3676  grad_norm: 1.8144  loss: 1.5518  loss_cls: 0.4218  loss_bbox: 0.4970  loss_centerness: 0.6330
2026/08/21 17:14:11 - mmengine - INFO - Epoch(train)  [7][ 850/2804]  base_lr: 5.0000e-03 lr: 5.0000e-03  eta: 0:41:15  time: 0.1521  data_time: 0.0016  memory: 4387  grad_norm: 1.5854  loss: 1.5569  loss_cls: 0.3850  loss_bbox: 0.5272  loss_centerness: 0.6447
2026/08/21 17:14:19 - mmengine - INFO - Epoch(train)  [7][ 900/2804]  base_lr: 5.0000e-03 lr: 5.0000e-03  eta: 0:41:07  time: 0.1515  data_time: 0.0019  memory: 3800  grad_norm: 2.1768  loss: 1.5600  loss_cls: 0.3986  loss_bbox: 0.5287  loss_centerness: 0.6327
2026/08/21 17:14:27 - mmengine - INFO - Epoch(train)  [7][ 950/2804]  base_lr: 5.0000e-03 lr: 5.0000e-03  eta: 0:40:59  time: 0.1514  data_time: 0.0020  memory: 3844  grad_norm: 2.1045  loss: 1.6151  loss_cls: 0.4161  loss_bbox: 0.5594  loss_centerness: 0.6396
2026/08/21 17:14:34 - mmengine - INFO - Epoch(train)  [7][1000/2804]  base_lr: 5.0000e-03 lr: 5.0000e-03  eta: 0:40:52  time: 0.1786  data_time: 0.0024  memory: 3832  grad_norm: 1.7716  loss: 1.6452  loss_cls: 0.4421  loss_bbox: 0.5593  loss_centerness: 0.6438
2026/08/21 17:14:42 - mmengine - INFO - Epoch(train)  [7][1050/2804]  base_lr: 5.0000e-03 lr: 5.0000e-03  eta: 0:40:44  time: 0.1525  data_time: 0.0020  memory: 4430  grad_norm: 2.4392  loss: 1.6683  loss_cls: 0.4542  loss_bbox: 0.5665  loss_centerness: 0.6475
2026/08/21 17:14:50 - mmengine - INFO - Epoch(train)  [7][1100/2804]  base_lr: 5.0000e-03 lr: 5.0000e-03  eta: 0:40:36  time: 0.1516  data_time: 0.0017  memory: 3864  grad_norm: 1.7150  loss: 1.6310  loss_cls: 0.4288  loss_bbox: 0.5569  loss_centerness: 0.6452
2026/08/21 17:14:58 - mmengine - INFO - Epoch(train)  [7][1150/2804]  base_lr: 5.0000e-03 lr: 5.0000e-03  eta: 0:40:28  time: 0.1526  data_time: 0.0017  memory: 3757  grad_norm: 1.9849  loss: 1.6225  loss_cls: 0.4384  loss_bbox: 0.5401  loss_centerness: 0.6440
2026/08/21 17:15:02 - mmengine - INFO - Exp name: fcos_r50_fpn_p3p7_aitodv2_20260821_160932
2026/08/21 17:15:05 - mmengine - INFO - Epoch(train)  [7][1200/2804]  base_lr: 5.0000e-03 lr: 5.0000e-03  eta: 0:40:21  time: 0.1514  data_time: 0.0019  memory: 3799  grad_norm: 2.5040  loss: 1.5832  loss_cls: 0.4303  loss_bbox: 0.5095  loss_centerness: 0.6434
2026/08/21 17:15:13 - mmengine - INFO - Epoch(train)  [7][1250/2804]  base_lr: 5.0000e-03 lr: 5.0000e-03  eta: 0:40:13  time: 0.1601  data_time: 0.0021  memory: 3723  grad_norm: 2.2948  loss: 1.6852  loss_cls: 0.5122  loss_bbox: 0.5331  loss_centerness: 0.6400
2026/08/21 17:15:21 - mmengine - INFO - Epoch(train)  [7][1300/2804]  base_lr: 5.0000e-03 lr: 5.0000e-03  eta: 0:40:05  time: 0.1527  data_time: 0.0021  memory: 3903  grad_norm: 2.1917  loss: 1.6087  loss_cls: 0.4228  loss_bbox: 0.5535  loss_centerness: 0.6324
2026/08/21 17:15:29 - mmengine - INFO - Epoch(train)  [7][1350/2804]  base_lr: 5.0000e-03 lr: 5.0000e-03  eta: 0:39:57  time: 0.1526  data_time: 0.0021  memory: 3925  grad_norm: 2.3015  loss: 1.6091  loss_cls: 0.4315  loss_bbox: 0.5447  loss_centerness: 0.6329
2026/08/21 17:15:37 - mmengine - INFO - Epoch(train)  [7][1400/2804]  base_lr: 5.0000e-03 lr: 5.0000e-03  eta: 0:39:50  time: 0.1554  data_time: 0.0018  memory: 3944  grad_norm: 2.7127  loss: 1.6642  loss_cls: 0.5044  loss_bbox: 0.5275  loss_centerness: 0.6323
2026/08/21 17:15:45 - mmengine - INFO - Epoch(train)  [7][1450/2804]  base_lr: 5.0000e-03 lr: 5.0000e-03  eta: 0:39:42  time: 0.1776  data_time: 0.0286  memory: 3947  grad_norm: 1.7416  loss: 1.5353  loss_cls: 0.3695  loss_bbox: 0.5228  loss_centerness: 0.6430
2026/08/21 17:15:52 - mmengine - INFO - Epoch(train)  [7][1500/2804]  base_lr: 5.0000e-03 lr: 5.0000e-03  eta: 0:39:34  time: 0.1535  data_time: 0.0019  memory: 4097  grad_norm: 2.1695  loss: 1.7169  loss_cls: 0.5230  loss_bbox: 0.5504  loss_centerness: 0.6436
2026/08/21 17:16:00 - mmengine - INFO - Epoch(train)  [7][1550/2804]  base_lr: 5.0000e-03 lr: 5.0000e-03  eta: 0:39:26  time: 0.1560  data_time: 0.0022  memory: 3714  grad_norm: 1.6986  loss: 1.6264  loss_cls: 0.4251  loss_bbox: 0.5517  loss_centerness: 0.6496
2026/08/21 17:16:07 - mmengine - INFO - Epoch(train)  [7][1600/2804]  base_lr: 5.0000e-03 lr: 5.0000e-03  eta: 0:39:19  time: 0.1544  data_time: 0.0019  memory: 3740  grad_norm: 1.8630  loss: 1.4986  loss_cls: 0.3761  loss_bbox: 0.4959  loss_centerness: 0.6266
2026/08/21 17:16:15 - mmengine - INFO - Epoch(train)  [7][1650/2804]  base_lr: 5.0000e-03 lr: 5.0000e-03  eta: 0:39:11  time: 0.1536  data_time: 0.0022  memory: 4112  grad_norm: 2.4337  loss: 1.6258  loss_cls: 0.4728  loss_bbox: 0.5077  loss_centerness: 0.6453
2026/08/21 17:16:23 - mmengine - INFO - Epoch(train)  [7][1700/2804]  base_lr: 5.0000e-03 lr: 5.0000e-03  eta: 0:39:03  time: 0.1535  data_time: 0.0019  memory: 4511  grad_norm: 1.7040  loss: 1.5959  loss_cls: 0.4155  loss_bbox: 0.5430  loss_centerness: 0.6375
2026/08/21 17:16:31 - mmengine - INFO - Epoch(train)  [7][1750/2804]  base_lr: 5.0000e-03 lr: 5.0000e-03  eta: 0:38:55  time: 0.1510  data_time: 0.0018  memory: 3805  grad_norm: 2.2909  loss: 1.5975  loss_cls: 0.4347  loss_bbox: 0.5268  loss_centerness: 0.6360
2026/08/21 17:16:39 - mmengine - INFO - Epoch(train)  [7][1800/2804]  base_lr: 5.0000e-03 lr: 5.0000e-03  eta: 0:38:48  time: 0.1531  data_time: 0.0020  memory: 3770  grad_norm: 2.1486  loss: 1.6460  loss_cls: 0.4398  loss_bbox: 0.5549  loss_centerness: 0.6513
2026/08/21 17:16:46 - mmengine - INFO - Epoch(train)  [7][1850/2804]  base_lr: 5.0000e-03 lr: 5.0000e-03  eta: 0:38:40  time: 0.1509  data_time: 0.0017  memory: 3889  grad_norm: 1.8310  loss: 1.6149  loss_cls: 0.4511  loss_bbox: 0.5194  loss_centerness: 0.6444
2026/08/21 17:16:54 - mmengine - INFO - Epoch(train)  [7][1900/2804]  base_lr: 5.0000e-03 lr: 5.0000e-03  eta: 0:38:32  time: 0.1557  data_time: 0.0020  memory: 4007  grad_norm: 2.0004  loss: 1.6909  loss_cls: 0.5247  loss_bbox: 0.5188  loss_centerness: 0.6474
2026/08/21 17:17:02 - mmengine - INFO - Epoch(train)  [7][1950/2804]  base_lr: 5.0000e-03 lr: 5.0000e-03  eta: 0:38:24  time: 0.1537  data_time: 0.0020  memory: 3795  grad_norm: 1.5870  loss: 1.6510  loss_cls: 0.4395  loss_bbox: 0.5633  loss_centerness: 0.6482
2026/08/21 17:17:09 - mmengine - INFO - Epoch(train)  [7][2000/2804]  base_lr: 5.0000e-03 lr: 5.0000e-03  eta: 0:38:17  time: 0.1546  data_time: 0.0023  memory: 3852  grad_norm: 2.0071  loss: 1.5353  loss_cls: 0.3447  loss_bbox: 0.5476  loss_centerness: 0.6430
2026/08/21 17:17:17 - mmengine - INFO - Epoch(train)  [7][2050/2804]  base_lr: 5.0000e-03 lr: 5.0000e-03  eta: 0:38:09  time: 0.1548  data_time: 0.0021  memory: 3907  grad_norm: 2.4708  loss: 1.6468  loss_cls: 0.4957  loss_bbox: 0.5131  loss_centerness: 0.6380
2026/08/21 17:17:25 - mmengine - INFO - Epoch(train)  [7][2100/2804]  base_lr: 5.0000e-03 lr: 5.0000e-03  eta: 0:38:01  time: 0.1535  data_time: 0.0021  memory: 3770  grad_norm: 2.0818  loss: 1.6385  loss_cls: 0.4760  loss_bbox: 0.5207  loss_centerness: 0.6417
2026/08/21 17:17:33 - mmengine - INFO - Epoch(train)  [7][2150/2804]  base_lr: 5.0000e-03 lr: 5.0000e-03  eta: 0:37:53  time: 0.1528  data_time: 0.0020  memory: 3829  grad_norm: 2.4195  loss: 1.6949  loss_cls: 0.5090  loss_bbox: 0.5402  loss_centerness: 0.6457
2026/08/21 17:17:37 - mmengine - INFO - Exp name: fcos_r50_fpn_p3p7_aitodv2_20260821_160932
2026/08/21 17:17:40 - mmengine - INFO - Epoch(train)  [7][2200/2804]  base_lr: 5.0000e-03 lr: 5.0000e-03  eta: 0:37:46  time: 0.1524  data_time: 0.0017  memory: 3748  grad_norm: 2.7247  loss: 1.5909  loss_cls: 0.4521  loss_bbox: 0.5110  loss_centerness: 0.6279
2026/08/21 17:17:48 - mmengine - INFO - Epoch(train)  [7][2250/2804]  base_lr: 5.0000e-03 lr: 5.0000e-03  eta: 0:37:38  time: 0.1429  data_time: 0.0017  memory: 3747  grad_norm: 1.3973  loss: 1.5218  loss_cls: 0.3920  loss_bbox: 0.4909  loss_centerness: 0.6389
2026/08/21 17:17:56 - mmengine - INFO - Epoch(train)  [7][2300/2804]  base_lr: 5.0000e-03 lr: 5.0000e-03  eta: 0:37:30  time: 0.1634  data_time: 0.0022  memory: 3738  grad_norm: 1.8919  loss: 1.6115  loss_cls: 0.4474  loss_bbox: 0.5286  loss_centerness: 0.6354
2026/08/21 17:18:04 - mmengine - INFO - Epoch(train)  [7][2350/2804]  base_lr: 5.0000e-03 lr: 5.0000e-03  eta: 0:37:22  time: 0.1579  data_time: 0.0017  memory: 3819  grad_norm: 2.9981  loss: 1.8552  loss_cls: 0.6225  loss_bbox: 0.5865  loss_centerness: 0.6462
2026/08/21 17:18:11 - mmengine - INFO - Epoch(train)  [7][2400/2804]  base_lr: 5.0000e-03 lr: 5.0000e-03  eta: 0:37:15  time: 0.1518  data_time: 0.0019  memory: 4026  grad_norm: 1.8141  loss: 1.5740  loss_cls: 0.4179  loss_bbox: 0.5109  loss_centerness: 0.6452
2026/08/21 17:18:19 - mmengine - INFO - Epoch(train)  [7][2450/2804]  base_lr: 5.0000e-03 lr: 5.0000e-03  eta: 0:37:07  time: 0.1540  data_time: 0.0021  memory: 3853  grad_norm: 1.6698  loss: 1.6020  loss_cls: 0.4188  loss_bbox: 0.5443  loss_centerness: 0.6390
2026/08/21 17:18:27 - mmengine - INFO - Epoch(train)  [7][2500/2804]  base_lr: 5.0000e-03 lr: 5.0000e-03  eta: 0:36:59  time: 0.1562  data_time: 0.0019  memory: 3740  grad_norm: 1.8874  loss: 1.6651  loss_cls: 0.4764  loss_bbox: 0.5405  loss_centerness: 0.6482
2026/08/21 17:18:35 - mmengine - INFO - Epoch(train)  [7][2550/2804]  base_lr: 5.0000e-03 lr: 5.0000e-03  eta: 0:36:51  time: 0.1550  data_time: 0.0019  memory: 4257  grad_norm: 1.7193  loss: 1.6400  loss_cls: 0.4547  loss_bbox: 0.5383  loss_centerness: 0.6470
2026/08/21 17:18:42 - mmengine - INFO - Epoch(train)  [7][2600/2804]  base_lr: 5.0000e-03 lr: 5.0000e-03  eta: 0:36:44  time: 0.1385  data_time: 0.0019  memory: 3715  grad_norm: 2.4911  loss: 1.5430  loss_cls: 0.4008  loss_bbox: 0.5000  loss_centerness: 0.6422
2026/08/21 17:18:50 - mmengine - INFO - Epoch(train)  [7][2650/2804]  base_lr: 5.0000e-03 lr: 5.0000e-03  eta: 0:36:36  time: 0.1550  data_time: 0.0019  memory: 3932  grad_norm: 1.7928  loss: 1.4798  loss_cls: 0.3343  loss_bbox: 0.5134  loss_centerness: 0.6322
2026/08/21 17:18:58 - mmengine - INFO - Epoch(train)  [7][2700/2804]  base_lr: 5.0000e-03 lr: 5.0000e-03  eta: 0:36:28  time: 0.1525  data_time: 0.0018  memory: 4407  grad_norm: 2.2425  loss: 1.5495  loss_cls: 0.4058  loss_bbox: 0.5037  loss_centerness: 0.6401
2026/08/21 17:19:06 - mmengine - INFO - Epoch(train)  [7][2750/2804]  base_lr: 5.0000e-03 lr: 5.0000e-03  eta: 0:36:20  time: 0.1553  data_time: 0.0018  memory: 3974  grad_norm: 1.9579  loss: 1.6140  loss_cls: 0.4125  loss_bbox: 0.5559  loss_centerness: 0.6456
2026/08/21 17:19:13 - mmengine - INFO - Epoch(train)  [7][2800/2804]  base_lr: 5.0000e-03 lr: 5.0000e-03  eta: 0:36:12  time: 0.1473  data_time: 0.0012  memory: 4467  grad_norm: 1.9172  loss: 1.5997  loss_cls: 0.4472  loss_bbox: 0.5154  loss_centerness: 0.6371
2026/08/21 17:19:14 - mmengine - INFO - Exp name: fcos_r50_fpn_p3p7_aitodv2_20260821_160932
2026/08/21 17:19:14 - mmengine - INFO - Saving checkpoint at 7 epochs
2026/08/21 17:19:23 - mmengine - INFO - Epoch(train)  [8][  50/2804]  base_lr: 5.0000e-03 lr: 5.0000e-03  eta: 0:36:04  time: 0.1523  data_time: 0.0018  memory: 3924  grad_norm: 2.3531  loss: 1.6787  loss_cls: 0.4683  loss_bbox: 0.5659  loss_centerness: 0.6445
2026/08/21 17:19:31 - mmengine - INFO - Epoch(train)  [8][ 100/2804]  base_lr: 5.0000e-03 lr: 5.0000e-03  eta: 0:35:56  time: 0.1558  data_time: 0.0018  memory: 3945  grad_norm: 1.9421  loss: 1.5500  loss_cls: 0.3805  loss_bbox: 0.5292  loss_centerness: 0.6402
2026/08/21 17:19:38 - mmengine - INFO - Epoch(train)  [8][ 150/2804]  base_lr: 5.0000e-03 lr: 5.0000e-03  eta: 0:35:48  time: 0.1507  data_time: 0.0017  memory: 3828  grad_norm: 1.8387  loss: 1.6106  loss_cls: 0.4234  loss_bbox: 0.5470  loss_centerness: 0.6402
2026/08/21 17:19:46 - mmengine - INFO - Epoch(train)  [8][ 200/2804]  base_lr: 5.0000e-03 lr: 5.0000e-03  eta: 0:35:41  time: 0.1542  data_time: 0.0020  memory: 4007  grad_norm: 2.5736  loss: 1.4886  loss_cls: 0.3704  loss_bbox: 0.4885  loss_centerness: 0.6297
2026/08/21 17:19:54 - mmengine - INFO - Epoch(train)  [8][ 250/2804]  base_lr: 5.0000e-03 lr: 5.0000e-03  eta: 0:35:33  time: 0.1545  data_time: 0.0021  memory: 3953  grad_norm: 2.4867  loss: 1.6307  loss_cls: 0.4466  loss_bbox: 0.5441  loss_centerness: 0.6400
2026/08/21 17:20:01 - mmengine - INFO - Epoch(train)  [8][ 300/2804]  base_lr: 5.0000e-03 lr: 5.0000e-03  eta: 0:35:25  time: 0.1531  data_time: 0.0018  memory: 3755  grad_norm: 1.6402  loss: 1.5916  loss_cls: 0.4130  loss_bbox: 0.5399  loss_centerness: 0.6387
2026/08/21 17:20:09 - mmengine - INFO - Epoch(train)  [8][ 350/2804]  base_lr: 5.0000e-03 lr: 5.0000e-03  eta: 0:35:17  time: 0.1561  data_time: 0.0017  memory: 3770  grad_norm: 2.1325  loss: 1.7019  loss_cls: 0.4972  loss_bbox: 0.5576  loss_centerness: 0.6471
2026/08/21 17:20:13 - mmengine - INFO - Exp name: fcos_r50_fpn_p3p7_aitodv2_20260821_160932
2026/08/21 17:20:17 - mmengine - INFO - Epoch(train)  [8][ 400/2804]  base_lr: 5.0000e-03 lr: 5.0000e-03  eta: 0:35:10  time: 0.1585  data_time: 0.0021  memory: 3698  grad_norm: 2.0493  loss: 1.6028  loss_cls: 0.4655  loss_bbox: 0.4956  loss_centerness: 0.6417
2026/08/21 17:20:25 - mmengine - INFO - Epoch(train)  [8][ 450/2804]  base_lr: 5.0000e-03 lr: 5.0000e-03  eta: 0:35:02  time: 0.1517  data_time: 0.0018  memory: 4387  grad_norm: 1.7217  loss: 1.6053  loss_cls: 0.4489  loss_bbox: 0.5201  loss_centerness: 0.6363
2026/08/21 17:20:33 - mmengine - INFO - Epoch(train)  [8][ 500/2804]  base_lr: 5.0000e-03 lr: 5.0000e-03  eta: 0:34:54  time: 0.1504  data_time: 0.0020  memory: 3926  grad_norm: 2.2740  loss: 1.6780  loss_cls: 0.5305  loss_bbox: 0.5090  loss_centerness: 0.6384
2026/08/21 17:20:40 - mmengine - INFO - Epoch(train)  [8][ 550/2804]  base_lr: 5.0000e-03 lr: 5.0000e-03  eta: 0:34:46  time: 0.1526  data_time: 0.0019  memory: 3734  grad_norm: 2.3864  loss: 1.6804  loss_cls: 0.4798  loss_bbox: 0.5594  loss_centerness: 0.6412
2026/08/21 17:20:48 - mmengine - INFO - Epoch(train)  [8][ 600/2804]  base_lr: 5.0000e-03 lr: 5.0000e-03  eta: 0:34:39  time: 0.1522  data_time: 0.0018  memory: 4407  grad_norm: 1.8418  loss: 1.5710  loss_cls: 0.3920  loss_bbox: 0.5350  loss_centerness: 0.6440
2026/08/21 17:20:56 - mmengine - INFO - Epoch(train)  [8][ 650/2804]  base_lr: 5.0000e-03 lr: 5.0000e-03  eta: 0:34:31  time: 0.1536  data_time: 0.0022  memory: 3932  grad_norm: 2.1433  loss: 1.6492  loss_cls: 0.4357  loss_bbox: 0.5686  loss_centerness: 0.6449
2026/08/21 17:21:03 - mmengine - INFO - Epoch(train)  [8][ 700/2804]  base_lr: 5.0000e-03 lr: 5.0000e-03  eta: 0:34:23  time: 0.1527  data_time: 0.0019  memory: 4511  grad_norm: 1.9109  loss: 1.7036  loss_cls: 0.5196  loss_bbox: 0.5485  loss_centerness: 0.6354
2026/08/21 17:21:11 - mmengine - INFO - Epoch(train)  [8][ 750/2804]  base_lr: 5.0000e-03 lr: 5.0000e-03  eta: 0:34:15  time: 0.1538  data_time: 0.0018  memory: 3759  grad_norm: 1.9232  loss: 1.7070  loss_cls: 0.4758  loss_bbox: 0.5859  loss_centerness: 0.6453
2026/08/21 17:21:19 - mmengine - INFO - Epoch(train)  [8][ 800/2804]  base_lr: 5.0000e-03 lr: 5.0000e-03  eta: 0:34:07  time: 0.1520  data_time: 0.0020  memory: 3738  grad_norm: 1.8996  loss: 1.5502  loss_cls: 0.4156  loss_bbox: 0.4942  loss_centerness: 0.6404
2026/08/21 17:21:26 - mmengine - INFO - Epoch(train)  [8][ 850/2804]  base_lr: 5.0000e-03 lr: 5.0000e-03  eta: 0:34:00  time: 0.1552  data_time: 0.0020  memory: 3726  grad_norm: 1.8593  loss: 1.5615  loss_cls: 0.3976  loss_bbox: 0.5249  loss_centerness: 0.6390
2026/08/21 17:21:34 - mmengine - INFO - Epoch(train)  [8][ 900/2804]  base_lr: 5.0000e-03 lr: 5.0000e-03  eta: 0:33:52  time: 0.1510  data_time: 0.0017  memory: 3887  grad_norm: 2.4122  loss: 1.6408  loss_cls: 0.4549  loss_bbox: 0.5438  loss_centerness: 0.6421
2026/08/21 17:21:42 - mmengine - INFO - Epoch(train)  [8][ 950/2804]  base_lr: 5.0000e-03 lr: 5.0000e-03  eta: 0:33:44  time: 0.1534  data_time: 0.0020  memory: 3855  grad_norm: 2.3524  loss: 1.6332  loss_cls: 0.4759  loss_bbox: 0.5159  loss_centerness: 0.6413
2026/08/21 17:21:49 - mmengine - INFO - Epoch(train)  [8][1000/2804]  base_lr: 5.0000e-03 lr: 5.0000e-03  eta: 0:33:36  time: 0.1526  data_time: 0.0018  memory: 3786  grad_norm: 2.3358  loss: 1.5950  loss_cls: 0.4356  loss_bbox: 0.5061  loss_centerness: 0.6533
2026/08/21 17:21:57 - mmengine - INFO - Epoch(train)  [8][1050/2804]  base_lr: 5.0000e-03 lr: 5.0000e-03  eta: 0:33:28  time: 0.1539  data_time: 0.0026  memory: 4239  grad_norm: 1.9055  loss: 1.6320  loss_cls: 0.4201  loss_bbox: 0.5701  loss_centerness: 0.6418
2026/08/21 17:22:05 - mmengine - INFO - Epoch(train)  [8][1100/2804]  base_lr: 5.0000e-03 lr: 5.0000e-03  eta: 0:33:21  time: 0.1506  data_time: 0.0018  memory: 4654  grad_norm: 2.0956  loss: 1.5743  loss_cls: 0.4281  loss_bbox: 0.5041  loss_centerness: 0.6422
2026/08/21 17:22:12 - mmengine - INFO - Epoch(train)  [8][1150/2804]  base_lr: 5.0000e-03 lr: 5.0000e-03  eta: 0:33:13  time: 0.1500  data_time: 0.0019  memory: 4466  grad_norm: 2.1717  loss: 1.6044  loss_cls: 0.4164  loss_bbox: 0.5458  loss_centerness: 0.6422
2026/08/21 17:22:20 - mmengine - INFO - Epoch(train)  [8][1200/2804]  base_lr: 5.0000e-03 lr: 5.0000e-03  eta: 0:33:05  time: 0.1524  data_time: 0.0018  memory: 3766  grad_norm: 2.2776  loss: 1.5405  loss_cls: 0.3743  loss_bbox: 0.5268  loss_centerness: 0.6394
2026/08/21 17:22:27 - mmengine - INFO - Epoch(train)  [8][1250/2804]  base_lr: 5.0000e-03 lr: 5.0000e-03  eta: 0:32:57  time: 0.1557  data_time: 0.0019  memory: 3814  grad_norm: 2.3377  loss: 1.6275  loss_cls: 0.4608  loss_bbox: 0.5266  loss_centerness: 0.6401
2026/08/21 17:22:35 - mmengine - INFO - Epoch(train)  [8][1300/2804]  base_lr: 5.0000e-03 lr: 5.0000e-03  eta: 0:32:49  time: 0.1541  data_time: 0.0020  memory: 3740  grad_norm: 2.2895  loss: 1.5403  loss_cls: 0.4180  loss_bbox: 0.4797  loss_centerness: 0.6426
2026/08/21 17:22:43 - mmengine - INFO - Epoch(train)  [8][1350/2804]  base_lr: 5.0000e-03 lr: 5.0000e-03  eta: 0:32:42  time: 0.1579  data_time: 0.0020  memory: 4172  grad_norm: 1.9071  loss: 1.5071  loss_cls: 0.3717  loss_bbox: 0.5036  loss_centerness: 0.6319
2026/08/21 17:22:46 - mmengine - INFO - Exp name: fcos_r50_fpn_p3p7_aitodv2_20260821_160932
2026/08/21 17:22:51 - mmengine - INFO - Epoch(train)  [8][1400/2804]  base_lr: 5.0000e-03 lr: 5.0000e-03  eta: 0:32:34  time: 0.1552  data_time: 0.0019  memory: 4112  grad_norm: 2.0381  loss: 1.5928  loss_cls: 0.4206  loss_bbox: 0.5283  loss_centerness: 0.6440
2026/08/21 17:22:58 - mmengine - INFO - Epoch(train)  [8][1450/2804]  base_lr: 5.0000e-03 lr: 5.0000e-03  eta: 0:32:26  time: 0.1515  data_time: 0.0019  memory: 3733  grad_norm: 2.2031  loss: 1.5995  loss_cls: 0.4380  loss_bbox: 0.5213  loss_centerness: 0.6403
2026/08/21 17:23:06 - mmengine - INFO - Epoch(train)  [8][1500/2804]  base_lr: 5.0000e-03 lr: 5.0000e-03  eta: 0:32:18  time: 0.1615  data_time: 0.0015  memory: 3721  grad_norm: 1.6310  loss: 1.5746  loss_cls: 0.3957  loss_bbox: 0.5369  loss_centerness: 0.6419
2026/08/21 17:23:13 - mmengine - INFO - Epoch(train)  [8][1550/2804]  base_lr: 5.0000e-03 lr: 5.0000e-03  eta: 0:32:10  time: 0.1545  data_time: 0.0020  memory: 3783  grad_norm: 1.9787  loss: 1.4616  loss_cls: 0.3275  loss_bbox: 0.5001  loss_centerness: 0.6340
2026/08/21 17:23:21 - mmengine - INFO - Epoch(train)  [8][1600/2804]  base_lr: 5.0000e-03 lr: 5.0000e-03  eta: 0:32:03  time: 0.1569  data_time: 0.0021  memory: 3738  grad_norm: 2.1310  loss: 1.5754  loss_cls: 0.4111  loss_bbox: 0.5258  loss_centerness: 0.6385
2026/08/21 17:23:29 - mmengine - INFO - Epoch(train)  [8][1650/2804]  base_lr: 5.0000e-03 lr: 5.0000e-03  eta: 0:31:55  time: 0.1543  data_time: 0.0022  memory: 3853  grad_norm: 1.7933  loss: 1.5101  loss_cls: 0.3533  loss_bbox: 0.5246  loss_centerness: 0.6322
2026/08/21 17:23:37 - mmengine - INFO - Epoch(train)  [8][1700/2804]  base_lr: 5.0000e-03 lr: 5.0000e-03  eta: 0:31:47  time: 0.1579  data_time: 0.0020  memory: 4240  grad_norm: 2.2350  loss: 1.5524  loss_cls: 0.3822  loss_bbox: 0.5226  loss_centerness: 0.6476
2026/08/21 17:23:45 - mmengine - INFO - Epoch(train)  [8][1750/2804]  base_lr: 5.0000e-03 lr: 5.0000e-03  eta: 0:31:39  time: 0.1532  data_time: 0.0023  memory: 3803  grad_norm: 3.4563  loss: 1.6707  loss_cls: 0.4884  loss_bbox: 0.5385  loss_centerness: 0.6438
2026/08/21 17:23:52 - mmengine - INFO - Epoch(train)  [8][1800/2804]  base_lr: 5.0000e-03 lr: 5.0000e-03  eta: 0:31:32  time: 0.1526  data_time: 0.0021  memory: 3964  grad_norm: 2.4320  loss: 1.7017  loss_cls: 0.4994  loss_bbox: 0.5629  loss_centerness: 0.6395
2026/08/21 17:24:00 - mmengine - INFO - Epoch(train)  [8][1850/2804]  base_lr: 5.0000e-03 lr: 5.0000e-03  eta: 0:31:24  time: 0.1546  data_time: 0.0023  memory: 3852  grad_norm: 1.4862  loss: 1.5048  loss_cls: 0.3806  loss_bbox: 0.4808  loss_centerness: 0.6434
2026/08/21 17:24:07 - mmengine - INFO - Epoch(train)  [8][1900/2804]  base_lr: 5.0000e-03 lr: 5.0000e-03  eta: 0:31:16  time: 0.1533  data_time: 0.0020  memory: 4430  grad_norm: 2.0725  loss: 1.6529  loss_cls: 0.4524  loss_bbox: 0.5548  loss_centerness: 0.6457
2026/08/21 17:24:15 - mmengine - INFO - Epoch(train)  [8][1950/2804]  base_lr: 5.0000e-03 lr: 5.0000e-03  eta: 0:31:08  time: 0.1521  data_time: 0.0022  memory: 3944  grad_norm: 1.8218  loss: 1.6473  loss_cls: 0.4922  loss_bbox: 0.5164  loss_centerness: 0.6387
2026/08/21 17:24:23 - mmengine - INFO - Epoch(train)  [8][2000/2804]  base_lr: 5.0000e-03 lr: 5.0000e-03  eta: 0:31:00  time: 0.1567  data_time: 0.0020  memory: 4257  grad_norm: 1.5889  loss: 1.5841  loss_cls: 0.4300  loss_bbox: 0.5092  loss_centerness: 0.6449
2026/08/21 17:24:30 - mmengine - INFO - Epoch(train)  [8][2050/2804]  base_lr: 5.0000e-03 lr: 5.0000e-03  eta: 0:30:53  time: 0.1538  data_time: 0.0018  memory: 3794  grad_norm: 2.6478  loss: 1.8592  loss_cls: 0.6634  loss_bbox: 0.5533  loss_centerness: 0.6425
2026/08/21 17:24:38 - mmengine - INFO - Epoch(train)  [8][2100/2804]  base_lr: 5.0000e-03 lr: 5.0000e-03  eta: 0:30:45  time: 0.1538  data_time: 0.0018  memory: 3763  grad_norm: 1.6353  loss: 1.6135  loss_cls: 0.4587  loss_bbox: 0.5167  loss_centerness: 0.6381
2026/08/21 17:24:46 - mmengine - INFO - Epoch(train)  [8][2150/2804]  base_lr: 5.0000e-03 lr: 5.0000e-03  eta: 0:30:37  time: 0.1551  data_time: 0.0021  memory: 3798  grad_norm: 1.6020  loss: 1.5041  loss_cls: 0.3671  loss_bbox: 0.4940  loss_centerness: 0.6430
2026/08/21 17:24:53 - mmengine - INFO - Epoch(train)  [8][2200/2804]  base_lr: 5.0000e-03 lr: 5.0000e-03  eta: 0:30:29  time: 0.1521  data_time: 0.0021  memory: 3718  grad_norm: 1.8073  loss: 1.5563  loss_cls: 0.3940  loss_bbox: 0.5239  loss_centerness: 0.6385
2026/08/21 17:25:01 - mmengine - INFO - Epoch(train)  [8][2250/2804]  base_lr: 5.0000e-03 lr: 5.0000e-03  eta: 0:30:22  time: 0.1532  data_time: 0.0021  memory: 3832  grad_norm: 2.0883  loss: 1.5612  loss_cls: 0.4222  loss_bbox: 0.5083  loss_centerness: 0.6307
2026/08/21 17:25:09 - mmengine - INFO - Epoch(train)  [8][2300/2804]  base_lr: 5.0000e-03 lr: 5.0000e-03  eta: 0:30:14  time: 0.1528  data_time: 0.0019  memory: 3693  grad_norm: 2.5636  loss: 1.6961  loss_cls: 0.5324  loss_bbox: 0.5336  loss_centerness: 0.6301
2026/08/21 17:25:17 - mmengine - INFO - Epoch(train)  [8][2350/2804]  base_lr: 5.0000e-03 lr: 5.0000e-03  eta: 0:30:06  time: 0.1567  data_time: 0.0019  memory: 3771  grad_norm: 1.8271  loss: 1.5745  loss_cls: 0.4256  loss_bbox: 0.5073  loss_centerness: 0.6416
2026/08/21 17:25:20 - mmengine - INFO - Exp name: fcos_r50_fpn_p3p7_aitodv2_20260821_160932
2026/08/21 17:25:24 - mmengine - INFO - Epoch(train)  [8][2400/2804]  base_lr: 5.0000e-03 lr: 5.0000e-03  eta: 0:29:58  time: 0.1577  data_time: 0.0021  memory: 3758  grad_norm: 2.3434  loss: 1.6838  loss_cls: 0.4843  loss_bbox: 0.5578  loss_centerness: 0.6416
2026/08/21 17:25:32 - mmengine - INFO - Epoch(train)  [8][2450/2804]  base_lr: 5.0000e-03 lr: 5.0000e-03  eta: 0:29:51  time: 0.1567  data_time: 0.0018  memory: 3747  grad_norm: 1.9764  loss: 1.5512  loss_cls: 0.4252  loss_bbox: 0.4927  loss_centerness: 0.6333
2026/08/21 17:25:40 - mmengine - INFO - Epoch(train)  [8][2500/2804]  base_lr: 5.0000e-03 lr: 5.0000e-03  eta: 0:29:43  time: 0.1546  data_time: 0.0018  memory: 4256  grad_norm: 2.3551  loss: 1.5708  loss_cls: 0.4340  loss_bbox: 0.5098  loss_centerness: 0.6270
2026/08/21 17:25:48 - mmengine - INFO - Epoch(train)  [8][2550/2804]  base_lr: 5.0000e-03 lr: 5.0000e-03  eta: 0:29:35  time: 0.1537  data_time: 0.0022  memory: 3947  grad_norm: 1.6114  loss: 1.5607  loss_cls: 0.4170  loss_bbox: 0.4991  loss_centerness: 0.6447
2026/08/21 17:25:56 - mmengine - INFO - Epoch(train)  [8][2600/2804]  base_lr: 5.0000e-03 lr: 5.0000e-03  eta: 0:29:28  time: 0.1578  data_time: 0.0021  memory: 3800  grad_norm: 2.7665  loss: 1.8025  loss_cls: 0.6347  loss_bbox: 0.5302  loss_centerness: 0.6376
2026/08/21 17:26:04 - mmengine - INFO - Epoch(train)  [8][2650/2804]  base_lr: 5.0000e-03 lr: 5.0000e-03  eta: 0:29:20  time: 0.1540  data_time: 0.0020  memory: 3815  grad_norm: 1.8906  loss: 1.4736  loss_cls: 0.3720  loss_bbox: 0.4764  loss_centerness: 0.6253
2026/08/21 17:26:11 - mmengine - INFO - Epoch(train)  [8][2700/2804]  base_lr: 5.0000e-03 lr: 5.0000e-03  eta: 0:29:12  time: 0.1541  data_time: 0.0018  memory: 3730  grad_norm: 4.6610  loss: 1.7473  loss_cls: 0.5693  loss_bbox: 0.5456  loss_centerness: 0.6324
2026/08/21 17:26:19 - mmengine - INFO - Epoch(train)  [8][2750/2804]  base_lr: 5.0000e-03 lr: 5.0000e-03  eta: 0:29:04  time: 0.1544  data_time: 0.0021  memory: 3852  grad_norm: 2.7702  loss: 1.7044  loss_cls: 0.5034  loss_bbox: 0.5569  loss_centerness: 0.6441
2026/08/21 17:26:27 - mmengine - INFO - Epoch(train)  [8][2800/2804]  base_lr: 5.0000e-03 lr: 5.0000e-03  eta: 0:28:57  time: 0.1527  data_time: 0.0015  memory: 3868  grad_norm: 1.8963  loss: 1.6151  loss_cls: 0.4172  loss_bbox: 0.5548  loss_centerness: 0.6431
2026/08/21 17:26:27 - mmengine - INFO - Exp name: fcos_r50_fpn_p3p7_aitodv2_20260821_160932
2026/08/21 17:26:27 - mmengine - INFO - Saving checkpoint at 8 epochs
2026/08/21 17:26:32 - mmengine - INFO - Epoch(val)  [8][ 50/701]    eta: 0:00:35  time: 0.0515  data_time: 0.0005  memory: 3650  
2026/08/21 17:26:34 - mmengine - INFO - Epoch(val)  [8][100/701]    eta: 0:00:31  time: 0.0479  data_time: 0.0004  memory: 789  
2026/08/21 17:26:37 - mmengine - INFO - Epoch(val)  [8][150/701]    eta: 0:00:28  time: 0.0489  data_time: 0.0005  memory: 789  
2026/08/21 17:26:39 - mmengine - INFO - Epoch(val)  [8][200/701]    eta: 0:00:25  time: 0.0478  data_time: 0.0005  memory: 789  
2026/08/21 17:26:41 - mmengine - INFO - Epoch(val)  [8][250/701]    eta: 0:00:22  time: 0.0478  data_time: 0.0005  memory: 789  
2026/08/21 17:26:44 - mmengine - INFO - Epoch(val)  [8][300/701]    eta: 0:00:19  time: 0.0474  data_time: 0.0004  memory: 789  
2026/08/21 17:26:46 - mmengine - INFO - Epoch(val)  [8][350/701]    eta: 0:00:17  time: 0.0482  data_time: 0.0006  memory: 789  
2026/08/21 17:26:49 - mmengine - INFO - Epoch(val)  [8][400/701]    eta: 0:00:14  time: 0.0475  data_time: 0.0004  memory: 789  
2026/08/21 17:26:51 - mmengine - INFO - Epoch(val)  [8][450/701]    eta: 0:00:12  time: 0.0477  data_time: 0.0004  memory: 789  
2026/08/21 17:26:53 - mmengine - INFO - Epoch(val)  [8][500/701]    eta: 0:00:09  time: 0.0480  data_time: 0.0005  memory: 789  
2026/08/21 17:26:56 - mmengine - INFO - Epoch(val)  [8][550/701]    eta: 0:00:07  time: 0.0482  data_time: 0.0005  memory: 789  
2026/08/21 17:26:58 - mmengine - INFO - Epoch(val)  [8][600/701]    eta: 0:00:04  time: 0.0482  data_time: 0.0005  memory: 789  
2026/08/21 17:27:01 - mmengine - INFO - Epoch(val)  [8][650/701]    eta: 0:00:02  time: 0.0513  data_time: 0.0005  memory: 789  
2026/08/21 17:27:03 - mmengine - INFO - Epoch(val)  [8][700/701]    eta: 0:00:00  time: 0.0461  data_time: 0.0003  memory: 789  
2026/08/21 17:27:59 - mmengine - INFO - Evaluating bbox...
2026/08/21 17:43:58 - mmengine - INFO - bbox_mAP_copypaste: 0.010 0.040 0.003 0.011 0.007 -1.000
2026/08/21 17:44:00 - mmengine - INFO - Epoch(val) [8][701/701]    coco/bbox_mAP: 0.0100  coco/bbox_mAP_50: 0.0400  coco/bbox_mAP_75: 0.0030  coco/bbox_mAP_s: 0.0110  coco/bbox_mAP_m: 0.0070  coco/bbox_mAP_l: -1.0000  data_time: 0.0007  time: 0.0492
2026/08/21 17:44:00 - mmengine - INFO - The previous best checkpoint /root/tiny-object-research/outputs/PRT-001/B0/seed0/best_coco_bbox_mAP_epoch_4.pth is removed
2026/08/21 17:44:01 - mmengine - INFO - The best checkpoint with 0.0100 coco/bbox_mAP at 8 epoch is saved to best_coco_bbox_mAP_epoch_8.pth.
2026/08/21 17:44:11 - mmengine - INFO - Epoch(train)  [9][  50/2804]  base_lr: 5.0000e-04 lr: 5.0000e-04  eta: 0:28:48  time: 0.1563  data_time: 0.0023  memory: 3829  grad_norm: 1.7206  loss: 1.6074  loss_cls: 0.4647  loss_bbox: 0.4982  loss_centerness: 0.6445
2026/08/21 17:44:18 - mmengine - INFO - Epoch(train)  [9][ 100/2804]  base_lr: 5.0000e-04 lr: 5.0000e-04  eta: 0:28:41  time: 0.1520  data_time: 0.0020  memory: 4654  grad_norm: 1.5556  loss: 1.6055  loss_cls: 0.4419  loss_bbox: 0.5277  loss_centerness: 0.6360
2026/08/21 17:44:26 - mmengine - INFO - Epoch(train)  [9][ 150/2804]  base_lr: 5.0000e-04 lr: 5.0000e-04  eta: 0:28:33  time: 0.1541  data_time: 0.0020  memory: 3863  grad_norm: 1.9073  loss: 1.6214  loss_cls: 0.4655  loss_bbox: 0.5239  loss_centerness: 0.6320
2026/08/21 17:44:34 - mmengine - INFO - Epoch(train)  [9][ 200/2804]  base_lr: 5.0000e-04 lr: 5.0000e-04  eta: 0:28:25  time: 0.1548  data_time: 0.0020  memory: 3744  grad_norm: 2.7565  loss: 1.6461  loss_cls: 0.4983  loss_bbox: 0.5034  loss_centerness: 0.6445
2026/08/21 17:44:41 - mmengine - INFO - Epoch(train)  [9][ 250/2804]  base_lr: 5.0000e-04 lr: 5.0000e-04  eta: 0:28:17  time: 0.1543  data_time: 0.0019  memory: 3843  grad_norm: 1.7336  loss: 1.5587  loss_cls: 0.4416  loss_bbox: 0.4853  loss_centerness: 0.6318
2026/08/21 17:44:49 - mmengine - INFO - Epoch(train)  [9][ 300/2804]  base_lr: 5.0000e-04 lr: 5.0000e-04  eta: 0:28:09  time: 0.1548  data_time: 0.0022  memory: 3663  grad_norm: 2.8838  loss: 1.6427  loss_cls: 0.5085  loss_bbox: 0.4946  loss_centerness: 0.6395
2026/08/21 17:44:57 - mmengine - INFO - Epoch(train)  [9][ 350/2804]  base_lr: 5.0000e-04 lr: 5.0000e-04  eta: 0:28:02  time: 0.1520  data_time: 0.0018  memory: 4430  grad_norm: 1.8518  loss: 1.4645  loss_cls: 0.3526  loss_bbox: 0.4797  loss_centerness: 0.6322
2026/08/21 17:45:04 - mmengine - INFO - Epoch(train)  [9][ 400/2804]  base_lr: 5.0000e-04 lr: 5.0000e-04  eta: 0:27:54  time: 0.1524  data_time: 0.0021  memory: 3832  grad_norm: 1.9524  loss: 1.5251  loss_cls: 0.3826  loss_bbox: 0.5054  loss_centerness: 0.6372
2026/08/21 17:45:12 - mmengine - INFO - Epoch(train)  [9][ 450/2804]  base_lr: 5.0000e-04 lr: 5.0000e-04  eta: 0:27:46  time: 0.1515  data_time: 0.0020  memory: 3866  grad_norm: 2.4668  loss: 1.6133  loss_cls: 0.4743  loss_bbox: 0.5110  loss_centerness: 0.6280
2026/08/21 17:45:20 - mmengine - INFO - Epoch(train)  [9][ 500/2804]  base_lr: 5.0000e-04 lr: 5.0000e-04  eta: 0:27:38  time: 0.1525  data_time: 0.0018  memory: 3947  grad_norm: 1.9765  loss: 1.5461  loss_cls: 0.3972  loss_bbox: 0.4977  loss_centerness: 0.6513
2026/08/21 17:45:27 - mmengine - INFO - Epoch(train)  [9][ 550/2804]  base_lr: 5.0000e-04 lr: 5.0000e-04  eta: 0:27:31  time: 0.1561  data_time: 0.0016  memory: 3964  grad_norm: 2.1123  loss: 1.5455  loss_cls: 0.4329  loss_bbox: 0.4789  loss_centerness: 0.6337
2026/08/21 17:45:30 - mmengine - INFO - Exp name: fcos_r50_fpn_p3p7_aitodv2_20260821_160932
2026/08/21 17:45:35 - mmengine - INFO - Epoch(train)  [9][ 600/2804]  base_lr: 5.0000e-04 lr: 5.0000e-04  eta: 0:27:23  time: 0.1514  data_time: 0.0020  memory: 3852  grad_norm: 2.4393  loss: 1.5480  loss_cls: 0.4302  loss_bbox: 0.4811  loss_centerness: 0.6366
2026/08/21 17:45:43 - mmengine - INFO - Epoch(train)  [9][ 650/2804]  base_lr: 5.0000e-04 lr: 5.0000e-04  eta: 0:27:15  time: 0.1560  data_time: 0.0018  memory: 3749  grad_norm: 2.0300  loss: 1.5360  loss_cls: 0.4133  loss_bbox: 0.4852  loss_centerness: 0.6374
2026/08/21 17:45:51 - mmengine - INFO - Epoch(train)  [9][ 700/2804]  base_lr: 5.0000e-04 lr: 5.0000e-04  eta: 0:27:07  time: 0.1520  data_time: 0.0017  memory: 3770  grad_norm: 1.7593  loss: 1.4935  loss_cls: 0.3671  loss_bbox: 0.4830  loss_centerness: 0.6434
2026/08/21 17:45:58 - mmengine - INFO - Epoch(train)  [9][ 750/2804]  base_lr: 5.0000e-04 lr: 5.0000e-04  eta: 0:27:00  time: 0.1530  data_time: 0.0019  memory: 3846  grad_norm: 2.0080  loss: 1.5882  loss_cls: 0.4500  loss_bbox: 0.5015  loss_centerness: 0.6366
2026/08/21 17:46:06 - mmengine - INFO - Epoch(train)  [9][ 800/2804]  base_lr: 5.0000e-04 lr: 5.0000e-04  eta: 0:26:52  time: 0.1532  data_time: 0.0019  memory: 3932  grad_norm: 1.8068  loss: 1.5214  loss_cls: 0.3809  loss_bbox: 0.4920  loss_centerness: 0.6486
2026/08/21 17:46:14 - mmengine - INFO - Epoch(train)  [9][ 850/2804]  base_lr: 5.0000e-04 lr: 5.0000e-04  eta: 0:26:44  time: 0.1511  data_time: 0.0018  memory: 3825  grad_norm: 2.3410  loss: 1.6303  loss_cls: 0.4732  loss_bbox: 0.5154  loss_centerness: 0.6417
2026/08/21 17:46:21 - mmengine - INFO - Epoch(train)  [9][ 900/2804]  base_lr: 5.0000e-04 lr: 5.0000e-04  eta: 0:26:36  time: 0.1512  data_time: 0.0017  memory: 3747  grad_norm: 2.2201  loss: 1.6578  loss_cls: 0.5045  loss_bbox: 0.5059  loss_centerness: 0.6473
2026/08/21 17:46:29 - mmengine - INFO - Epoch(train)  [9][ 950/2804]  base_lr: 5.0000e-04 lr: 5.0000e-04  eta: 0:26:28  time: 0.1427  data_time: 0.0019  memory: 3853  grad_norm: 1.5417  loss: 1.5260  loss_cls: 0.3852  loss_bbox: 0.4942  loss_centerness: 0.6467
2026/08/21 17:46:36 - mmengine - INFO - Epoch(train)  [9][1000/2804]  base_lr: 5.0000e-04 lr: 5.0000e-04  eta: 0:26:21  time: 0.1535  data_time: 0.0021  memory: 4025  grad_norm: 1.5274  loss: 1.4955  loss_cls: 0.3733  loss_bbox: 0.4807  loss_centerness: 0.6416
2026/08/21 17:46:44 - mmengine - INFO - Epoch(train)  [9][1050/2804]  base_lr: 5.0000e-04 lr: 5.0000e-04  eta: 0:26:13  time: 0.1521  data_time: 0.0019  memory: 3747  grad_norm: 2.2148  loss: 1.5391  loss_cls: 0.4368  loss_bbox: 0.4704  loss_centerness: 0.6319
2026/08/21 17:46:52 - mmengine - INFO - Epoch(train)  [9][1100/2804]  base_lr: 5.0000e-04 lr: 5.0000e-04  eta: 0:26:05  time: 0.1534  data_time: 0.0020  memory: 3852  grad_norm: 1.6966  loss: 1.4817  loss_cls: 0.3411  loss_bbox: 0.4933  loss_centerness: 0.6473
2026/08/21 17:46:59 - mmengine - INFO - Epoch(train)  [9][1150/2804]  base_lr: 5.0000e-04 lr: 5.0000e-04  eta: 0:25:57  time: 0.1525  data_time: 0.0019  memory: 4098  grad_norm: 2.6601  loss: 1.6853  loss_cls: 0.5367  loss_bbox: 0.5099  loss_centerness: 0.6387
2026/08/21 17:47:07 - mmengine - INFO - Epoch(train)  [9][1200/2804]  base_lr: 5.0000e-04 lr: 5.0000e-04  eta: 0:25:49  time: 0.1539  data_time: 0.0019  memory: 4387  grad_norm: 1.9568  loss: 1.5638  loss_cls: 0.4425  loss_bbox: 0.4869  loss_centerness: 0.6345
2026/08/21 17:47:15 - mmengine - INFO - Epoch(train)  [9][1250/2804]  base_lr: 5.0000e-04 lr: 5.0000e-04  eta: 0:25:42  time: 0.1586  data_time: 0.0019  memory: 4256  grad_norm: 2.5120  loss: 1.5220  loss_cls: 0.4025  loss_bbox: 0.4884  loss_centerness: 0.6311
2026/08/21 17:47:23 - mmengine - INFO - Epoch(train)  [9][1300/2804]  base_lr: 5.0000e-04 lr: 5.0000e-04  eta: 0:25:34  time: 0.1579  data_time: 0.0020  memory: 3973  grad_norm: 2.3016  loss: 1.6987  loss_cls: 0.5498  loss_bbox: 0.5082  loss_centerness: 0.6407
2026/08/21 17:47:30 - mmengine - INFO - Epoch(train)  [9][1350/2804]  base_lr: 5.0000e-04 lr: 5.0000e-04  eta: 0:25:26  time: 0.1519  data_time: 0.0019  memory: 4240  grad_norm: 3.1297  loss: 1.6082  loss_cls: 0.4792  loss_bbox: 0.4922  loss_centerness: 0.6368
2026/08/21 17:47:38 - mmengine - INFO - Epoch(train)  [9][1400/2804]  base_lr: 5.0000e-04 lr: 5.0000e-04  eta: 0:25:18  time: 0.1524  data_time: 0.0020  memory: 3819  grad_norm: 1.8231  loss: 1.4658  loss_cls: 0.3558  loss_bbox: 0.4743  loss_centerness: 0.6357
2026/08/21 17:47:46 - mmengine - INFO - Epoch(train)  [9][1450/2804]  base_lr: 5.0000e-04 lr: 5.0000e-04  eta: 0:25:11  time: 0.1531  data_time: 0.0021  memory: 4007  grad_norm: 1.5848  loss: 1.4997  loss_cls: 0.3724  loss_bbox: 0.4851  loss_centerness: 0.6422
2026/08/21 17:47:53 - mmengine - INFO - Epoch(train)  [9][1500/2804]  base_lr: 5.0000e-04 lr: 5.0000e-04  eta: 0:25:03  time: 0.1535  data_time: 0.0019  memory: 3807  grad_norm: 2.2321  loss: 1.5343  loss_cls: 0.3840  loss_bbox: 0.5106  loss_centerness: 0.6397
2026/08/21 17:48:01 - mmengine - INFO - Epoch(train)  [9][1550/2804]  base_lr: 5.0000e-04 lr: 5.0000e-04  eta: 0:24:55  time: 0.1529  data_time: 0.0019  memory: 3855  grad_norm: 1.5846  loss: 1.5044  loss_cls: 0.3756  loss_bbox: 0.4925  loss_centerness: 0.6364
2026/08/21 17:48:04 - mmengine - INFO - Exp name: fcos_r50_fpn_p3p7_aitodv2_20260821_160932
2026/08/21 17:48:08 - mmengine - INFO - Epoch(train)  [9][1600/2804]  base_lr: 5.0000e-04 lr: 5.0000e-04  eta: 0:24:47  time: 0.1541  data_time: 0.0019  memory: 3784  grad_norm: 2.9015  loss: 1.5869  loss_cls: 0.4148  loss_bbox: 0.5085  loss_centerness: 0.6636
2026/08/21 17:48:16 - mmengine - INFO - Epoch(train)  [9][1650/2804]  base_lr: 5.0000e-04 lr: 5.0000e-04  eta: 0:24:40  time: 0.1535  data_time: 0.0018  memory: 4408  grad_norm: 2.0199  loss: 1.5002  loss_cls: 0.3992  loss_bbox: 0.4644  loss_centerness: 0.6366
2026/08/21 17:48:24 - mmengine - INFO - Epoch(train)  [9][1700/2804]  base_lr: 5.0000e-04 lr: 5.0000e-04  eta: 0:24:32  time: 0.1598  data_time: 0.0021  memory: 4467  grad_norm: 1.8562  loss: 1.5150  loss_cls: 0.3757  loss_bbox: 0.4990  loss_centerness: 0.6403
2026/08/21 17:48:32 - mmengine - INFO - Epoch(train)  [9][1750/2804]  base_lr: 5.0000e-04 lr: 5.0000e-04  eta: 0:24:24  time: 0.1594  data_time: 0.0017  memory: 3751  grad_norm: 1.6797  loss: 1.4447  loss_cls: 0.3593  loss_bbox: 0.4510  loss_centerness: 0.6344
2026/08/21 17:48:40 - mmengine - INFO - Epoch(train)  [9][1800/2804]  base_lr: 5.0000e-04 lr: 5.0000e-04  eta: 0:24:17  time: 0.1601  data_time: 0.0020  memory: 3800  grad_norm: 4.7870  loss: 1.7983  loss_cls: 0.6174  loss_bbox: 0.5241  loss_centerness: 0.6568
2026/08/21 17:48:47 - mmengine - INFO - Epoch(train)  [9][1850/2804]  base_lr: 5.0000e-04 lr: 5.0000e-04  eta: 0:24:09  time: 0.1553  data_time: 0.0020  memory: 3738  grad_norm: 2.3067  loss: 1.5521  loss_cls: 0.4400  loss_bbox: 0.4733  loss_centerness: 0.6388
2026/08/21 17:48:55 - mmengine - INFO - Epoch(train)  [9][1900/2804]  base_lr: 5.0000e-04 lr: 5.0000e-04  eta: 0:24:01  time: 0.1515  data_time: 0.0019  memory: 3964  grad_norm: 2.7324  loss: 1.5775  loss_cls: 0.4278  loss_bbox: 0.5089  loss_centerness: 0.6407
2026/08/21 17:49:03 - mmengine - INFO - Epoch(train)  [9][1950/2804]  base_lr: 5.0000e-04 lr: 5.0000e-04  eta: 0:23:53  time: 0.1543  data_time: 0.0019  memory: 3754  grad_norm: 2.2604  loss: 1.4952  loss_cls: 0.3770  loss_bbox: 0.4809  loss_centerness: 0.6374
2026/08/21 17:49:11 - mmengine - INFO - Epoch(train)  [9][2000/2804]  base_lr: 5.0000e-04 lr: 5.0000e-04  eta: 0:23:46  time: 0.1537  data_time: 0.0019  memory: 4512  grad_norm: 2.9536  loss: 1.5466  loss_cls: 0.4227  loss_bbox: 0.4859  loss_centerness: 0.6380
2026/08/21 17:49:18 - mmengine - INFO - Epoch(train)  [9][2050/2804]  base_lr: 5.0000e-04 lr: 5.0000e-04  eta: 0:23:38  time: 0.1533  data_time: 0.0017  memory: 4256  grad_norm: 2.4269  loss: 1.5292  loss_cls: 0.3995  loss_bbox: 0.4943  loss_centerness: 0.6355
2026/08/21 17:49:26 - mmengine - INFO - Epoch(train)  [9][2100/2804]  base_lr: 5.0000e-04 lr: 5.0000e-04  eta: 0:23:30  time: 0.1512  data_time: 0.0019  memory: 3765  grad_norm: 2.4476  loss: 1.4477  loss_cls: 0.3369  loss_bbox: 0.4759  loss_centerness: 0.6349
2026/08/21 17:49:34 - mmengine - INFO - Epoch(train)  [9][2150/2804]  base_lr: 5.0000e-04 lr: 5.0000e-04  eta: 0:23:22  time: 0.1507  data_time: 0.0018  memory: 3785  grad_norm: 2.4525  loss: 1.5456  loss_cls: 0.3731  loss_bbox: 0.5153  loss_centerness: 0.6572
2026/08/21 17:49:41 - mmengine - INFO - Epoch(train)  [9][2200/2804]  base_lr: 5.0000e-04 lr: 5.0000e-04  eta: 0:23:15  time: 0.1522  data_time: 0.0021  memory: 3926  grad_norm: 3.1935  loss: 1.6373  loss_cls: 0.5004  loss_bbox: 0.4963  loss_centerness: 0.6405
2026/08/21 17:49:49 - mmengine - INFO - Epoch(train)  [9][2250/2804]  base_lr: 5.0000e-04 lr: 5.0000e-04  eta: 0:23:07  time: 0.1520  data_time: 0.0019  memory: 3814  grad_norm: 1.9496  loss: 1.5443  loss_cls: 0.4156  loss_bbox: 0.4879  loss_centerness: 0.6409
2026/08/21 17:49:57 - mmengine - INFO - Epoch(train)  [9][2300/2804]  base_lr: 5.0000e-04 lr: 5.0000e-04  eta: 0:22:59  time: 0.1520  data_time: 0.0018  memory: 3814  grad_norm: 1.7580  loss: 1.5536  loss_cls: 0.4078  loss_bbox: 0.5072  loss_centerness: 0.6386
2026/08/21 17:50:05 - mmengine - INFO - Epoch(train)  [9][2350/2804]  base_lr: 5.0000e-04 lr: 5.0000e-04  eta: 0:22:51  time: 0.1532  data_time: 0.0020  memory: 3907  grad_norm: 2.7620  loss: 1.5842  loss_cls: 0.4754  loss_bbox: 0.4734  loss_centerness: 0.6354
2026/08/21 17:50:12 - mmengine - INFO - Epoch(train)  [9][2400/2804]  base_lr: 5.0000e-04 lr: 5.0000e-04  eta: 0:22:44  time: 0.1529  data_time: 0.0023  memory: 4172  grad_norm: 2.1317  loss: 1.5603  loss_cls: 0.4223  loss_bbox: 0.5004  loss_centerness: 0.6376
2026/08/21 17:50:20 - mmengine - INFO - Epoch(train)  [9][2450/2804]  base_lr: 5.0000e-04 lr: 5.0000e-04  eta: 0:22:36  time: 0.1540  data_time: 0.0020  memory: 4239  grad_norm: 2.7386  loss: 1.4788  loss_cls: 0.3792  loss_bbox: 0.4600  loss_centerness: 0.6395
2026/08/21 17:50:28 - mmengine - INFO - Epoch(train)  [9][2500/2804]  base_lr: 5.0000e-04 lr: 5.0000e-04  eta: 0:22:28  time: 0.1513  data_time: 0.0019  memory: 3852  grad_norm: 2.5978  loss: 1.4955  loss_cls: 0.3985  loss_bbox: 0.4651  loss_centerness: 0.6319
2026/08/21 17:50:35 - mmengine - INFO - Epoch(train)  [9][2550/2804]  base_lr: 5.0000e-04 lr: 5.0000e-04  eta: 0:22:20  time: 0.1541  data_time: 0.0019  memory: 3749  grad_norm: 1.8150  loss: 1.6097  loss_cls: 0.4321  loss_bbox: 0.5357  loss_centerness: 0.6420
2026/08/21 17:50:38 - mmengine - INFO - Exp name: fcos_r50_fpn_p3p7_aitodv2_20260821_160932
2026/08/21 17:50:43 - mmengine - INFO - Epoch(train)  [9][2600/2804]  base_lr: 5.0000e-04 lr: 5.0000e-04  eta: 0:22:13  time: 0.1527  data_time: 0.0017  memory: 3923  grad_norm: 2.1059  loss: 1.5910  loss_cls: 0.4416  loss_bbox: 0.5122  loss_centerness: 0.6372
2026/08/21 17:50:51 - mmengine - INFO - Epoch(train)  [9][2650/2804]  base_lr: 5.0000e-04 lr: 5.0000e-04  eta: 0:22:05  time: 0.1499  data_time: 0.0019  memory: 3872  grad_norm: 2.9858  loss: 1.6162  loss_cls: 0.4776  loss_bbox: 0.4969  loss_centerness: 0.6418
2026/08/21 17:50:58 - mmengine - INFO - Epoch(train)  [9][2700/2804]  base_lr: 5.0000e-04 lr: 5.0000e-04  eta: 0:21:57  time: 0.1518  data_time: 0.0021  memory: 3760  grad_norm: 2.0358  loss: 1.5090  loss_cls: 0.3764  loss_bbox: 0.4920  loss_centerness: 0.6406
2026/08/21 17:51:06 - mmengine - INFO - Epoch(train)  [9][2750/2804]  base_lr: 5.0000e-04 lr: 5.0000e-04  eta: 0:21:49  time: 0.1501  data_time: 0.0018  memory: 4112  grad_norm: 2.8374  loss: 1.5936  loss_cls: 0.4309  loss_bbox: 0.5205  loss_centerness: 0.6422
2026/08/21 17:51:13 - mmengine - INFO - Epoch(train)  [9][2800/2804]  base_lr: 5.0000e-04 lr: 5.0000e-04  eta: 0:21:41  time: 0.1483  data_time: 0.0014  memory: 3903  grad_norm: 3.3902  loss: 1.6607  loss_cls: 0.5037  loss_bbox: 0.5127  loss_centerness: 0.6442
2026/08/21 17:51:14 - mmengine - INFO - Exp name: fcos_r50_fpn_p3p7_aitodv2_20260821_160932
2026/08/21 17:51:14 - mmengine - INFO - Saving checkpoint at 9 epochs
2026/08/21 17:51:23 - mmengine - INFO - Epoch(train) [10][  50/2804]  base_lr: 5.0000e-04 lr: 5.0000e-04  eta: 0:21:33  time: 0.1525  data_time: 0.0018  memory: 3944  grad_norm: 1.8804  loss: 1.5770  loss_cls: 0.4351  loss_bbox: 0.4967  loss_centerness: 0.6452
2026/08/21 17:51:31 - mmengine - INFO - Epoch(train) [10][ 100/2804]  base_lr: 5.0000e-04 lr: 5.0000e-04  eta: 0:21:25  time: 0.1530  data_time: 0.0019  memory: 3722  grad_norm: 2.1915  loss: 1.5512  loss_cls: 0.4168  loss_bbox: 0.4929  loss_centerness: 0.6415
2026/08/21 17:51:38 - mmengine - INFO - Epoch(train) [10][ 150/2804]  base_lr: 5.0000e-04 lr: 5.0000e-04  eta: 0:21:17  time: 0.1521  data_time: 0.0018  memory: 4112  grad_norm: 1.8821  loss: 1.4644  loss_cls: 0.3515  loss_bbox: 0.4774  loss_centerness: 0.6355
2026/08/21 17:51:46 - mmengine - INFO - Epoch(train) [10][ 200/2804]  base_lr: 5.0000e-04 lr: 5.0000e-04  eta: 0:21:10  time: 0.1520  data_time: 0.0018  memory: 3739  grad_norm: 2.3734  loss: 1.6400  loss_cls: 0.4316  loss_bbox: 0.5650  loss_centerness: 0.6433
2026/08/21 17:51:54 - mmengine - INFO - Epoch(train) [10][ 250/2804]  base_lr: 5.0000e-04 lr: 5.0000e-04  eta: 0:21:02  time: 0.1538  data_time: 0.0019  memory: 3819  grad_norm: 2.5413  loss: 1.4800  loss_cls: 0.3456  loss_bbox: 0.4875  loss_centerness: 0.6469
2026/08/21 17:52:01 - mmengine - INFO - Epoch(train) [10][ 300/2804]  base_lr: 5.0000e-04 lr: 5.0000e-04  eta: 0:20:54  time: 0.1544  data_time: 0.0018  memory: 4025  grad_norm: 2.4291  loss: 1.5570  loss_cls: 0.4330  loss_bbox: 0.4749  loss_centerness: 0.6491
2026/08/21 17:52:09 - mmengine - INFO - Epoch(train) [10][ 350/2804]  base_lr: 5.0000e-04 lr: 5.0000e-04  eta: 0:20:46  time: 0.1542  data_time: 0.0019  memory: 3889  grad_norm: 2.0319  loss: 1.5336  loss_cls: 0.3647  loss_bbox: 0.5295  loss_centerness: 0.6394
2026/08/21 17:52:17 - mmengine - INFO - Epoch(train) [10][ 400/2804]  base_lr: 5.0000e-04 lr: 5.0000e-04  eta: 0:20:39  time: 0.1554  data_time: 0.0021  memory: 3945  grad_norm: 1.8613  loss: 1.4944  loss_cls: 0.3676  loss_bbox: 0.4918  loss_centerness: 0.6350
2026/08/21 17:52:24 - mmengine - INFO - Epoch(train) [10][ 450/2804]  base_lr: 5.0000e-04 lr: 5.0000e-04  eta: 0:20:31  time: 0.1556  data_time: 0.0020  memory: 3814  grad_norm: 2.0820  loss: 1.4923  loss_cls: 0.4018  loss_bbox: 0.4565  loss_centerness: 0.6339
2026/08/21 17:52:32 - mmengine - INFO - Epoch(train) [10][ 500/2804]  base_lr: 5.0000e-04 lr: 5.0000e-04  eta: 0:20:23  time: 0.1552  data_time: 0.0021  memory: 3867  grad_norm: 2.6371  loss: 1.5893  loss_cls: 0.4647  loss_bbox: 0.4881  loss_centerness: 0.6366
2026/08/21 17:52:40 - mmengine - INFO - Epoch(train) [10][ 550/2804]  base_lr: 5.0000e-04 lr: 5.0000e-04  eta: 0:20:15  time: 0.1546  data_time: 0.0019  memory: 3750  grad_norm: 1.8400  loss: 1.4202  loss_cls: 0.3163  loss_bbox: 0.4633  loss_centerness: 0.6406
2026/08/21 17:52:48 - mmengine - INFO - Epoch(train) [10][ 600/2804]  base_lr: 5.0000e-04 lr: 5.0000e-04  eta: 0:20:08  time: 0.1546  data_time: 0.0020  memory: 4466  grad_norm: 2.1777  loss: 1.4892  loss_cls: 0.3454  loss_bbox: 0.4987  loss_centerness: 0.6452
2026/08/21 17:52:55 - mmengine - INFO - Epoch(train) [10][ 650/2804]  base_lr: 5.0000e-04 lr: 5.0000e-04  eta: 0:20:00  time: 0.1554  data_time: 0.0018  memory: 3761  grad_norm: 3.3177  loss: 1.5359  loss_cls: 0.4015  loss_bbox: 0.4962  loss_centerness: 0.6381
2026/08/21 17:53:03 - mmengine - INFO - Epoch(train) [10][ 700/2804]  base_lr: 5.0000e-04 lr: 5.0000e-04  eta: 0:19:52  time: 0.1495  data_time: 0.0018  memory: 3844  grad_norm: 1.9645  loss: 1.5245  loss_cls: 0.3953  loss_bbox: 0.4931  loss_centerness: 0.6362
2026/08/21 17:53:11 - mmengine - INFO - Epoch(train) [10][ 750/2804]  base_lr: 5.0000e-04 lr: 5.0000e-04  eta: 0:19:45  time: 0.1527  data_time: 0.0018  memory: 3844  grad_norm: 2.9058  loss: 1.4880  loss_cls: 0.3684  loss_bbox: 0.4665  loss_centerness: 0.6532
2026/08/21 17:53:13 - mmengine - INFO - Exp name: fcos_r50_fpn_p3p7_aitodv2_20260821_160932
2026/08/21 17:53:18 - mmengine - INFO - Epoch(train) [10][ 800/2804]  base_lr: 5.0000e-04 lr: 5.0000e-04  eta: 0:19:37  time: 0.1551  data_time: 0.0021  memory: 3730  grad_norm: 2.0908  loss: 1.3782  loss_cls: 0.3181  loss_bbox: 0.4313  loss_centerness: 0.6289
2026/08/21 17:53:26 - mmengine - INFO - Epoch(train) [10][ 850/2804]  base_lr: 5.0000e-04 lr: 5.0000e-04  eta: 0:19:29  time: 0.1544  data_time: 0.0019  memory: 4007  grad_norm: 2.2767  loss: 1.3854  loss_cls: 0.3168  loss_bbox: 0.4412  loss_centerness: 0.6273
2026/08/21 17:53:34 - mmengine - INFO - Epoch(train) [10][ 900/2804]  base_lr: 5.0000e-04 lr: 5.0000e-04  eta: 0:19:21  time: 0.1550  data_time: 0.0023  memory: 3776  grad_norm: 2.9296  loss: 1.5410  loss_cls: 0.4500  loss_bbox: 0.4544  loss_centerness: 0.6366
2026/08/21 17:53:41 - mmengine - INFO - Epoch(train) [10][ 950/2804]  base_lr: 5.0000e-04 lr: 5.0000e-04  eta: 0:19:14  time: 0.1536  data_time: 0.0018  memory: 4430  grad_norm: 2.5458  loss: 1.5238  loss_cls: 0.3862  loss_bbox: 0.4961  loss_centerness: 0.6416
2026/08/21 17:53:49 - mmengine - INFO - Epoch(train) [10][1000/2804]  base_lr: 5.0000e-04 lr: 5.0000e-04  eta: 0:19:06  time: 0.1515  data_time: 0.0020  memory: 3787  grad_norm: 2.0387  loss: 1.4336  loss_cls: 0.3456  loss_bbox: 0.4588  loss_centerness: 0.6292
2026/08/21 17:53:57 - mmengine - INFO - Epoch(train) [10][1050/2804]  base_lr: 5.0000e-04 lr: 5.0000e-04  eta: 0:18:58  time: 0.1534  data_time: 0.0019  memory: 3965  grad_norm: 2.1981  loss: 1.5397  loss_cls: 0.4120  loss_bbox: 0.4891  loss_centerness: 0.6386
2026/08/21 17:54:05 - mmengine - INFO - Epoch(train) [10][1100/2804]  base_lr: 5.0000e-04 lr: 5.0000e-04  eta: 0:18:50  time: 0.1620  data_time: 0.0022  memory: 4171  grad_norm: 2.5258  loss: 1.4857  loss_cls: 0.3913  loss_bbox: 0.4586  loss_centerness: 0.6359
2026/08/21 17:54:12 - mmengine - INFO - Epoch(train) [10][1150/2804]  base_lr: 5.0000e-04 lr: 5.0000e-04  eta: 0:18:43  time: 0.1504  data_time: 0.0018  memory: 3738  grad_norm: 2.1061  loss: 1.4683  loss_cls: 0.3559  loss_bbox: 0.4771  loss_centerness: 0.6354
2026/08/21 17:54:20 - mmengine - INFO - Epoch(train) [10][1200/2804]  base_lr: 5.0000e-04 lr: 5.0000e-04  eta: 0:18:35  time: 0.1539  data_time: 0.0019  memory: 3726  grad_norm: 2.7592  loss: 1.5716  loss_cls: 0.4110  loss_bbox: 0.5089  loss_centerness: 0.6517
2026/08/21 17:54:28 - mmengine - INFO - Epoch(train) [10][1250/2804]  base_lr: 5.0000e-04 lr: 5.0000e-04  eta: 0:18:27  time: 0.1548  data_time: 0.0020  memory: 3792  grad_norm: 3.0607  loss: 1.5018  loss_cls: 0.4270  loss_bbox: 0.4476  loss_centerness: 0.6272
2026/08/21 17:54:35 - mmengine - INFO - Epoch(train) [10][1300/2804]  base_lr: 5.0000e-04 lr: 5.0000e-04  eta: 0:18:19  time: 0.1510  data_time: 0.0017  memory: 4257  grad_norm: 2.3199  loss: 1.4987  loss_cls: 0.3568  loss_bbox: 0.5052  loss_centerness: 0.6366
2026/08/21 17:54:43 - mmengine - INFO - Epoch(train) [10][1350/2804]  base_lr: 5.0000e-04 lr: 5.0000e-04  eta: 0:18:12  time: 0.1521  data_time: 0.0019  memory: 3906  grad_norm: 1.8326  loss: 1.4814  loss_cls: 0.3728  loss_bbox: 0.4693  loss_centerness: 0.6393
2026/08/21 17:54:51 - mmengine - INFO - Epoch(train) [10][1400/2804]  base_lr: 5.0000e-04 lr: 5.0000e-04  eta: 0:18:04  time: 0.1551  data_time: 0.0019  memory: 3804  grad_norm: 2.4305  loss: 1.4638  loss_cls: 0.3305  loss_bbox: 0.4935  loss_centerness: 0.6397
2026/08/21 17:54:58 - mmengine - INFO - Epoch(train) [10][1450/2804]  base_lr: 5.0000e-04 lr: 5.0000e-04  eta: 0:17:56  time: 0.1554  data_time: 0.0018  memory: 3946  grad_norm: 3.4174  loss: 1.5818  loss_cls: 0.4787  loss_bbox: 0.4701  loss_centerness: 0.6330
2026/08/21 17:55:06 - mmengine - INFO - Epoch(train) [10][1500/2804]  base_lr: 5.0000e-04 lr: 5.0000e-04  eta: 0:17:48  time: 0.1556  data_time: 0.0021  memory: 3872  grad_norm: 3.9029  loss: 1.5584  loss_cls: 0.4295  loss_bbox: 0.4814  loss_centerness: 0.6475
2026/08/21 17:55:14 - mmengine - INFO - Epoch(train) [10][1550/2804]  base_lr: 5.0000e-04 lr: 5.0000e-04  eta: 0:17:41  time: 0.1523  data_time: 0.0020  memory: 3854  grad_norm: 2.9518  loss: 1.6096  loss_cls: 0.4599  loss_bbox: 0.5115  loss_centerness: 0.6382
2026/08/21 17:55:21 - mmengine - INFO - Epoch(train) [10][1600/2804]  base_lr: 5.0000e-04 lr: 5.0000e-04  eta: 0:17:33  time: 0.1506  data_time: 0.0020  memory: 4244  grad_norm: 1.8567  loss: 1.4423  loss_cls: 0.3349  loss_bbox: 0.4714  loss_centerness: 0.6360
2026/08/21 17:55:29 - mmengine - INFO - Epoch(train) [10][1650/2804]  base_lr: 5.0000e-04 lr: 5.0000e-04  eta: 0:17:25  time: 0.1532  data_time: 0.0020  memory: 4239  grad_norm: 1.8986  loss: 1.5425  loss_cls: 0.3903  loss_bbox: 0.5094  loss_centerness: 0.6428
2026/08/21 17:55:36 - mmengine - INFO - Epoch(train) [10][1700/2804]  base_lr: 5.0000e-04 lr: 5.0000e-04  eta: 0:17:17  time: 0.1553  data_time: 0.0021  memory: 3952  grad_norm: 2.3911  loss: 1.5060  loss_cls: 0.3949  loss_bbox: 0.4724  loss_centerness: 0.6387
2026/08/21 17:55:44 - mmengine - INFO - Epoch(train) [10][1750/2804]  base_lr: 5.0000e-04 lr: 5.0000e-04  eta: 0:17:10  time: 0.1527  data_time: 0.0020  memory: 3932  grad_norm: 2.7363  loss: 1.5346  loss_cls: 0.4182  loss_bbox: 0.4710  loss_centerness: 0.6453
2026/08/21 17:55:46 - mmengine - INFO - Exp name: fcos_r50_fpn_p3p7_aitodv2_20260821_160932
2026/08/21 17:55:52 - mmengine - INFO - Epoch(train) [10][1800/2804]  base_lr: 5.0000e-04 lr: 5.0000e-04  eta: 0:17:02  time: 0.1539  data_time: 0.0024  memory: 3709  grad_norm: 2.8909  loss: 1.5304  loss_cls: 0.4304  loss_bbox: 0.4685  loss_centerness: 0.6315
2026/08/21 17:56:00 - mmengine - INFO - Epoch(train) [10][1850/2804]  base_lr: 5.0000e-04 lr: 5.0000e-04  eta: 0:16:54  time: 0.1566  data_time: 0.0024  memory: 3924  grad_norm: 2.6293  loss: 1.4991  loss_cls: 0.3706  loss_bbox: 0.4957  loss_centerness: 0.6329
2026/08/21 17:56:07 - mmengine - INFO - Epoch(train) [10][1900/2804]  base_lr: 5.0000e-04 lr: 5.0000e-04  eta: 0:16:46  time: 0.1573  data_time: 0.0020  memory: 4407  grad_norm: 2.6802  loss: 1.5652  loss_cls: 0.4381  loss_bbox: 0.4878  loss_centerness: 0.6392
2026/08/21 17:56:15 - mmengine - INFO - Epoch(train) [10][1950/2804]  base_lr: 5.0000e-04 lr: 5.0000e-04  eta: 0:16:39  time: 0.1529  data_time: 0.0019  memory: 3852  grad_norm: 4.1467  loss: 1.6355  loss_cls: 0.4820  loss_bbox: 0.4980  loss_centerness: 0.6556
2026/08/21 17:56:23 - mmengine - INFO - Epoch(train) [10][2000/2804]  base_lr: 5.0000e-04 lr: 5.0000e-04  eta: 0:16:31  time: 0.1622  data_time: 0.0034  memory: 3863  grad_norm: 2.9793  loss: 1.5335  loss_cls: 0.4263  loss_bbox: 0.4703  loss_centerness: 0.6369
2026/08/21 17:56:31 - mmengine - INFO - Epoch(train) [10][2050/2804]  base_lr: 5.0000e-04 lr: 5.0000e-04  eta: 0:16:23  time: 0.1604  data_time: 0.0026  memory: 3794  grad_norm: 2.0441  loss: 1.5124  loss_cls: 0.3998  loss_bbox: 0.4724  loss_centerness: 0.6402
2026/08/21 17:56:39 - mmengine - INFO - Epoch(train) [10][2100/2804]  base_lr: 5.0000e-04 lr: 5.0000e-04  eta: 0:16:16  time: 0.1537  data_time: 0.0021  memory: 4512  grad_norm: 2.7419  loss: 1.5265  loss_cls: 0.4039  loss_bbox: 0.4859  loss_centerness: 0.6367
2026/08/21 17:56:47 - mmengine - INFO - Epoch(train) [10][2150/2804]  base_lr: 5.0000e-04 lr: 5.0000e-04  eta: 0:16:08  time: 0.1537  data_time: 0.0018  memory: 3973  grad_norm: 2.2649  loss: 1.4819  loss_cls: 0.3878  loss_bbox: 0.4515  loss_centerness: 0.6426
2026/08/21 17:56:54 - mmengine - INFO - Epoch(train) [10][2200/2804]  base_lr: 5.0000e-04 lr: 5.0000e-04  eta: 0:16:00  time: 0.1424  data_time: 0.0014  memory: 4653  grad_norm: 2.9068  loss: 1.5738  loss_cls: 0.4608  loss_bbox: 0.4714  loss_centerness: 0.6416
2026/08/21 17:57:02 - mmengine - INFO - Epoch(train) [10][2250/2804]  base_lr: 5.0000e-04 lr: 5.0000e-04  eta: 0:15:52  time: 0.1568  data_time: 0.0022  memory: 3862  grad_norm: 2.5370  loss: 1.4468  loss_cls: 0.3445  loss_bbox: 0.4645  loss_centerness: 0.6378
2026/08/21 17:57:10 - mmengine - INFO - Epoch(train) [10][2300/2804]  base_lr: 5.0000e-04 lr: 5.0000e-04  eta: 0:15:45  time: 0.1609  data_time: 0.0022  memory: 3728  grad_norm: 2.4099  loss: 1.4791  loss_cls: 0.3618  loss_bbox: 0.4805  loss_centerness: 0.6368
2026/08/21 17:57:17 - mmengine - INFO - Epoch(train) [10][2350/2804]  base_lr: 5.0000e-04 lr: 5.0000e-04  eta: 0:15:37  time: 0.1467  data_time: 0.0018  memory: 3814  grad_norm: 2.2900  loss: 1.5638  loss_cls: 0.4376  loss_bbox: 0.4840  loss_centerness: 0.6422
2026/08/21 17:57:25 - mmengine - INFO - Epoch(train) [10][2400/2804]  base_lr: 5.0000e-04 lr: 5.0000e-04  eta: 0:15:29  time: 0.1524  data_time: 0.0021  memory: 4256  grad_norm: 2.6148  loss: 1.6213  loss_cls: 0.4822  loss_bbox: 0.5057  loss_centerness: 0.6334
2026/08/21 17:57:33 - mmengine - INFO - Epoch(train) [10][2450/2804]  base_lr: 5.0000e-04 lr: 5.0000e-04  eta: 0:15:21  time: 0.1543  data_time: 0.0017  memory: 3868  grad_norm: 3.2551  loss: 1.5676  loss_cls: 0.4145  loss_bbox: 0.5046  loss_centerness: 0.6485
2026/08/21 17:57:40 - mmengine - INFO - Epoch(train) [10][2500/2804]  base_lr: 5.0000e-04 lr: 5.0000e-04  eta: 0:15:14  time: 0.1557  data_time: 0.0019  memory: 3751  grad_norm: 2.3204  loss: 1.4574  loss_cls: 0.3509  loss_bbox: 0.4692  loss_centerness: 0.6373
2026/08/21 17:57:48 - mmengine - INFO - Epoch(train) [10][2550/2804]  base_lr: 5.0000e-04 lr: 5.0000e-04  eta: 0:15:06  time: 0.1547  data_time: 0.0025  memory: 3704  grad_norm: 3.3104  loss: 1.5420  loss_cls: 0.4198  loss_bbox: 0.4779  loss_centerness: 0.6444
2026/08/21 17:57:56 - mmengine - INFO - Epoch(train) [10][2600/2804]  base_lr: 5.0000e-04 lr: 5.0000e-04  eta: 0:14:58  time: 0.1553  data_time: 0.0022  memory: 4241  grad_norm: 2.2074  loss: 1.5247  loss_cls: 0.3924  loss_bbox: 0.4975  loss_centerness: 0.6349
2026/08/21 17:58:04 - mmengine - INFO - Epoch(train) [10][2650/2804]  base_lr: 5.0000e-04 lr: 5.0000e-04  eta: 0:14:50  time: 0.1602  data_time: 0.0022  memory: 3735  grad_norm: 2.2619  loss: 1.4915  loss_cls: 0.3896  loss_bbox: 0.4665  loss_centerness: 0.6353
2026/08/21 17:58:11 - mmengine - INFO - Epoch(train) [10][2700/2804]  base_lr: 5.0000e-04 lr: 5.0000e-04  eta: 0:14:43  time: 0.1537  data_time: 0.0019  memory: 3778  grad_norm: 2.3976  loss: 1.4867  loss_cls: 0.3778  loss_bbox: 0.4738  loss_centerness: 0.6350
2026/08/21 17:58:19 - mmengine - INFO - Epoch(train) [10][2750/2804]  base_lr: 5.0000e-04 lr: 5.0000e-04  eta: 0:14:35  time: 0.1574  data_time: 0.0020  memory: 3819  grad_norm: 3.4139  loss: 1.5761  loss_cls: 0.4550  loss_bbox: 0.4870  loss_centerness: 0.6341
2026/08/21 17:58:21 - mmengine - INFO - Exp name: fcos_r50_fpn_p3p7_aitodv2_20260821_160932
2026/08/21 17:58:27 - mmengine - INFO - Epoch(train) [10][2800/2804]  base_lr: 5.0000e-04 lr: 5.0000e-04  eta: 0:14:27  time: 0.1502  data_time: 0.0014  memory: 3832  grad_norm: 3.2243  loss: 1.4412  loss_cls: 0.3604  loss_bbox: 0.4389  loss_centerness: 0.6420
2026/08/21 17:58:27 - mmengine - INFO - Exp name: fcos_r50_fpn_p3p7_aitodv2_20260821_160932
2026/08/21 17:58:27 - mmengine - INFO - Saving checkpoint at 10 epochs
2026/08/21 17:58:37 - mmengine - INFO - Epoch(train) [11][  50/2804]  base_lr: 5.0000e-04 lr: 5.0000e-04  eta: 0:14:19  time: 0.1545  data_time: 0.0024  memory: 3723  grad_norm: 2.3970  loss: 1.4668  loss_cls: 0.3531  loss_bbox: 0.4786  loss_centerness: 0.6351
2026/08/21 17:58:45 - mmengine - INFO - Epoch(train) [11][ 100/2804]  base_lr: 5.0000e-04 lr: 5.0000e-04  eta: 0:14:11  time: 0.1556  data_time: 0.0018  memory: 3852  grad_norm: 2.3010  loss: 1.4813  loss_cls: 0.3675  loss_bbox: 0.4725  loss_centerness: 0.6413
2026/08/21 17:58:52 - mmengine - INFO - Epoch(train) [11][ 150/2804]  base_lr: 5.0000e-04 lr: 5.0000e-04  eta: 0:14:03  time: 0.1521  data_time: 0.0018  memory: 3776  grad_norm: 2.3724  loss: 1.5155  loss_cls: 0.4065  loss_bbox: 0.4718  loss_centerness: 0.6373
2026/08/21 17:59:00 - mmengine - INFO - Epoch(train) [11][ 200/2804]  base_lr: 5.0000e-04 lr: 5.0000e-04  eta: 0:13:56  time: 0.1511  data_time: 0.0019  memory: 3973  grad_norm: 2.5425  loss: 1.4982  loss_cls: 0.4006  loss_bbox: 0.4614  loss_centerness: 0.6361
2026/08/21 17:59:08 - mmengine - INFO - Epoch(train) [11][ 250/2804]  base_lr: 5.0000e-04 lr: 5.0000e-04  eta: 0:13:48  time: 0.1555  data_time: 0.0020  memory: 3832  grad_norm: 3.5217  loss: 1.6200  loss_cls: 0.4746  loss_bbox: 0.5000  loss_centerness: 0.6454
2026/08/21 17:59:15 - mmengine - INFO - Epoch(train) [11][ 300/2804]  base_lr: 5.0000e-04 lr: 5.0000e-04  eta: 0:13:40  time: 0.1568  data_time: 0.0019  memory: 4007  grad_norm: 2.3954  loss: 1.5265  loss_cls: 0.4288  loss_bbox: 0.4626  loss_centerness: 0.6351
2026/08/21 17:59:23 - mmengine - INFO - Epoch(train) [11][ 350/2804]  base_lr: 5.0000e-04 lr: 5.0000e-04  eta: 0:13:32  time: 0.1572  data_time: 0.0019  memory: 3814  grad_norm: 2.7569  loss: 1.5793  loss_cls: 0.4292  loss_bbox: 0.5055  loss_centerness: 0.6446
2026/08/21 17:59:31 - mmengine - INFO - Epoch(train) [11][ 400/2804]  base_lr: 5.0000e-04 lr: 5.0000e-04  eta: 0:13:25  time: 0.1534  data_time: 0.0021  memory: 3887  grad_norm: 2.2412  loss: 1.5675  loss_cls: 0.4306  loss_bbox: 0.4976  loss_centerness: 0.6393
2026/08/21 17:59:39 - mmengine - INFO - Epoch(train) [11][ 450/2804]  base_lr: 5.0000e-04 lr: 5.0000e-04  eta: 0:13:17  time: 0.1575  data_time: 0.0023  memory: 4172  grad_norm: 2.0921  loss: 1.4667  loss_cls: 0.3429  loss_bbox: 0.4782  loss_centerness: 0.6457
2026/08/21 17:59:46 - mmengine - INFO - Epoch(train) [11][ 500/2804]  base_lr: 5.0000e-04 lr: 5.0000e-04  eta: 0:13:09  time: 0.1562  data_time: 0.0022  memory: 4387  grad_norm: 2.3467  loss: 1.4274  loss_cls: 0.3102  loss_bbox: 0.4836  loss_centerness: 0.6336
2026/08/21 17:59:54 - mmengine - INFO - Epoch(train) [11][ 550/2804]  base_lr: 5.0000e-04 lr: 5.0000e-04  eta: 0:13:02  time: 0.1527  data_time: 0.0019  memory: 4407  grad_norm: 2.1480  loss: 1.4438  loss_cls: 0.3478  loss_bbox: 0.4606  loss_centerness: 0.6355
2026/08/21 18:00:02 - mmengine - INFO - Epoch(train) [11][ 600/2804]  base_lr: 5.0000e-04 lr: 5.0000e-04  eta: 0:12:54  time: 0.1625  data_time: 0.0026  memory: 3715  grad_norm: 2.8088  loss: 1.5089  loss_cls: 0.4072  loss_bbox: 0.4682  loss_centerness: 0.6335
2026/08/21 18:00:10 - mmengine - INFO - Epoch(train) [11][ 650/2804]  base_lr: 5.0000e-04 lr: 5.0000e-04  eta: 0:12:46  time: 0.1538  data_time: 0.0019  memory: 3872  grad_norm: 2.6035  loss: 1.5146  loss_cls: 0.3981  loss_bbox: 0.4835  loss_centerness: 0.6331
2026/08/21 18:00:17 - mmengine - INFO - Epoch(train) [11][ 700/2804]  base_lr: 5.0000e-04 lr: 5.0000e-04  eta: 0:12:38  time: 0.1532  data_time: 0.0021  memory: 3740  grad_norm: 3.1155  loss: 1.5286  loss_cls: 0.4028  loss_bbox: 0.4897  loss_centerness: 0.6362
2026/08/21 18:00:25 - mmengine - INFO - Epoch(train) [11][ 750/2804]  base_lr: 5.0000e-04 lr: 5.0000e-04  eta: 0:12:31  time: 0.1530  data_time: 0.0020  memory: 3925  grad_norm: 2.3994  loss: 1.4181  loss_cls: 0.3359  loss_bbox: 0.4459  loss_centerness: 0.6363
2026/08/21 18:00:32 - mmengine - INFO - Epoch(train) [11][ 800/2804]  base_lr: 5.0000e-04 lr: 5.0000e-04  eta: 0:12:23  time: 0.1377  data_time: 0.0020  memory: 4257  grad_norm: 1.9595  loss: 1.4549  loss_cls: 0.3594  loss_bbox: 0.4609  loss_centerness: 0.6346
2026/08/21 18:00:39 - mmengine - INFO - Epoch(train) [11][ 850/2804]  base_lr: 5.0000e-04 lr: 5.0000e-04  eta: 0:12:15  time: 0.1402  data_time: 0.0019  memory: 3740  grad_norm: 2.3712  loss: 1.4701  loss_cls: 0.3470  loss_bbox: 0.4780  loss_centerness: 0.6451
2026/08/21 18:00:46 - mmengine - INFO - Epoch(train) [11][ 900/2804]  base_lr: 5.0000e-04 lr: 5.0000e-04  eta: 0:12:07  time: 0.1458  data_time: 0.0019  memory: 4430  grad_norm: 2.9754  loss: 1.4982  loss_cls: 0.3781  loss_bbox: 0.4793  loss_centerness: 0.6408
2026/08/21 18:00:54 - mmengine - INFO - Epoch(train) [11][ 950/2804]  base_lr: 5.0000e-04 lr: 5.0000e-04  eta: 0:11:59  time: 0.1395  data_time: 0.0020  memory: 3953  grad_norm: 2.3541  loss: 1.4540  loss_cls: 0.3204  loss_bbox: 0.4845  loss_centerness: 0.6491
2026/08/21 18:00:55 - mmengine - INFO - Exp name: fcos_r50_fpn_p3p7_aitodv2_20260821_160932
2026/08/21 18:01:01 - mmengine - INFO - Epoch(train) [11][1000/2804]  base_lr: 5.0000e-04 lr: 5.0000e-04  eta: 0:11:51  time: 0.1399  data_time: 0.0019  memory: 3727  grad_norm: 2.9194  loss: 1.5267  loss_cls: 0.4032  loss_bbox: 0.4853  loss_centerness: 0.6381
2026/08/21 18:01:08 - mmengine - INFO - Epoch(train) [11][1050/2804]  base_lr: 5.0000e-04 lr: 5.0000e-04  eta: 0:11:44  time: 0.1429  data_time: 0.0021  memory: 3924  grad_norm: 2.8318  loss: 1.4986  loss_cls: 0.3720  loss_bbox: 0.4907  loss_centerness: 0.6358
2026/08/21 18:01:15 - mmengine - INFO - Epoch(train) [11][1100/2804]  base_lr: 5.0000e-04 lr: 5.0000e-04  eta: 0:11:36  time: 0.1416  data_time: 0.0023  memory: 3945  grad_norm: 2.8720  loss: 1.5462  loss_cls: 0.4372  loss_bbox: 0.4700  loss_centerness: 0.6390
2026/08/21 18:01:22 - mmengine - INFO - Epoch(train) [11][1150/2804]  base_lr: 5.0000e-04 lr: 5.0000e-04  eta: 0:11:28  time: 0.1516  data_time: 0.0018  memory: 4245  grad_norm: 2.1939  loss: 1.4671  loss_cls: 0.3457  loss_bbox: 0.4872  loss_centerness: 0.6341
2026/08/21 18:01:30 - mmengine - INFO - Epoch(train) [11][1200/2804]  base_lr: 5.0000e-04 lr: 5.0000e-04  eta: 0:11:20  time: 0.1526  data_time: 0.0019  memory: 3812  grad_norm: 2.5432  loss: 1.5016  loss_cls: 0.4023  loss_bbox: 0.4642  loss_centerness: 0.6351
2026/08/21 18:01:37 - mmengine - INFO - Epoch(train) [11][1250/2804]  base_lr: 5.0000e-04 lr: 5.0000e-04  eta: 0:11:13  time: 0.1531  data_time: 0.0021  memory: 3721  grad_norm: 2.6713  loss: 1.4136  loss_cls: 0.3345  loss_bbox: 0.4467  loss_centerness: 0.6323
2026/08/21 18:01:45 - mmengine - INFO - Epoch(train) [11][1300/2804]  base_lr: 5.0000e-04 lr: 5.0000e-04  eta: 0:11:05  time: 0.1569  data_time: 0.0021  memory: 3867  grad_norm: 2.8284  loss: 1.6327  loss_cls: 0.4555  loss_bbox: 0.5337  loss_centerness: 0.6435
2026/08/21 18:01:53 - mmengine - INFO - Epoch(train) [11][1350/2804]  base_lr: 5.0000e-04 lr: 5.0000e-04  eta: 0:10:57  time: 0.1522  data_time: 0.0022  memory: 3809  grad_norm: 2.4300  loss: 1.4131  loss_cls: 0.3206  loss_bbox: 0.4534  loss_centerness: 0.6391
2026/08/21 18:02:01 - mmengine - INFO - Epoch(train) [11][1400/2804]  base_lr: 5.0000e-04 lr: 5.0000e-04  eta: 0:10:49  time: 0.1537  data_time: 0.0019  memory: 3739  grad_norm: 3.3830  loss: 1.4449  loss_cls: 0.3701  loss_bbox: 0.4430  loss_centerness: 0.6319
2026/08/21 18:02:08 - mmengine - INFO - Epoch(train) [11][1450/2804]  base_lr: 5.0000e-04 lr: 5.0000e-04  eta: 0:10:42  time: 0.1581  data_time: 0.0021  memory: 3722  grad_norm: 4.5679  loss: 1.7172  loss_cls: 0.5851  loss_bbox: 0.4938  loss_centerness: 0.6383
2026/08/21 18:02:16 - mmengine - INFO - Epoch(train) [11][1500/2804]  base_lr: 5.0000e-04 lr: 5.0000e-04  eta: 0:10:34  time: 0.1505  data_time: 0.0018  memory: 3794  grad_norm: 3.4627  loss: 1.5230  loss_cls: 0.4189  loss_bbox: 0.4667  loss_centerness: 0.6373
2026/08/21 18:02:24 - mmengine - INFO - Epoch(train) [11][1550/2804]  base_lr: 5.0000e-04 lr: 5.0000e-04  eta: 0:10:26  time: 0.1553  data_time: 0.0020  memory: 3852  grad_norm: 2.2995  loss: 1.5047  loss_cls: 0.3746  loss_bbox: 0.4967  loss_centerness: 0.6333
2026/08/21 18:02:32 - mmengine - INFO - Epoch(train) [11][1600/2804]  base_lr: 5.0000e-04 lr: 5.0000e-04  eta: 0:10:19  time: 0.1552  data_time: 0.0020  memory: 4111  grad_norm: 3.0023  loss: 1.4467  loss_cls: 0.3437  loss_bbox: 0.4628  loss_centerness: 0.6402
2026/08/21 18:02:39 - mmengine - INFO - Epoch(train) [11][1650/2804]  base_lr: 5.0000e-04 lr: 5.0000e-04  eta: 0:10:11  time: 0.1533  data_time: 0.0020  memory: 4654  grad_norm: 2.4249  loss: 1.4860  loss_cls: 0.3819  loss_bbox: 0.4739  loss_centerness: 0.6302
2026/08/21 18:02:47 - mmengine - INFO - Epoch(train) [11][1700/2804]  base_lr: 5.0000e-04 lr: 5.0000e-04  eta: 0:10:03  time: 0.1527  data_time: 0.0017  memory: 3852  grad_norm: 3.6912  loss: 1.7100  loss_cls: 0.5256  loss_bbox: 0.5266  loss_centerness: 0.6577
2026/08/21 18:02:55 - mmengine - INFO - Epoch(train) [11][1750/2804]  base_lr: 5.0000e-04 lr: 5.0000e-04  eta: 0:09:55  time: 0.1576  data_time: 0.0019  memory: 3761  grad_norm: 2.3587  loss: 1.5018  loss_cls: 0.3796  loss_bbox: 0.4904  loss_centerness: 0.6318
2026/08/21 18:03:03 - mmengine - INFO - Epoch(train) [11][1800/2804]  base_lr: 5.0000e-04 lr: 5.0000e-04  eta: 0:09:48  time: 0.1534  data_time: 0.0019  memory: 3785  grad_norm: 2.1091  loss: 1.4042  loss_cls: 0.3366  loss_bbox: 0.4284  loss_centerness: 0.6392
2026/08/21 18:03:11 - mmengine - INFO - Epoch(train) [11][1850/2804]  base_lr: 5.0000e-04 lr: 5.0000e-04  eta: 0:09:40  time: 0.1551  data_time: 0.0019  memory: 3766  grad_norm: 3.3279  loss: 1.5852  loss_cls: 0.4362  loss_bbox: 0.5024  loss_centerness: 0.6465
2026/08/21 18:03:18 - mmengine - INFO - Epoch(train) [11][1900/2804]  base_lr: 5.0000e-04 lr: 5.0000e-04  eta: 0:09:32  time: 0.1368  data_time: 0.0014  memory: 4098  grad_norm: 2.3855  loss: 1.4571  loss_cls: 0.3497  loss_bbox: 0.4629  loss_centerness: 0.6444
2026/08/21 18:03:26 - mmengine - INFO - Epoch(train) [11][1950/2804]  base_lr: 5.0000e-04 lr: 5.0000e-04  eta: 0:09:24  time: 0.1559  data_time: 0.0018  memory: 3722  grad_norm: 2.7099  loss: 1.3819  loss_cls: 0.3142  loss_bbox: 0.4391  loss_centerness: 0.6286
2026/08/21 18:03:27 - mmengine - INFO - Exp name: fcos_r50_fpn_p3p7_aitodv2_20260821_160932
2026/08/21 18:03:33 - mmengine - INFO - Epoch(train) [11][2000/2804]  base_lr: 5.0000e-04 lr: 5.0000e-04  eta: 0:09:17  time: 0.1540  data_time: 0.0018  memory: 3755  grad_norm: 1.8154  loss: 1.3957  loss_cls: 0.3074  loss_bbox: 0.4555  loss_centerness: 0.6328
2026/08/21 18:03:41 - mmengine - INFO - Epoch(train) [11][2050/2804]  base_lr: 5.0000e-04 lr: 5.0000e-04  eta: 0:09:09  time: 0.1547  data_time: 0.0023  memory: 3869  grad_norm: 2.7712  loss: 1.4756  loss_cls: 0.3650  loss_bbox: 0.4680  loss_centerness: 0.6426
2026/08/21 18:03:49 - mmengine - INFO - Epoch(train) [11][2100/2804]  base_lr: 5.0000e-04 lr: 5.0000e-04  eta: 0:09:01  time: 0.1516  data_time: 0.0019  memory: 4240  grad_norm: 3.0395  loss: 1.4331  loss_cls: 0.3561  loss_bbox: 0.4542  loss_centerness: 0.6228
2026/08/21 18:03:57 - mmengine - INFO - Epoch(train) [11][2150/2804]  base_lr: 5.0000e-04 lr: 5.0000e-04  eta: 0:08:54  time: 0.1530  data_time: 0.0023  memory: 4239  grad_norm: 2.9029  loss: 1.5662  loss_cls: 0.3988  loss_bbox: 0.5262  loss_centerness: 0.6411
2026/08/21 18:04:04 - mmengine - INFO - Epoch(train) [11][2200/2804]  base_lr: 5.0000e-04 lr: 5.0000e-04  eta: 0:08:46  time: 0.1532  data_time: 0.0020  memory: 3740  grad_norm: 2.2377  loss: 1.5476  loss_cls: 0.4180  loss_bbox: 0.4857  loss_centerness: 0.6439
2026/08/21 18:04:12 - mmengine - INFO - Epoch(train) [11][2250/2804]  base_lr: 5.0000e-04 lr: 5.0000e-04  eta: 0:08:38  time: 0.1580  data_time: 0.0022  memory: 3758  grad_norm: 2.3463  loss: 1.4803  loss_cls: 0.3609  loss_bbox: 0.4785  loss_centerness: 0.6409
2026/08/21 18:04:20 - mmengine - INFO - Epoch(train) [11][2300/2804]  base_lr: 5.0000e-04 lr: 5.0000e-04  eta: 0:08:30  time: 0.1545  data_time: 0.0018  memory: 3947  grad_norm: 2.4309  loss: 1.5406  loss_cls: 0.3874  loss_bbox: 0.5094  loss_centerness: 0.6438
2026/08/21 18:04:27 - mmengine - INFO - Epoch(train) [11][2350/2804]  base_lr: 5.0000e-04 lr: 5.0000e-04  eta: 0:08:23  time: 0.1530  data_time: 0.0018  memory: 3829  grad_norm: 2.5344  loss: 1.5301  loss_cls: 0.3867  loss_bbox: 0.5061  loss_centerness: 0.6373
2026/08/21 18:04:35 - mmengine - INFO - Epoch(train) [11][2400/2804]  base_lr: 5.0000e-04 lr: 5.0000e-04  eta: 0:08:15  time: 0.1638  data_time: 0.0020  memory: 4511  grad_norm: 2.2760  loss: 1.4525  loss_cls: 0.3295  loss_bbox: 0.4887  loss_centerness: 0.6342
2026/08/21 18:04:43 - mmengine - INFO - Epoch(train) [11][2450/2804]  base_lr: 5.0000e-04 lr: 5.0000e-04  eta: 0:08:07  time: 0.1517  data_time: 0.0017  memory: 3944  grad_norm: 3.3445  loss: 1.4925  loss_cls: 0.4129  loss_bbox: 0.4535  loss_centerness: 0.6261
2026/08/21 18:04:50 - mmengine - INFO - Epoch(train) [11][2500/2804]  base_lr: 5.0000e-04 lr: 5.0000e-04  eta: 0:08:00  time: 0.1520  data_time: 0.0019  memory: 3964  grad_norm: 2.6019  loss: 1.5893  loss_cls: 0.4615  loss_bbox: 0.4904  loss_centerness: 0.6373
2026/08/21 18:04:58 - mmengine - INFO - Epoch(train) [11][2550/2804]  base_lr: 5.0000e-04 lr: 5.0000e-04  eta: 0:07:52  time: 0.1521  data_time: 0.0018  memory: 3933  grad_norm: 1.9163  loss: 1.5583  loss_cls: 0.4157  loss_bbox: 0.4998  loss_centerness: 0.6428
2026/08/21 18:05:06 - mmengine - INFO - Epoch(train) [11][2600/2804]  base_lr: 5.0000e-04 lr: 5.0000e-04  eta: 0:07:44  time: 0.1577  data_time: 0.0020  memory: 3727  grad_norm: 1.6510  loss: 1.4287  loss_cls: 0.3317  loss_bbox: 0.4602  loss_centerness: 0.6367
2026/08/21 18:05:14 - mmengine - INFO - Epoch(train) [11][2650/2804]  base_lr: 5.0000e-04 lr: 5.0000e-04  eta: 0:07:36  time: 0.1519  data_time: 0.0018  memory: 4255  grad_norm: 2.6910  loss: 1.5129  loss_cls: 0.3962  loss_bbox: 0.4697  loss_centerness: 0.6470
2026/08/21 18:05:21 - mmengine - INFO - Epoch(train) [11][2700/2804]  base_lr: 5.0000e-04 lr: 5.0000e-04  eta: 0:07:29  time: 0.1579  data_time: 0.0023  memory: 3760  grad_norm: 3.4115  loss: 1.4704  loss_cls: 0.3804  loss_bbox: 0.4527  loss_centerness: 0.6374
2026/08/21 18:05:29 - mmengine - INFO - Epoch(train) [11][2750/2804]  base_lr: 5.0000e-04 lr: 5.0000e-04  eta: 0:07:21  time: 0.1552  data_time: 0.0023  memory: 3731  grad_norm: 2.3604  loss: 1.4843  loss_cls: 0.3629  loss_bbox: 0.4800  loss_centerness: 0.6414
2026/08/21 18:05:37 - mmengine - INFO - Epoch(train) [11][2800/2804]  base_lr: 5.0000e-04 lr: 5.0000e-04  eta: 0:07:13  time: 0.1494  data_time: 0.0015  memory: 3843  grad_norm: 1.9774  loss: 1.4854  loss_cls: 0.3658  loss_bbox: 0.4820  loss_centerness: 0.6376
2026/08/21 18:05:37 - mmengine - INFO - Exp name: fcos_r50_fpn_p3p7_aitodv2_20260821_160932
2026/08/21 18:05:37 - mmengine - INFO - Saving checkpoint at 11 epochs
2026/08/21 18:05:47 - mmengine - INFO - Epoch(train) [12][  50/2804]  base_lr: 5.0000e-05 lr: 5.0000e-05  eta: 0:07:05  time: 0.1518  data_time: 0.0019  memory: 3745  grad_norm: 2.7486  loss: 1.4380  loss_cls: 0.3677  loss_bbox: 0.4359  loss_centerness: 0.6345
2026/08/21 18:05:55 - mmengine - INFO - Epoch(train) [12][ 100/2804]  base_lr: 5.0000e-05 lr: 5.0000e-05  eta: 0:06:57  time: 0.1547  data_time: 0.0019  memory: 3771  grad_norm: 3.1311  loss: 1.5463  loss_cls: 0.4756  loss_bbox: 0.4438  loss_centerness: 0.6268
2026/08/21 18:06:02 - mmengine - INFO - Epoch(train) [12][ 150/2804]  base_lr: 5.0000e-05 lr: 5.0000e-05  eta: 0:06:49  time: 0.1544  data_time: 0.0025  memory: 3763  grad_norm: 2.3922  loss: 1.5287  loss_cls: 0.3883  loss_bbox: 0.4960  loss_centerness: 0.6444
2026/08/21 18:06:03 - mmengine - INFO - Exp name: fcos_r50_fpn_p3p7_aitodv2_20260821_160932
2026/08/21 18:06:10 - mmengine - INFO - Epoch(train) [12][ 200/2804]  base_lr: 5.0000e-05 lr: 5.0000e-05  eta: 0:06:42  time: 0.1541  data_time: 0.0020  memory: 4008  grad_norm: 3.5565  loss: 1.4860  loss_cls: 0.4292  loss_bbox: 0.4246  loss_centerness: 0.6322
2026/08/21 18:06:18 - mmengine - INFO - Epoch(train) [12][ 250/2804]  base_lr: 5.0000e-05 lr: 5.0000e-05  eta: 0:06:34  time: 0.1543  data_time: 0.0020  memory: 3952  grad_norm: 2.5418  loss: 1.5688  loss_cls: 0.4384  loss_bbox: 0.4881  loss_centerness: 0.6424
2026/08/21 18:06:25 - mmengine - INFO - Epoch(train) [12][ 300/2804]  base_lr: 5.0000e-05 lr: 5.0000e-05  eta: 0:06:26  time: 0.1390  data_time: 0.0016  memory: 3748  grad_norm: 2.0393  loss: 1.5686  loss_cls: 0.4123  loss_bbox: 0.5130  loss_centerness: 0.6433
2026/08/21 18:06:32 - mmengine - INFO - Epoch(train) [12][ 350/2804]  base_lr: 5.0000e-05 lr: 5.0000e-05  eta: 0:06:18  time: 0.1486  data_time: 0.0021  memory: 3813  grad_norm: 2.2669  loss: 1.5261  loss_cls: 0.4103  loss_bbox: 0.4851  loss_centerness: 0.6307
2026/08/21 18:06:40 - mmengine - INFO - Epoch(train) [12][ 400/2804]  base_lr: 5.0000e-05 lr: 5.0000e-05  eta: 0:06:11  time: 0.1607  data_time: 0.0020  memory: 3783  grad_norm: 2.4385  loss: 1.6329  loss_cls: 0.4887  loss_bbox: 0.5069  loss_centerness: 0.6372
2026/08/21 18:06:47 - mmengine - INFO - Epoch(train) [12][ 450/2804]  base_lr: 5.0000e-05 lr: 5.0000e-05  eta: 0:06:03  time: 0.1533  data_time: 0.0020  memory: 3902  grad_norm: 2.4290  loss: 1.4317  loss_cls: 0.3280  loss_bbox: 0.4708  loss_centerness: 0.6329
2026/08/21 18:06:55 - mmengine - INFO - Epoch(train) [12][ 500/2804]  base_lr: 5.0000e-05 lr: 5.0000e-05  eta: 0:05:55  time: 0.1551  data_time: 0.0019  memory: 4511  grad_norm: 2.6435  loss: 1.5618  loss_cls: 0.4513  loss_bbox: 0.4705  loss_centerness: 0.6400
2026/08/21 18:07:03 - mmengine - INFO - Epoch(train) [12][ 550/2804]  base_lr: 5.0000e-05 lr: 5.0000e-05  eta: 0:05:48  time: 0.1529  data_time: 0.0021  memory: 3890  grad_norm: 2.0964  loss: 1.4942  loss_cls: 0.3861  loss_bbox: 0.4717  loss_centerness: 0.6364
2026/08/21 18:07:11 - mmengine - INFO - Epoch(train) [12][ 600/2804]  base_lr: 5.0000e-05 lr: 5.0000e-05  eta: 0:05:40  time: 0.1545  data_time: 0.0023  memory: 3964  grad_norm: 1.9875  loss: 1.3581  loss_cls: 0.2909  loss_bbox: 0.4293  loss_centerness: 0.6379
2026/08/21 18:07:18 - mmengine - INFO - Epoch(train) [12][ 650/2804]  base_lr: 5.0000e-05 lr: 5.0000e-05  eta: 0:05:32  time: 0.1560  data_time: 0.0021  memory: 3944  grad_norm: 1.8862  loss: 1.4519  loss_cls: 0.3321  loss_bbox: 0.4713  loss_centerness: 0.6485
2026/08/21 18:07:26 - mmengine - INFO - Epoch(train) [12][ 700/2804]  base_lr: 5.0000e-05 lr: 5.0000e-05  eta: 0:05:24  time: 0.1517  data_time: 0.0023  memory: 3844  grad_norm: 2.8517  loss: 1.5127  loss_cls: 0.3946  loss_bbox: 0.4767  loss_centerness: 0.6414
2026/08/21 18:07:34 - mmengine - INFO - Epoch(train) [12][ 750/2804]  base_lr: 5.0000e-05 lr: 5.0000e-05  eta: 0:05:17  time: 0.1551  data_time: 0.0019  memory: 4654  grad_norm: 2.6344  loss: 1.4887  loss_cls: 0.3840  loss_bbox: 0.4653  loss_centerness: 0.6394
2026/08/21 18:07:42 - mmengine - INFO - Epoch(train) [12][ 800/2804]  base_lr: 5.0000e-05 lr: 5.0000e-05  eta: 0:05:09  time: 0.1538  data_time: 0.0021  memory: 3853  grad_norm: 2.5849  loss: 1.4887  loss_cls: 0.3846  loss_bbox: 0.4675  loss_centerness: 0.6366
2026/08/21 18:07:49 - mmengine - INFO - Epoch(train) [12][ 850/2804]  base_lr: 5.0000e-05 lr: 5.0000e-05  eta: 0:05:01  time: 0.1517  data_time: 0.0021  memory: 4172  grad_norm: 2.6993  loss: 1.3552  loss_cls: 0.3137  loss_bbox: 0.4126  loss_centerness: 0.6288
2026/08/21 18:07:57 - mmengine - INFO - Epoch(train) [12][ 900/2804]  base_lr: 5.0000e-05 lr: 5.0000e-05  eta: 0:04:53  time: 0.1525  data_time: 0.0021  memory: 3738  grad_norm: 2.6798  loss: 1.4913  loss_cls: 0.3813  loss_bbox: 0.4774  loss_centerness: 0.6326
2026/08/21 18:08:05 - mmengine - INFO - Epoch(train) [12][ 950/2804]  base_lr: 5.0000e-05 lr: 5.0000e-05  eta: 0:04:46  time: 0.1547  data_time: 0.0019  memory: 4257  grad_norm: 2.4580  loss: 1.4865  loss_cls: 0.3692  loss_bbox: 0.4800  loss_centerness: 0.6374
2026/08/21 18:08:12 - mmengine - INFO - Epoch(train) [12][1000/2804]  base_lr: 5.0000e-05 lr: 5.0000e-05  eta: 0:04:38  time: 0.1531  data_time: 0.0019  memory: 4098  grad_norm: 2.9005  loss: 1.4481  loss_cls: 0.3528  loss_bbox: 0.4576  loss_centerness: 0.6377
2026/08/21 18:08:20 - mmengine - INFO - Epoch(train) [12][1050/2804]  base_lr: 5.0000e-05 lr: 5.0000e-05  eta: 0:04:30  time: 0.1593  data_time: 0.0024  memory: 3854  grad_norm: 2.2772  loss: 1.4112  loss_cls: 0.3361  loss_bbox: 0.4436  loss_centerness: 0.6314
2026/08/21 18:08:28 - mmengine - INFO - Epoch(train) [12][1100/2804]  base_lr: 5.0000e-05 lr: 5.0000e-05  eta: 0:04:23  time: 0.1579  data_time: 0.0023  memory: 3704  grad_norm: 2.2685  loss: 1.4267  loss_cls: 0.3541  loss_bbox: 0.4508  loss_centerness: 0.6218
2026/08/21 18:08:36 - mmengine - INFO - Epoch(train) [12][1150/2804]  base_lr: 5.0000e-05 lr: 5.0000e-05  eta: 0:04:15  time: 0.1541  data_time: 0.0021  memory: 3741  grad_norm: 2.2003  loss: 1.4097  loss_cls: 0.3226  loss_bbox: 0.4508  loss_centerness: 0.6363
2026/08/21 18:08:37 - mmengine - INFO - Exp name: fcos_r50_fpn_p3p7_aitodv2_20260821_160932
2026/08/21 18:08:44 - mmengine - INFO - Epoch(train) [12][1200/2804]  base_lr: 5.0000e-05 lr: 5.0000e-05  eta: 0:04:07  time: 0.1557  data_time: 0.0022  memory: 3804  grad_norm: 2.6238  loss: 1.5016  loss_cls: 0.3869  loss_bbox: 0.4727  loss_centerness: 0.6420
2026/08/21 18:08:51 - mmengine - INFO - Epoch(train) [12][1250/2804]  base_lr: 5.0000e-05 lr: 5.0000e-05  eta: 0:03:59  time: 0.1545  data_time: 0.0023  memory: 3825  grad_norm: 2.4485  loss: 1.4216  loss_cls: 0.3480  loss_bbox: 0.4484  loss_centerness: 0.6253
2026/08/21 18:08:59 - mmengine - INFO - Epoch(train) [12][1300/2804]  base_lr: 5.0000e-05 lr: 5.0000e-05  eta: 0:03:52  time: 0.1531  data_time: 0.0021  memory: 4240  grad_norm: 3.5977  loss: 1.5392  loss_cls: 0.4399  loss_bbox: 0.4579  loss_centerness: 0.6415
2026/08/21 18:09:07 - mmengine - INFO - Epoch(train) [12][1350/2804]  base_lr: 5.0000e-05 lr: 5.0000e-05  eta: 0:03:44  time: 0.1532  data_time: 0.0018  memory: 3863  grad_norm: 2.1818  loss: 1.5658  loss_cls: 0.4438  loss_bbox: 0.4892  loss_centerness: 0.6328
2026/08/21 18:09:15 - mmengine - INFO - Epoch(train) [12][1400/2804]  base_lr: 5.0000e-05 lr: 5.0000e-05  eta: 0:03:36  time: 0.1536  data_time: 0.0019  memory: 3868  grad_norm: 2.6875  loss: 1.5344  loss_cls: 0.3998  loss_bbox: 0.4877  loss_centerness: 0.6468
2026/08/21 18:09:22 - mmengine - INFO - Epoch(train) [12][1450/2804]  base_lr: 5.0000e-05 lr: 5.0000e-05  eta: 0:03:29  time: 0.1526  data_time: 0.0019  memory: 3751  grad_norm: 2.4215  loss: 1.4947  loss_cls: 0.3941  loss_bbox: 0.4574  loss_centerness: 0.6431
2026/08/21 18:09:30 - mmengine - INFO - Epoch(train) [12][1500/2804]  base_lr: 5.0000e-05 lr: 5.0000e-05  eta: 0:03:21  time: 0.1530  data_time: 0.0020  memory: 4429  grad_norm: 2.2190  loss: 1.4034  loss_cls: 0.3452  loss_bbox: 0.4295  loss_centerness: 0.6286
2026/08/21 18:09:38 - mmengine - INFO - Epoch(train) [12][1550/2804]  base_lr: 5.0000e-05 lr: 5.0000e-05  eta: 0:03:13  time: 0.1540  data_time: 0.0019  memory: 4244  grad_norm: 2.2990  loss: 1.5560  loss_cls: 0.4010  loss_bbox: 0.5156  loss_centerness: 0.6394
2026/08/21 18:09:45 - mmengine - INFO - Epoch(train) [12][1600/2804]  base_lr: 5.0000e-05 lr: 5.0000e-05  eta: 0:03:05  time: 0.1413  data_time: 0.0021  memory: 3803  grad_norm: 2.0488  loss: 1.3902  loss_cls: 0.3056  loss_bbox: 0.4477  loss_centerness: 0.6369
2026/08/21 18:09:53 - mmengine - INFO - Epoch(train) [12][1650/2804]  base_lr: 5.0000e-05 lr: 5.0000e-05  eta: 0:02:58  time: 0.1567  data_time: 0.0021  memory: 4467  grad_norm: 3.0425  loss: 1.4503  loss_cls: 0.3563  loss_bbox: 0.4587  loss_centerness: 0.6354
2026/08/21 18:10:00 - mmengine - INFO - Epoch(train) [12][1700/2804]  base_lr: 5.0000e-05 lr: 5.0000e-05  eta: 0:02:50  time: 0.1559  data_time: 0.0020  memory: 3739  grad_norm: 2.8070  loss: 1.4501  loss_cls: 0.3509  loss_bbox: 0.4639  loss_centerness: 0.6354
2026/08/21 18:10:08 - mmengine - INFO - Epoch(train) [12][1750/2804]  base_lr: 5.0000e-05 lr: 5.0000e-05  eta: 0:02:42  time: 0.1550  data_time: 0.0021  memory: 3739  grad_norm: 3.2368  loss: 1.5234  loss_cls: 0.4430  loss_bbox: 0.4453  loss_centerness: 0.6351
2026/08/21 18:10:16 - mmengine - INFO - Epoch(train) [12][1800/2804]  base_lr: 5.0000e-05 lr: 5.0000e-05  eta: 0:02:35  time: 0.1550  data_time: 0.0023  memory: 3750  grad_norm: 1.8387  loss: 1.4085  loss_cls: 0.3198  loss_bbox: 0.4488  loss_centerness: 0.6399
2026/08/21 18:10:24 - mmengine - INFO - Epoch(train) [12][1850/2804]  base_lr: 5.0000e-05 lr: 5.0000e-05  eta: 0:02:27  time: 0.1605  data_time: 0.0022  memory: 4256  grad_norm: 2.5297  loss: 1.4623  loss_cls: 0.3670  loss_bbox: 0.4606  loss_centerness: 0.6347
2026/08/21 18:10:31 - mmengine - INFO - Epoch(train) [12][1900/2804]  base_lr: 5.0000e-05 lr: 5.0000e-05  eta: 0:02:19  time: 0.1511  data_time: 0.0020  memory: 4111  grad_norm: 3.0019  loss: 1.5929  loss_cls: 0.4539  loss_bbox: 0.5001  loss_centerness: 0.6390
2026/08/21 18:10:39 - mmengine - INFO - Epoch(train) [12][1950/2804]  base_lr: 5.0000e-05 lr: 5.0000e-05  eta: 0:02:11  time: 0.1519  data_time: 0.0019  memory: 3800  grad_norm: 2.2141  loss: 1.4776  loss_cls: 0.3787  loss_bbox: 0.4724  loss_centerness: 0.6265
2026/08/21 18:10:47 - mmengine - INFO - Epoch(train) [12][2000/2804]  base_lr: 5.0000e-05 lr: 5.0000e-05  eta: 0:02:04  time: 0.1537  data_time: 0.0020  memory: 3866  grad_norm: 2.5517  loss: 1.5053  loss_cls: 0.3832  loss_bbox: 0.4798  loss_centerness: 0.6423
2026/08/21 18:10:55 - mmengine - INFO - Epoch(train) [12][2050/2804]  base_lr: 5.0000e-05 lr: 5.0000e-05  eta: 0:01:56  time: 0.1634  data_time: 0.0022  memory: 3863  grad_norm: 2.3140  loss: 1.4999  loss_cls: 0.3954  loss_bbox: 0.4676  loss_centerness: 0.6370
2026/08/21 18:11:02 - mmengine - INFO - Epoch(train) [12][2100/2804]  base_lr: 5.0000e-05 lr: 5.0000e-05  eta: 0:01:48  time: 0.1548  data_time: 0.0022  memory: 3924  grad_norm: 2.8179  loss: 1.5283  loss_cls: 0.4186  loss_bbox: 0.4717  loss_centerness: 0.6379
2026/08/21 18:11:10 - mmengine - INFO - Epoch(train) [12][2150/2804]  base_lr: 5.0000e-05 lr: 5.0000e-05  eta: 0:01:40  time: 0.1549  data_time: 0.0022  memory: 3852  grad_norm: 2.3841  loss: 1.4387  loss_cls: 0.3514  loss_bbox: 0.4680  loss_centerness: 0.6193
2026/08/21 18:11:11 - mmengine - INFO - Exp name: fcos_r50_fpn_p3p7_aitodv2_20260821_160932
2026/08/21 18:11:18 - mmengine - INFO - Epoch(train) [12][2200/2804]  base_lr: 5.0000e-05 lr: 5.0000e-05  eta: 0:01:33  time: 0.1508  data_time: 0.0018  memory: 3945  grad_norm: 2.8505  loss: 1.5012  loss_cls: 0.3886  loss_bbox: 0.4836  loss_centerness: 0.6290
2026/08/21 18:11:26 - mmengine - INFO - Epoch(train) [12][2250/2804]  base_lr: 5.0000e-05 lr: 5.0000e-05  eta: 0:01:25  time: 0.1560  data_time: 0.0020  memory: 3786  grad_norm: 2.1921  loss: 1.4464  loss_cls: 0.3444  loss_bbox: 0.4632  loss_centerness: 0.6388
2026/08/21 18:11:33 - mmengine - INFO - Epoch(train) [12][2300/2804]  base_lr: 5.0000e-05 lr: 5.0000e-05  eta: 0:01:17  time: 0.1529  data_time: 0.0019  memory: 3790  grad_norm: 2.6022  loss: 1.5180  loss_cls: 0.3990  loss_bbox: 0.4739  loss_centerness: 0.6451
2026/08/21 18:11:41 - mmengine - INFO - Epoch(train) [12][2350/2804]  base_lr: 5.0000e-05 lr: 5.0000e-05  eta: 0:01:10  time: 0.1529  data_time: 0.0018  memory: 3973  grad_norm: 3.7726  loss: 1.4699  loss_cls: 0.3765  loss_bbox: 0.4551  loss_centerness: 0.6382
2026/08/21 18:11:49 - mmengine - INFO - Epoch(train) [12][2400/2804]  base_lr: 5.0000e-05 lr: 5.0000e-05  eta: 0:01:02  time: 0.1535  data_time: 0.0020  memory: 4025  grad_norm: 3.3551  loss: 1.4820  loss_cls: 0.3740  loss_bbox: 0.4731  loss_centerness: 0.6349
2026/08/21 18:11:56 - mmengine - INFO - Epoch(train) [12][2450/2804]  base_lr: 5.0000e-05 lr: 5.0000e-05  eta: 0:00:54  time: 0.1510  data_time: 0.0020  memory: 3766  grad_norm: 2.2330  loss: 1.5090  loss_cls: 0.3966  loss_bbox: 0.4705  loss_centerness: 0.6420
2026/08/21 18:12:04 - mmengine - INFO - Epoch(train) [12][2500/2804]  base_lr: 5.0000e-05 lr: 5.0000e-05  eta: 0:00:46  time: 0.1552  data_time: 0.0021  memory: 4387  grad_norm: 3.5270  loss: 1.5071  loss_cls: 0.4166  loss_bbox: 0.4511  loss_centerness: 0.6394
2026/08/21 18:12:12 - mmengine - INFO - Epoch(train) [12][2550/2804]  base_lr: 5.0000e-05 lr: 5.0000e-05  eta: 0:00:39  time: 0.1561  data_time: 0.0023  memory: 3933  grad_norm: 3.5495  loss: 1.4680  loss_cls: 0.3905  loss_bbox: 0.4458  loss_centerness: 0.6317
2026/08/21 18:12:20 - mmengine - INFO - Epoch(train) [12][2600/2804]  base_lr: 5.0000e-05 lr: 5.0000e-05  eta: 0:00:31  time: 0.1552  data_time: 0.0018  memory: 4408  grad_norm: 2.1567  loss: 1.4274  loss_cls: 0.3509  loss_bbox: 0.4490  loss_centerness: 0.6275
2026/08/21 18:12:27 - mmengine - INFO - Epoch(train) [12][2650/2804]  base_lr: 5.0000e-05 lr: 5.0000e-05  eta: 0:00:23  time: 0.1565  data_time: 0.0021  memory: 3924  grad_norm: 1.9432  loss: 1.4853  loss_cls: 0.3594  loss_bbox: 0.4895  loss_centerness: 0.6364
2026/08/21 18:12:35 - mmengine - INFO - Epoch(train) [12][2700/2804]  base_lr: 5.0000e-05 lr: 5.0000e-05  eta: 0:00:16  time: 0.1547  data_time: 0.0022  memory: 3843  grad_norm: 2.1370  loss: 1.4226  loss_cls: 0.3456  loss_bbox: 0.4412  loss_centerness: 0.6358
2026/08/21 18:12:43 - mmengine - INFO - Epoch(train) [12][2750/2804]  base_lr: 5.0000e-05 lr: 5.0000e-05  eta: 0:00:08  time: 0.1528  data_time: 0.0020  memory: 3819  grad_norm: 2.4116  loss: 1.4355  loss_cls: 0.3415  loss_bbox: 0.4549  loss_centerness: 0.6390
2026/08/21 18:12:50 - mmengine - INFO - Epoch(train) [12][2800/2804]  base_lr: 5.0000e-05 lr: 5.0000e-05  eta: 0:00:00  time: 0.1475  data_time: 0.0013  memory: 3853  grad_norm: 3.0748  loss: 1.4650  loss_cls: 0.3796  loss_bbox: 0.4557  loss_centerness: 0.6297
2026/08/21 18:12:51 - mmengine - INFO - Exp name: fcos_r50_fpn_p3p7_aitodv2_20260821_160932
2026/08/21 18:12:51 - mmengine - INFO - Saving checkpoint at 12 epochs
2026/08/21 18:12:55 - mmengine - INFO - Epoch(val) [12][ 50/701]    eta: 0:00:35  time: 0.0511  data_time: 0.0005  memory: 3758  
2026/08/21 18:12:58 - mmengine - INFO - Epoch(val) [12][100/701]    eta: 0:00:31  time: 0.0470  data_time: 0.0005  memory: 789  
2026/08/21 18:13:00 - mmengine - INFO - Epoch(val) [12][150/701]    eta: 0:00:27  time: 0.0482  data_time: 0.0005  memory: 789  
2026/08/21 18:13:03 - mmengine - INFO - Epoch(val) [12][200/701]    eta: 0:00:25  time: 0.0476  data_time: 0.0005  memory: 789  
2026/08/21 18:13:05 - mmengine - INFO - Epoch(val) [12][250/701]    eta: 0:00:22  time: 0.0483  data_time: 0.0005  memory: 789  
2026/08/21 18:13:08 - mmengine - INFO - Epoch(val) [12][300/701]    eta: 0:00:19  time: 0.0480  data_time: 0.0005  memory: 789  
2026/08/21 18:13:10 - mmengine - INFO - Epoch(val) [12][350/701]    eta: 0:00:17  time: 0.0484  data_time: 0.0005  memory: 789  
2026/08/21 18:13:12 - mmengine - INFO - Epoch(val) [12][400/701]    eta: 0:00:14  time: 0.0474  data_time: 0.0005  memory: 789  
2026/08/21 18:13:15 - mmengine - INFO - Epoch(val) [12][450/701]    eta: 0:00:12  time: 0.0473  data_time: 0.0005  memory: 789  
2026/08/21 18:13:17 - mmengine - INFO - Epoch(val) [12][500/701]    eta: 0:00:09  time: 0.0475  data_time: 0.0005  memory: 789  
2026/08/21 18:13:20 - mmengine - INFO - Epoch(val) [12][550/701]    eta: 0:00:07  time: 0.0483  data_time: 0.0005  memory: 789  
2026/08/21 18:13:22 - mmengine - INFO - Epoch(val) [12][600/701]    eta: 0:00:04  time: 0.0536  data_time: 0.0006  memory: 789  
2026/08/21 18:13:25 - mmengine - INFO - Epoch(val) [12][650/701]    eta: 0:00:02  time: 0.0505  data_time: 0.0005  memory: 789  
2026/08/21 18:13:27 - mmengine - INFO - Epoch(val) [12][700/701]    eta: 0:00:00  time: 0.0500  data_time: 0.0004  memory: 789  
2026/08/21 18:14:09 - mmengine - INFO - Evaluating bbox...
2026/08/21 18:29:31 - mmengine - INFO - bbox_mAP_copypaste: 0.016 0.054 0.006 0.017 0.020 -1.000
2026/08/21 18:29:33 - mmengine - INFO - Epoch(val) [12][701/701]    coco/bbox_mAP: 0.0160  coco/bbox_mAP_50: 0.0540  coco/bbox_mAP_75: 0.0060  coco/bbox_mAP_s: 0.0170  coco/bbox_mAP_m: 0.0200  coco/bbox_mAP_l: -1.0000  data_time: 0.0008  time: 0.0493
2026/08/21 18:29:33 - mmengine - INFO - The previous best checkpoint /root/tiny-object-research/outputs/PRT-001/B0/seed0/best_coco_bbox_mAP_epoch_8.pth is removed
2026/08/21 18:29:34 - mmengine - INFO - The best checkpoint with 0.0160 coco/bbox_mAP at 12 epoch is saved to best_coco_bbox_mAP_epoch_12.pth.
