2026/08/21 22:12:01 - mmengine - INFO - 
------------------------------------------------------------
System environment:
    sys.platform: linux
    Python: 3.8.10 (default, Jun  4 2021, 15:09:15) [GCC 7.5.0]
    CUDA available: True
    MUSA available: False
    numpy_random_seed: 0
    GPU 0: NVIDIA GeForce RTX 4090 D
    CUDA_HOME: /usr/local/cuda
    NVCC: Cuda compilation tools, release 11.8, V11.8.89
    GCC: gcc (Ubuntu 9.4.0-1ubuntu1~20.04.1) 9.4.0
    PyTorch: 2.0.0+cu118
    PyTorch compiling details: PyTorch built with:
  - GCC 9.3
  - C++ Version: 201703
  - Intel(R) oneAPI Math Kernel Library Version 2022.2-Product Build 20220804 for Intel(R) 64 architecture applications
  - Intel(R) MKL-DNN v2.7.3 (Git Hash 6dbeffbae1f23cbbeae17adb7b5b13f1f37c080e)
  - OpenMP 201511 (a.k.a. OpenMP 4.5)
  - LAPACK is enabled (usually provided by MKL)
  - NNPACK is enabled
  - CPU capability usage: AVX2
  - CUDA Runtime 11.8
  - NVCC architecture flags: -gencode;arch=compute_37,code=sm_37;-gencode;arch=compute_50,code=sm_50;-gencode;arch=compute_60,code=sm_60;-gencode;arch=compute_70,code=sm_70;-gencode;arch=compute_75,code=sm_75;-gencode;arch=compute_80,code=sm_80;-gencode;arch=compute_86,code=sm_86;-gencode;arch=compute_90,code=sm_90
  - CuDNN 8.7
  - Magma 2.6.1
  - Build settings: BLAS_INFO=mkl, BUILD_TYPE=Release, CUDA_VERSION=11.8, CUDNN_VERSION=8.7.0, CXX_COMPILER=/opt/rh/devtoolset-9/root/usr/bin/c++, CXX_FLAGS= -D_GLIBCXX_USE_CXX11_ABI=0 -fabi-version=11 -Wno-deprecated -fvisibility-inlines-hidden -DUSE_PTHREADPOOL -DNDEBUG -DUSE_KINETO -DLIBKINETO_NOROCTRACER -DUSE_FBGEMM -DUSE_QNNPACK -DUSE_PYTORCH_QNNPACK -DUSE_XNNPACK -DSYMBOLICATE_MOBILE_DEBUG_HANDLE -O2 -fPIC -Wall -Wextra -Werror=return-type -Werror=non-virtual-dtor -Werror=bool-operation -Wnarrowing -Wno-missing-field-initializers -Wno-type-limits -Wno-array-bounds -Wno-unknown-pragmas -Wunused-local-typedefs -Wno-unused-parameter -Wno-unused-function -Wno-unused-result -Wno-strict-overflow -Wno-strict-aliasing -Wno-error=deprecated-declarations -Wno-stringop-overflow -Wno-psabi -Wno-error=pedantic -Wno-error=redundant-decls -Wno-error=old-style-cast -fdiagnostics-color=always -faligned-new -Wno-unused-but-set-variable -Wno-maybe-uninitialized -fno-math-errno -fno-trapping-math -Werror=format -Werror=cast-function-type -Wno-stringop-overflow, LAPACK_INFO=mkl, PERF_WITH_AVX=1, PERF_WITH_AVX2=1, PERF_WITH_AVX512=1, TORCH_DISABLE_GPU_ASSERTS=ON, TORCH_VERSION=2.0.0, USE_CUDA=ON, USE_CUDNN=ON, USE_EXCEPTION_PTR=1, USE_GFLAGS=OFF, USE_GLOG=OFF, USE_MKL=ON, USE_MKLDNN=ON, USE_MPI=OFF, USE_NCCL=1, USE_NNPACK=ON, USE_OPENMP=ON, USE_ROCM=OFF, 

    TorchVision: 0.15.1+cu118
    OpenCV: 4.9.0
    MMEngine: 0.10.7

Runtime environment:
    dist_cfg: {'backend': 'nccl'}
    seed: 0
    deterministic: True
    Distributed launcher: none
    Distributed training: False
    GPU number: 1
------------------------------------------------------------

2026/08/21 22:12:01 - mmengine - INFO - Config:
class_names = [
    'airplane',
    'bridge',
    'storage-tank',
    'ship',
    'swimming-pool',
    'vehicle',
    'person',
    'wind-mill',
]
custom_imports = dict(
    allow_failed_imports=False, imports=[
        'prtiny.models',
    ])
data_root = 'data/AI-TOD-v2/'
dataset_type = 'CocoDataset'
default_hooks = dict(
    checkpoint=dict(
        interval=1, max_keep_ckpts=3, save_best='auto', type='CheckpointHook'),
    logger=dict(interval=50, type='LoggerHook'),
    param_scheduler=dict(type='ParamSchedulerHook'),
    sampler_seed=dict(type='DistSamplerSeedHook'),
    timer=dict(type='IterTimerHook'))
default_scope = 'mmdet'
input_size = (
    800,
    800,
)
launcher = 'none'
model = dict(
    backbone=dict(
        depth=50,
        frozen_stages=1,
        init_cfg=dict(
            checkpoint='data/pretrained/resnet50_msra-5891d200.pth',
            type='Pretrained'),
        norm_cfg=dict(requires_grad=True, type='BN'),
        norm_eval=True,
        num_stages=4,
        out_indices=(
            0,
            1,
            2,
            3,
        ),
        pdd_stages=(
            0,
            1,
        ),
        style='pytorch',
        type='ResNetWithPDD'),
    bbox_head=dict(
        feat_channels=256,
        in_channels=256,
        loss_bbox=dict(loss_weight=1.0, type='GIoULoss'),
        loss_centerness=dict(
            loss_weight=1.0, type='CrossEntropyLoss', use_sigmoid=True),
        loss_cls=dict(
            alpha=0.25,
            gamma=2.0,
            loss_weight=1.0,
            type='FocalLoss',
            use_sigmoid=True),
        num_classes=8,
        regress_ranges=(
            (
                -1,
                32,
            ),
            (
                32,
                64,
            ),
            (
                64,
                128,
            ),
            (
                128,
                256,
            ),
            (
                256,
                100000000.0,
            ),
        ),
        stacked_convs=4,
        strides=[
            4,
            8,
            16,
            32,
            64,
        ],
        type='FCOSHead'),
    data_preprocessor=dict(
        bgr_to_rgb=True,
        mean=[
            123.675,
            116.28,
            103.53,
        ],
        pad_size_divisor=32,
        std=[
            58.395,
            57.12,
            57.375,
        ],
        type='DetDataPreprocessor'),
    neck=dict(
        add_extra_convs='on_output',
        in_channels=[
            256,
            512,
            1024,
            2048,
        ],
        num_outs=5,
        out_channels=256,
        relu_before_extra_convs=True,
        start_level=0,
        type='FPN'),
    test_cfg=dict(
        max_per_img=3000,
        min_bbox_size=0,
        nms=dict(iou_threshold=0.5, type='nms'),
        nms_pre=3000,
        score_thr=0.05),
    type='FCOS')
num_classes = 8
optim_wrapper = dict(
    clip_grad=dict(max_norm=35, norm_type=2),
    optimizer=dict(lr=0.005, momentum=0.9, type='SGD', weight_decay=0.0001),
    paramwise_cfg=dict(bias_decay_mult=0.0, bias_lr_mult=2.0),
    type='OptimWrapper')
param_scheduler = [
    dict(
        begin=0,
        by_epoch=False,
        end=250,
        start_factor=0.3333333333333333,
        type='LinearLR'),
    dict(
        begin=0,
        by_epoch=True,
        end=12,
        gamma=0.1,
        milestones=[
            8,
            11,
        ],
        type='MultiStepLR'),
]
randomness = dict(deterministic=True, seed=0)
test_cfg = dict(type='TestLoop')
test_dataloader = dict(
    batch_size=4,
    dataset=dict(
        ann_file='annotations/aitod_test_v1.json',
        data_prefix=dict(img='test/images/'),
        data_root='data/AI-TOD-v2/',
        metainfo=dict(classes=[
            'airplane',
            'bridge',
            'storage-tank',
            'ship',
            'swimming-pool',
            'vehicle',
            'person',
            'wind-mill',
        ]),
        pipeline=[
            dict(backend_args=None, type='LoadImageFromFile'),
            dict(keep_ratio=True, scale=(
                800,
                800,
            ), type='Resize'),
            dict(size_divisor=32, type='Pad'),
            dict(type='LoadAnnotations', with_bbox=True),
            dict(
                meta_keys=(
                    'img_id',
                    'img_path',
                    'ori_shape',
                    'img_shape',
                    'scale_factor',
                ),
                type='PackDetInputs'),
        ],
        test_mode=True,
        type='CocoDataset'),
    drop_last=False,
    num_workers=8,
    persistent_workers=True,
    pin_memory=True,
    sampler=dict(shuffle=False, type='DefaultSampler'))
test_evaluator = dict(
    ann_file='data/AI-TOD-v2/annotations/aitod_test_v1.json',
    format_only=False,
    metric='bbox',
    type='CocoMetric')
test_pipeline = [
    dict(backend_args=None, type='LoadImageFromFile'),
    dict(keep_ratio=True, scale=(
        800,
        800,
    ), type='Resize'),
    dict(size_divisor=32, type='Pad'),
    dict(type='LoadAnnotations', with_bbox=True),
    dict(
        meta_keys=(
            'img_id',
            'img_path',
            'ori_shape',
            'img_shape',
            'scale_factor',
        ),
        type='PackDetInputs'),
]
train_cfg = dict(max_epochs=12, type='EpochBasedTrainLoop', val_interval=4)
train_dataloader = dict(
    batch_sampler=dict(type='AspectRatioBatchSampler'),
    batch_size=4,
    dataset=dict(
        ann_file='annotations/aitod_train_v1.json',
        data_prefix=dict(img='train/images/'),
        data_root='data/AI-TOD-v2/',
        filter_cfg=dict(filter_empty_gt=True, min_size=2),
        metainfo=dict(classes=[
            'airplane',
            'bridge',
            'storage-tank',
            'ship',
            'swimming-pool',
            'vehicle',
            'person',
            'wind-mill',
        ]),
        pipeline=[
            dict(backend_args=None, type='LoadImageFromFile'),
            dict(type='LoadAnnotations', with_bbox=True),
            dict(keep_ratio=True, scale=(
                800,
                800,
            ), type='Resize'),
            dict(prob=0.5, type='RandomFlip'),
            dict(size_divisor=32, type='Pad'),
            dict(type='PackDetInputs'),
        ],
        type='CocoDataset'),
    num_workers=8,
    persistent_workers=True,
    pin_memory=True,
    sampler=dict(shuffle=True, type='DefaultSampler'))
train_pipeline = [
    dict(backend_args=None, type='LoadImageFromFile'),
    dict(type='LoadAnnotations', with_bbox=True),
    dict(keep_ratio=True, scale=(
        800,
        800,
    ), type='Resize'),
    dict(prob=0.5, type='RandomFlip'),
    dict(size_divisor=32, type='Pad'),
    dict(type='PackDetInputs'),
]
val_cfg = dict(type='ValLoop')
val_dataloader = dict(
    batch_size=4,
    dataset=dict(
        ann_file='annotations/aitod_val_v1.json',
        data_prefix=dict(img='val/images/'),
        data_root='data/AI-TOD-v2/',
        metainfo=dict(classes=[
            'airplane',
            'bridge',
            'storage-tank',
            'ship',
            'swimming-pool',
            'vehicle',
            'person',
            'wind-mill',
        ]),
        pipeline=[
            dict(backend_args=None, type='LoadImageFromFile'),
            dict(keep_ratio=True, scale=(
                800,
                800,
            ), type='Resize'),
            dict(size_divisor=32, type='Pad'),
            dict(type='LoadAnnotations', with_bbox=True),
            dict(
                meta_keys=(
                    'img_id',
                    'img_path',
                    'ori_shape',
                    'img_shape',
                    'scale_factor',
                ),
                type='PackDetInputs'),
        ],
        test_mode=True,
        type='CocoDataset'),
    drop_last=False,
    num_workers=8,
    persistent_workers=True,
    pin_memory=True,
    sampler=dict(shuffle=False, type='DefaultSampler'))
val_evaluator = dict(
    ann_file='data/AI-TOD-v2/annotations/aitod_val_v1.json',
    format_only=False,
    metric='bbox',
    type='CocoMetric')
val_pipeline = [
    dict(backend_args=None, type='LoadImageFromFile'),
    dict(keep_ratio=True, scale=(
        800,
        800,
    ), type='Resize'),
    dict(size_divisor=32, type='Pad'),
    dict(type='LoadAnnotations', with_bbox=True),
    dict(
        meta_keys=(
            'img_id',
            'img_path',
            'ori_shape',
            'img_shape',
            'scale_factor',
        ),
        type='PackDetInputs'),
]
work_dir = 'outputs/PRT-002/PDD/seed0'

2026/08/21 22:12:03 - mmengine - INFO - Distributed training is not used, all SyncBatchNorm (SyncBN) layers in the model will be automatically reverted to BatchNormXd layers if they are used.
2026/08/21 22:12:03 - mmengine - INFO - Hooks will be executed in the following order:
before_run:
(VERY_HIGH   ) RuntimeInfoHook                    
(BELOW_NORMAL) LoggerHook                         
 -------------------- 
before_train:
(VERY_HIGH   ) RuntimeInfoHook                    
(NORMAL      ) IterTimerHook                      
(VERY_LOW    ) CheckpointHook                     
 -------------------- 
before_train_epoch:
(VERY_HIGH   ) RuntimeInfoHook                    
(NORMAL      ) IterTimerHook                      
(NORMAL      ) DistSamplerSeedHook                
 -------------------- 
before_train_iter:
(VERY_HIGH   ) RuntimeInfoHook                    
(NORMAL      ) IterTimerHook                      
 -------------------- 
after_train_iter:
(VERY_HIGH   ) RuntimeInfoHook                    
(NORMAL      ) IterTimerHook                      
(BELOW_NORMAL) LoggerHook                         
(LOW         ) ParamSchedulerHook                 
(VERY_LOW    ) CheckpointHook                     
 -------------------- 
after_train_epoch:
(NORMAL      ) IterTimerHook                      
(LOW         ) ParamSchedulerHook                 
(VERY_LOW    ) CheckpointHook                     
 -------------------- 
before_val:
(VERY_HIGH   ) RuntimeInfoHook                    
 -------------------- 
before_val_epoch:
(NORMAL      ) IterTimerHook                      
 -------------------- 
before_val_iter:
(NORMAL      ) IterTimerHook                      
 -------------------- 
after_val_iter:
(NORMAL      ) IterTimerHook                      
(BELOW_NORMAL) LoggerHook                         
 -------------------- 
after_val_epoch:
(VERY_HIGH   ) RuntimeInfoHook                    
(NORMAL      ) IterTimerHook                      
(BELOW_NORMAL) LoggerHook                         
(LOW         ) ParamSchedulerHook                 
(VERY_LOW    ) CheckpointHook                     
 -------------------- 
after_val:
(VERY_HIGH   ) RuntimeInfoHook                    
 -------------------- 
after_train:
(VERY_HIGH   ) RuntimeInfoHook                    
(VERY_LOW    ) CheckpointHook                     
 -------------------- 
before_test:
(VERY_HIGH   ) RuntimeInfoHook                    
 -------------------- 
before_test_epoch:
(NORMAL      ) IterTimerHook                      
 -------------------- 
before_test_iter:
(NORMAL      ) IterTimerHook                      
 -------------------- 
after_test_iter:
(NORMAL      ) IterTimerHook                      
(BELOW_NORMAL) LoggerHook                         
 -------------------- 
after_test_epoch:
(VERY_HIGH   ) RuntimeInfoHook                    
(NORMAL      ) IterTimerHook                      
(BELOW_NORMAL) LoggerHook                         
 -------------------- 
after_test:
(VERY_HIGH   ) RuntimeInfoHook                    
 -------------------- 
after_run:
(BELOW_NORMAL) LoggerHook                         
 -------------------- 
2026/08/21 22:12:08 - mmengine - WARNING - backbone.conv1.weight is skipped since its requires_grad=False
2026/08/21 22:12:08 - mmengine - WARNING - backbone.bn1.weight is skipped since its requires_grad=False
2026/08/21 22:12:08 - mmengine - WARNING - backbone.bn1.bias is skipped since its requires_grad=False
2026/08/21 22:12:08 - mmengine - INFO - paramwise_options -- backbone.maxpool.bn_dw.bias:weight_decay=0.0
2026/08/21 22:12:08 - mmengine - INFO - paramwise_options -- backbone.maxpool.fuse_conv.1.bias:weight_decay=0.0
2026/08/21 22:12:08 - mmengine - WARNING - backbone.layer1.0.conv1.weight is skipped since its requires_grad=False
2026/08/21 22:12:08 - mmengine - WARNING - backbone.layer1.0.bn1.weight is skipped since its requires_grad=False
2026/08/21 22:12:08 - mmengine - WARNING - backbone.layer1.0.bn1.bias is skipped since its requires_grad=False
2026/08/21 22:12:08 - mmengine - WARNING - backbone.layer1.0.conv2.weight is skipped since its requires_grad=False
2026/08/21 22:12:08 - mmengine - WARNING - backbone.layer1.0.bn2.weight is skipped since its requires_grad=False
2026/08/21 22:12:08 - mmengine - WARNING - backbone.layer1.0.bn2.bias is skipped since its requires_grad=False
2026/08/21 22:12:08 - mmengine - WARNING - backbone.layer1.0.conv3.weight is skipped since its requires_grad=False
2026/08/21 22:12:08 - mmengine - WARNING - backbone.layer1.0.bn3.weight is skipped since its requires_grad=False
2026/08/21 22:12:08 - mmengine - WARNING - backbone.layer1.0.bn3.bias is skipped since its requires_grad=False
2026/08/21 22:12:08 - mmengine - WARNING - backbone.layer1.0.downsample.0.weight is skipped since its requires_grad=False
2026/08/21 22:12:08 - mmengine - WARNING - backbone.layer1.0.downsample.1.weight is skipped since its requires_grad=False
2026/08/21 22:12:08 - mmengine - WARNING - backbone.layer1.0.downsample.1.bias is skipped since its requires_grad=False
2026/08/21 22:12:08 - mmengine - WARNING - backbone.layer1.1.conv1.weight is skipped since its requires_grad=False
2026/08/21 22:12:08 - mmengine - WARNING - backbone.layer1.1.bn1.weight is skipped since its requires_grad=False
2026/08/21 22:12:08 - mmengine - WARNING - backbone.layer1.1.bn1.bias is skipped since its requires_grad=False
2026/08/21 22:12:08 - mmengine - WARNING - backbone.layer1.1.conv2.weight is skipped since its requires_grad=False
2026/08/21 22:12:08 - mmengine - WARNING - backbone.layer1.1.bn2.weight is skipped since its requires_grad=False
2026/08/21 22:12:08 - mmengine - WARNING - backbone.layer1.1.bn2.bias is skipped since its requires_grad=False
2026/08/21 22:12:08 - mmengine - WARNING - backbone.layer1.1.conv3.weight is skipped since its requires_grad=False
2026/08/21 22:12:08 - mmengine - WARNING - backbone.layer1.1.bn3.weight is skipped since its requires_grad=False
2026/08/21 22:12:08 - mmengine - WARNING - backbone.layer1.1.bn3.bias is skipped since its requires_grad=False
2026/08/21 22:12:08 - mmengine - WARNING - backbone.layer1.2.conv1.weight is skipped since its requires_grad=False
2026/08/21 22:12:08 - mmengine - WARNING - backbone.layer1.2.bn1.weight is skipped since its requires_grad=False
2026/08/21 22:12:08 - mmengine - WARNING - backbone.layer1.2.bn1.bias is skipped since its requires_grad=False
2026/08/21 22:12:08 - mmengine - WARNING - backbone.layer1.2.conv2.weight is skipped since its requires_grad=False
2026/08/21 22:12:08 - mmengine - WARNING - backbone.layer1.2.bn2.weight is skipped since its requires_grad=False
2026/08/21 22:12:08 - mmengine - WARNING - backbone.layer1.2.bn2.bias is skipped since its requires_grad=False
2026/08/21 22:12:08 - mmengine - WARNING - backbone.layer1.2.conv3.weight is skipped since its requires_grad=False
2026/08/21 22:12:08 - mmengine - WARNING - backbone.layer1.2.bn3.weight is skipped since its requires_grad=False
2026/08/21 22:12:08 - mmengine - WARNING - backbone.layer1.2.bn3.bias is skipped since its requires_grad=False
2026/08/21 22:12:08 - mmengine - INFO - paramwise_options -- backbone.layer2.0.bn1.bias:weight_decay=0.0
2026/08/21 22:12:08 - mmengine - INFO - paramwise_options -- backbone.layer2.0.bn2.bias:weight_decay=0.0
2026/08/21 22:12:08 - mmengine - INFO - paramwise_options -- backbone.layer2.0.bn3.bias:weight_decay=0.0
2026/08/21 22:12:08 - mmengine - INFO - paramwise_options -- backbone.layer2.0.downsample.1.bias:weight_decay=0.0
2026/08/21 22:12:08 - mmengine - INFO - paramwise_options -- backbone.layer2.1.bn1.bias:weight_decay=0.0
2026/08/21 22:12:08 - mmengine - INFO - paramwise_options -- backbone.layer2.1.bn2.bias:weight_decay=0.0
2026/08/21 22:12:08 - mmengine - INFO - paramwise_options -- backbone.layer2.1.bn3.bias:weight_decay=0.0
2026/08/21 22:12:08 - mmengine - INFO - paramwise_options -- backbone.layer2.2.bn1.bias:weight_decay=0.0
2026/08/21 22:12:08 - mmengine - INFO - paramwise_options -- backbone.layer2.2.bn2.bias:weight_decay=0.0
2026/08/21 22:12:08 - mmengine - INFO - paramwise_options -- backbone.layer2.2.bn3.bias:weight_decay=0.0
2026/08/21 22:12:08 - mmengine - INFO - paramwise_options -- backbone.layer2.3.bn1.bias:weight_decay=0.0
2026/08/21 22:12:08 - mmengine - INFO - paramwise_options -- backbone.layer2.3.bn2.bias:weight_decay=0.0
2026/08/21 22:12:08 - mmengine - INFO - paramwise_options -- backbone.layer2.3.bn3.bias:weight_decay=0.0
2026/08/21 22:12:08 - mmengine - INFO - paramwise_options -- backbone.layer3.0.bn1.bias:weight_decay=0.0
2026/08/21 22:12:08 - mmengine - INFO - paramwise_options -- backbone.layer3.0.bn2.bias:weight_decay=0.0
2026/08/21 22:12:08 - mmengine - INFO - paramwise_options -- backbone.layer3.0.bn3.bias:weight_decay=0.0
2026/08/21 22:12:08 - mmengine - INFO - paramwise_options -- backbone.layer3.0.downsample.1.bias:weight_decay=0.0
2026/08/21 22:12:08 - mmengine - INFO - paramwise_options -- backbone.layer3.1.bn1.bias:weight_decay=0.0
2026/08/21 22:12:08 - mmengine - INFO - paramwise_options -- backbone.layer3.1.bn2.bias:weight_decay=0.0
2026/08/21 22:12:08 - mmengine - INFO - paramwise_options -- backbone.layer3.1.bn3.bias:weight_decay=0.0
2026/08/21 22:12:08 - mmengine - INFO - paramwise_options -- backbone.layer3.2.bn1.bias:weight_decay=0.0
2026/08/21 22:12:08 - mmengine - INFO - paramwise_options -- backbone.layer3.2.bn2.bias:weight_decay=0.0
2026/08/21 22:12:08 - mmengine - INFO - paramwise_options -- backbone.layer3.2.bn3.bias:weight_decay=0.0
2026/08/21 22:12:08 - mmengine - INFO - paramwise_options -- backbone.layer3.3.bn1.bias:weight_decay=0.0
2026/08/21 22:12:08 - mmengine - INFO - paramwise_options -- backbone.layer3.3.bn2.bias:weight_decay=0.0
2026/08/21 22:12:08 - mmengine - INFO - paramwise_options -- backbone.layer3.3.bn3.bias:weight_decay=0.0
2026/08/21 22:12:08 - mmengine - INFO - paramwise_options -- backbone.layer3.4.bn1.bias:weight_decay=0.0
2026/08/21 22:12:08 - mmengine - INFO - paramwise_options -- backbone.layer3.4.bn2.bias:weight_decay=0.0
2026/08/21 22:12:08 - mmengine - INFO - paramwise_options -- backbone.layer3.4.bn3.bias:weight_decay=0.0
2026/08/21 22:12:08 - mmengine - INFO - paramwise_options -- backbone.layer3.5.bn1.bias:weight_decay=0.0
2026/08/21 22:12:08 - mmengine - INFO - paramwise_options -- backbone.layer3.5.bn2.bias:weight_decay=0.0
2026/08/21 22:12:08 - mmengine - INFO - paramwise_options -- backbone.layer3.5.bn3.bias:weight_decay=0.0
2026/08/21 22:12:08 - mmengine - INFO - paramwise_options -- backbone.layer4.0.bn1.bias:weight_decay=0.0
2026/08/21 22:12:08 - mmengine - INFO - paramwise_options -- backbone.layer4.0.bn2.bias:weight_decay=0.0
2026/08/21 22:12:08 - mmengine - INFO - paramwise_options -- backbone.layer4.0.bn3.bias:weight_decay=0.0
2026/08/21 22:12:08 - mmengine - INFO - paramwise_options -- backbone.layer4.0.downsample.1.bias:weight_decay=0.0
2026/08/21 22:12:08 - mmengine - INFO - paramwise_options -- backbone.layer4.1.bn1.bias:weight_decay=0.0
2026/08/21 22:12:08 - mmengine - INFO - paramwise_options -- backbone.layer4.1.bn2.bias:weight_decay=0.0
2026/08/21 22:12:08 - mmengine - INFO - paramwise_options -- backbone.layer4.1.bn3.bias:weight_decay=0.0
2026/08/21 22:12:08 - mmengine - INFO - paramwise_options -- backbone.layer4.2.bn1.bias:weight_decay=0.0
2026/08/21 22:12:08 - mmengine - INFO - paramwise_options -- backbone.layer4.2.bn2.bias:weight_decay=0.0
2026/08/21 22:12:08 - mmengine - INFO - paramwise_options -- backbone.layer4.2.bn3.bias:weight_decay=0.0
2026/08/21 22:12:08 - mmengine - INFO - paramwise_options -- neck.lateral_convs.0.conv.bias:lr=0.01
2026/08/21 22:12:08 - mmengine - INFO - paramwise_options -- neck.lateral_convs.0.conv.bias:weight_decay=0.0
2026/08/21 22:12:08 - mmengine - INFO - paramwise_options -- neck.lateral_convs.1.conv.bias:lr=0.01
2026/08/21 22:12:08 - mmengine - INFO - paramwise_options -- neck.lateral_convs.1.conv.bias:weight_decay=0.0
2026/08/21 22:12:08 - mmengine - INFO - paramwise_options -- neck.lateral_convs.2.conv.bias:lr=0.01
2026/08/21 22:12:08 - mmengine - INFO - paramwise_options -- neck.lateral_convs.2.conv.bias:weight_decay=0.0
2026/08/21 22:12:08 - mmengine - INFO - paramwise_options -- neck.lateral_convs.3.conv.bias:lr=0.01
2026/08/21 22:12:08 - mmengine - INFO - paramwise_options -- neck.lateral_convs.3.conv.bias:weight_decay=0.0
2026/08/21 22:12:08 - mmengine - INFO - paramwise_options -- neck.fpn_convs.0.conv.bias:lr=0.01
2026/08/21 22:12:08 - mmengine - INFO - paramwise_options -- neck.fpn_convs.0.conv.bias:weight_decay=0.0
2026/08/21 22:12:08 - mmengine - INFO - paramwise_options -- neck.fpn_convs.1.conv.bias:lr=0.01
2026/08/21 22:12:08 - mmengine - INFO - paramwise_options -- neck.fpn_convs.1.conv.bias:weight_decay=0.0
2026/08/21 22:12:08 - mmengine - INFO - paramwise_options -- neck.fpn_convs.2.conv.bias:lr=0.01
2026/08/21 22:12:08 - mmengine - INFO - paramwise_options -- neck.fpn_convs.2.conv.bias:weight_decay=0.0
2026/08/21 22:12:08 - mmengine - INFO - paramwise_options -- neck.fpn_convs.3.conv.bias:lr=0.01
2026/08/21 22:12:08 - mmengine - INFO - paramwise_options -- neck.fpn_convs.3.conv.bias:weight_decay=0.0
2026/08/21 22:12:08 - mmengine - INFO - paramwise_options -- neck.fpn_convs.4.conv.bias:lr=0.01
2026/08/21 22:12:08 - mmengine - INFO - paramwise_options -- neck.fpn_convs.4.conv.bias:weight_decay=0.0
2026/08/21 22:12:08 - mmengine - INFO - paramwise_options -- bbox_head.cls_convs.0.gn.bias:weight_decay=0.0
2026/08/21 22:12:08 - mmengine - INFO - paramwise_options -- bbox_head.cls_convs.1.gn.bias:weight_decay=0.0
2026/08/21 22:12:08 - mmengine - INFO - paramwise_options -- bbox_head.cls_convs.2.gn.bias:weight_decay=0.0
2026/08/21 22:12:08 - mmengine - INFO - paramwise_options -- bbox_head.cls_convs.3.gn.bias:weight_decay=0.0
2026/08/21 22:12:08 - mmengine - INFO - paramwise_options -- bbox_head.reg_convs.0.gn.bias:weight_decay=0.0
2026/08/21 22:12:08 - mmengine - INFO - paramwise_options -- bbox_head.reg_convs.1.gn.bias:weight_decay=0.0
2026/08/21 22:12:08 - mmengine - INFO - paramwise_options -- bbox_head.reg_convs.2.gn.bias:weight_decay=0.0
2026/08/21 22:12:08 - mmengine - INFO - paramwise_options -- bbox_head.reg_convs.3.gn.bias:weight_decay=0.0
2026/08/21 22:12:09 - mmengine - INFO - paramwise_options -- bbox_head.conv_cls.bias:lr=0.01
2026/08/21 22:12:09 - mmengine - INFO - paramwise_options -- bbox_head.conv_cls.bias:weight_decay=0.0
2026/08/21 22:12:09 - mmengine - INFO - paramwise_options -- bbox_head.conv_reg.bias:lr=0.01
2026/08/21 22:12:09 - mmengine - INFO - paramwise_options -- bbox_head.conv_reg.bias:weight_decay=0.0
2026/08/21 22:12:09 - mmengine - INFO - paramwise_options -- bbox_head.conv_centerness.bias:lr=0.01
2026/08/21 22:12:09 - mmengine - INFO - paramwise_options -- bbox_head.conv_centerness.bias:weight_decay=0.0
2026/08/21 22:12:11 - mmengine - INFO - load model from: data/pretrained/resnet50_msra-5891d200.pth
2026/08/21 22:12:11 - mmengine - INFO - Loads checkpoint by local backend from path: data/pretrained/resnet50_msra-5891d200.pth
2026/08/21 22:12:11 - mmengine - WARNING - The model and loaded state dict do not match exactly

unexpected key in source state_dict: conv1.bias

missing keys in source state_dict: maxpool.dw_conv.weight, maxpool.bn_dw.weight, maxpool.bn_dw.bias, maxpool.bn_dw.running_mean, maxpool.bn_dw.running_var, maxpool.fuse_conv.0.weight, maxpool.fuse_conv.1.weight, maxpool.fuse_conv.1.bias, maxpool.fuse_conv.1.running_mean, maxpool.fuse_conv.1.running_var

Name of parameter - Initialization information

backbone.conv1.weight - torch.Size([64, 3, 7, 7]): 
PretrainedInit: load from data/pretrained/resnet50_msra-5891d200.pth 

backbone.bn1.weight - torch.Size([64]): 
PretrainedInit: load from data/pretrained/resnet50_msra-5891d200.pth 

backbone.bn1.bias - torch.Size([64]): 
PretrainedInit: load from data/pretrained/resnet50_msra-5891d200.pth 

backbone.maxpool.dw_conv.weight - torch.Size([32, 1, 3, 3]): 
The value is the same before and after calling `init_weights` of FCOS  

backbone.maxpool.bn_dw.weight - torch.Size([32]): 
The value is the same before and after calling `init_weights` of FCOS  

backbone.maxpool.bn_dw.bias - torch.Size([32]): 
The value is the same before and after calling `init_weights` of FCOS  

backbone.maxpool.fuse_conv.0.weight - torch.Size([64, 160, 1, 1]): 
The value is the same before and after calling `init_weights` of FCOS  

backbone.maxpool.fuse_conv.1.weight - torch.Size([64]): 
The value is the same before and after calling `init_weights` of FCOS  

backbone.maxpool.fuse_conv.1.bias - torch.Size([64]): 
The value is the same before and after calling `init_weights` of FCOS  

backbone.layer1.0.conv1.weight - torch.Size([64, 64, 1, 1]): 
PretrainedInit: load from data/pretrained/resnet50_msra-5891d200.pth 

backbone.layer1.0.bn1.weight - torch.Size([64]): 
PretrainedInit: load from data/pretrained/resnet50_msra-5891d200.pth 

backbone.layer1.0.bn1.bias - torch.Size([64]): 
PretrainedInit: load from data/pretrained/resnet50_msra-5891d200.pth 

backbone.layer1.0.conv2.weight - torch.Size([64, 64, 3, 3]): 
PretrainedInit: load from data/pretrained/resnet50_msra-5891d200.pth 

backbone.layer1.0.bn2.weight - torch.Size([64]): 
PretrainedInit: load from data/pretrained/resnet50_msra-5891d200.pth 

backbone.layer1.0.bn2.bias - torch.Size([64]): 
PretrainedInit: load from data/pretrained/resnet50_msra-5891d200.pth 

backbone.layer1.0.conv3.weight - torch.Size([256, 64, 1, 1]): 
PretrainedInit: load from data/pretrained/resnet50_msra-5891d200.pth 

backbone.layer1.0.bn3.weight - torch.Size([256]): 
PretrainedInit: load from data/pretrained/resnet50_msra-5891d200.pth 

backbone.layer1.0.bn3.bias - torch.Size([256]): 
PretrainedInit: load from data/pretrained/resnet50_msra-5891d200.pth 

backbone.layer1.0.downsample.0.weight - torch.Size([256, 64, 1, 1]): 
PretrainedInit: load from data/pretrained/resnet50_msra-5891d200.pth 

backbone.layer1.0.downsample.1.weight - torch.Size([256]): 
PretrainedInit: load from data/pretrained/resnet50_msra-5891d200.pth 

backbone.layer1.0.downsample.1.bias - torch.Size([256]): 
PretrainedInit: load from data/pretrained/resnet50_msra-5891d200.pth 

backbone.layer1.1.conv1.weight - torch.Size([64, 256, 1, 1]): 
PretrainedInit: load from data/pretrained/resnet50_msra-5891d200.pth 

backbone.layer1.1.bn1.weight - torch.Size([64]): 
PretrainedInit: load from data/pretrained/resnet50_msra-5891d200.pth 

backbone.layer1.1.bn1.bias - torch.Size([64]): 
PretrainedInit: load from data/pretrained/resnet50_msra-5891d200.pth 

backbone.layer1.1.conv2.weight - torch.Size([64, 64, 3, 3]): 
PretrainedInit: load from data/pretrained/resnet50_msra-5891d200.pth 

backbone.layer1.1.bn2.weight - torch.Size([64]): 
PretrainedInit: load from data/pretrained/resnet50_msra-5891d200.pth 

backbone.layer1.1.bn2.bias - torch.Size([64]): 
PretrainedInit: load from data/pretrained/resnet50_msra-5891d200.pth 

backbone.layer1.1.conv3.weight - torch.Size([256, 64, 1, 1]): 
PretrainedInit: load from data/pretrained/resnet50_msra-5891d200.pth 

backbone.layer1.1.bn3.weight - torch.Size([256]): 
PretrainedInit: load from data/pretrained/resnet50_msra-5891d200.pth 

backbone.layer1.1.bn3.bias - torch.Size([256]): 
PretrainedInit: load from data/pretrained/resnet50_msra-5891d200.pth 

backbone.layer1.2.conv1.weight - torch.Size([64, 256, 1, 1]): 
PretrainedInit: load from data/pretrained/resnet50_msra-5891d200.pth 

backbone.layer1.2.bn1.weight - torch.Size([64]): 
PretrainedInit: load from data/pretrained/resnet50_msra-5891d200.pth 

backbone.layer1.2.bn1.bias - torch.Size([64]): 
PretrainedInit: load from data/pretrained/resnet50_msra-5891d200.pth 

backbone.layer1.2.conv2.weight - torch.Size([64, 64, 3, 3]): 
PretrainedInit: load from data/pretrained/resnet50_msra-5891d200.pth 

backbone.layer1.2.bn2.weight - torch.Size([64]): 
PretrainedInit: load from data/pretrained/resnet50_msra-5891d200.pth 

backbone.layer1.2.bn2.bias - torch.Size([64]): 
PretrainedInit: load from data/pretrained/resnet50_msra-5891d200.pth 

backbone.layer1.2.conv3.weight - torch.Size([256, 64, 1, 1]): 
PretrainedInit: load from data/pretrained/resnet50_msra-5891d200.pth 

backbone.layer1.2.bn3.weight - torch.Size([256]): 
PretrainedInit: load from data/pretrained/resnet50_msra-5891d200.pth 

backbone.layer1.2.bn3.bias - torch.Size([256]): 
PretrainedInit: load from data/pretrained/resnet50_msra-5891d200.pth 

backbone.layer2.0.conv1.weight - torch.Size([128, 256, 1, 1]): 
PretrainedInit: load from data/pretrained/resnet50_msra-5891d200.pth 

backbone.layer2.0.bn1.weight - torch.Size([128]): 
PretrainedInit: load from data/pretrained/resnet50_msra-5891d200.pth 

backbone.layer2.0.bn1.bias - torch.Size([128]): 
PretrainedInit: load from data/pretrained/resnet50_msra-5891d200.pth 

backbone.layer2.0.conv2.weight - torch.Size([128, 128, 3, 3]): 
PretrainedInit: load from data/pretrained/resnet50_msra-5891d200.pth 

backbone.layer2.0.bn2.weight - torch.Size([128]): 
PretrainedInit: load from data/pretrained/resnet50_msra-5891d200.pth 

backbone.layer2.0.bn2.bias - torch.Size([128]): 
PretrainedInit: load from data/pretrained/resnet50_msra-5891d200.pth 

backbone.layer2.0.conv3.weight - torch.Size([512, 128, 1, 1]): 
PretrainedInit: load from data/pretrained/resnet50_msra-5891d200.pth 

backbone.layer2.0.bn3.weight - torch.Size([512]): 
PretrainedInit: load from data/pretrained/resnet50_msra-5891d200.pth 

backbone.layer2.0.bn3.bias - torch.Size([512]): 
PretrainedInit: load from data/pretrained/resnet50_msra-5891d200.pth 

backbone.layer2.0.downsample.0.weight - torch.Size([512, 256, 1, 1]): 
PretrainedInit: load from data/pretrained/resnet50_msra-5891d200.pth 

backbone.layer2.0.downsample.1.weight - torch.Size([512]): 
PretrainedInit: load from data/pretrained/resnet50_msra-5891d200.pth 

backbone.layer2.0.downsample.1.bias - torch.Size([512]): 
PretrainedInit: load from data/pretrained/resnet50_msra-5891d200.pth 

backbone.layer2.1.conv1.weight - torch.Size([128, 512, 1, 1]): 
PretrainedInit: load from data/pretrained/resnet50_msra-5891d200.pth 

backbone.layer2.1.bn1.weight - torch.Size([128]): 
PretrainedInit: load from data/pretrained/resnet50_msra-5891d200.pth 

backbone.layer2.1.bn1.bias - torch.Size([128]): 
PretrainedInit: load from data/pretrained/resnet50_msra-5891d200.pth 

backbone.layer2.1.conv2.weight - torch.Size([128, 128, 3, 3]): 
PretrainedInit: load from data/pretrained/resnet50_msra-5891d200.pth 

backbone.layer2.1.bn2.weight - torch.Size([128]): 
PretrainedInit: load from data/pretrained/resnet50_msra-5891d200.pth 

backbone.layer2.1.bn2.bias - torch.Size([128]): 
PretrainedInit: load from data/pretrained/resnet50_msra-5891d200.pth 

backbone.layer2.1.conv3.weight - torch.Size([512, 128, 1, 1]): 
PretrainedInit: load from data/pretrained/resnet50_msra-5891d200.pth 

backbone.layer2.1.bn3.weight - torch.Size([512]): 
PretrainedInit: load from data/pretrained/resnet50_msra-5891d200.pth 

backbone.layer2.1.bn3.bias - torch.Size([512]): 
PretrainedInit: load from data/pretrained/resnet50_msra-5891d200.pth 

backbone.layer2.2.conv1.weight - torch.Size([128, 512, 1, 1]): 
PretrainedInit: load from data/pretrained/resnet50_msra-5891d200.pth 

backbone.layer2.2.bn1.weight - torch.Size([128]): 
PretrainedInit: load from data/pretrained/resnet50_msra-5891d200.pth 

backbone.layer2.2.bn1.bias - torch.Size([128]): 
PretrainedInit: load from data/pretrained/resnet50_msra-5891d200.pth 

backbone.layer2.2.conv2.weight - torch.Size([128, 128, 3, 3]): 
PretrainedInit: load from data/pretrained/resnet50_msra-5891d200.pth 

backbone.layer2.2.bn2.weight - torch.Size([128]): 
PretrainedInit: load from data/pretrained/resnet50_msra-5891d200.pth 

backbone.layer2.2.bn2.bias - torch.Size([128]): 
PretrainedInit: load from data/pretrained/resnet50_msra-5891d200.pth 

backbone.layer2.2.conv3.weight - torch.Size([512, 128, 1, 1]): 
PretrainedInit: load from data/pretrained/resnet50_msra-5891d200.pth 

backbone.layer2.2.bn3.weight - torch.Size([512]): 
PretrainedInit: load from data/pretrained/resnet50_msra-5891d200.pth 

backbone.layer2.2.bn3.bias - torch.Size([512]): 
PretrainedInit: load from data/pretrained/resnet50_msra-5891d200.pth 

backbone.layer2.3.conv1.weight - torch.Size([128, 512, 1, 1]): 
PretrainedInit: load from data/pretrained/resnet50_msra-5891d200.pth 

backbone.layer2.3.bn1.weight - torch.Size([128]): 
PretrainedInit: load from data/pretrained/resnet50_msra-5891d200.pth 

backbone.layer2.3.bn1.bias - torch.Size([128]): 
PretrainedInit: load from data/pretrained/resnet50_msra-5891d200.pth 

backbone.layer2.3.conv2.weight - torch.Size([128, 128, 3, 3]): 
PretrainedInit: load from data/pretrained/resnet50_msra-5891d200.pth 

backbone.layer2.3.bn2.weight - torch.Size([128]): 
PretrainedInit: load from data/pretrained/resnet50_msra-5891d200.pth 

backbone.layer2.3.bn2.bias - torch.Size([128]): 
PretrainedInit: load from data/pretrained/resnet50_msra-5891d200.pth 

backbone.layer2.3.conv3.weight - torch.Size([512, 128, 1, 1]): 
PretrainedInit: load from data/pretrained/resnet50_msra-5891d200.pth 

backbone.layer2.3.bn3.weight - torch.Size([512]): 
PretrainedInit: load from data/pretrained/resnet50_msra-5891d200.pth 

backbone.layer2.3.bn3.bias - torch.Size([512]): 
PretrainedInit: load from data/pretrained/resnet50_msra-5891d200.pth 

backbone.layer3.0.conv1.weight - torch.Size([256, 512, 1, 1]): 
PretrainedInit: load from data/pretrained/resnet50_msra-5891d200.pth 

backbone.layer3.0.bn1.weight - torch.Size([256]): 
PretrainedInit: load from data/pretrained/resnet50_msra-5891d200.pth 

backbone.layer3.0.bn1.bias - torch.Size([256]): 
PretrainedInit: load from data/pretrained/resnet50_msra-5891d200.pth 

backbone.layer3.0.conv2.weight - torch.Size([256, 256, 3, 3]): 
PretrainedInit: load from data/pretrained/resnet50_msra-5891d200.pth 

backbone.layer3.0.bn2.weight - torch.Size([256]): 
PretrainedInit: load from data/pretrained/resnet50_msra-5891d200.pth 

backbone.layer3.0.bn2.bias - torch.Size([256]): 
PretrainedInit: load from data/pretrained/resnet50_msra-5891d200.pth 

backbone.layer3.0.conv3.weight - torch.Size([1024, 256, 1, 1]): 
PretrainedInit: load from data/pretrained/resnet50_msra-5891d200.pth 

backbone.layer3.0.bn3.weight - torch.Size([1024]): 
PretrainedInit: load from data/pretrained/resnet50_msra-5891d200.pth 

backbone.layer3.0.bn3.bias - torch.Size([1024]): 
PretrainedInit: load from data/pretrained/resnet50_msra-5891d200.pth 

backbone.layer3.0.downsample.0.weight - torch.Size([1024, 512, 1, 1]): 
PretrainedInit: load from data/pretrained/resnet50_msra-5891d200.pth 

backbone.layer3.0.downsample.1.weight - torch.Size([1024]): 
PretrainedInit: load from data/pretrained/resnet50_msra-5891d200.pth 

backbone.layer3.0.downsample.1.bias - torch.Size([1024]): 
PretrainedInit: load from data/pretrained/resnet50_msra-5891d200.pth 

backbone.layer3.1.conv1.weight - torch.Size([256, 1024, 1, 1]): 
PretrainedInit: load from data/pretrained/resnet50_msra-5891d200.pth 

backbone.layer3.1.bn1.weight - torch.Size([256]): 
PretrainedInit: load from data/pretrained/resnet50_msra-5891d200.pth 

backbone.layer3.1.bn1.bias - torch.Size([256]): 
PretrainedInit: load from data/pretrained/resnet50_msra-5891d200.pth 

backbone.layer3.1.conv2.weight - torch.Size([256, 256, 3, 3]): 
PretrainedInit: load from data/pretrained/resnet50_msra-5891d200.pth 

backbone.layer3.1.bn2.weight - torch.Size([256]): 
PretrainedInit: load from data/pretrained/resnet50_msra-5891d200.pth 

backbone.layer3.1.bn2.bias - torch.Size([256]): 
PretrainedInit: load from data/pretrained/resnet50_msra-5891d200.pth 

backbone.layer3.1.conv3.weight - torch.Size([1024, 256, 1, 1]): 
PretrainedInit: load from data/pretrained/resnet50_msra-5891d200.pth 

backbone.layer3.1.bn3.weight - torch.Size([1024]): 
PretrainedInit: load from data/pretrained/resnet50_msra-5891d200.pth 

backbone.layer3.1.bn3.bias - torch.Size([1024]): 
PretrainedInit: load from data/pretrained/resnet50_msra-5891d200.pth 

backbone.layer3.2.conv1.weight - torch.Size([256, 1024, 1, 1]): 
PretrainedInit: load from data/pretrained/resnet50_msra-5891d200.pth 

backbone.layer3.2.bn1.weight - torch.Size([256]): 
PretrainedInit: load from data/pretrained/resnet50_msra-5891d200.pth 

backbone.layer3.2.bn1.bias - torch.Size([256]): 
PretrainedInit: load from data/pretrained/resnet50_msra-5891d200.pth 

backbone.layer3.2.conv2.weight - torch.Size([256, 256, 3, 3]): 
PretrainedInit: load from data/pretrained/resnet50_msra-5891d200.pth 

backbone.layer3.2.bn2.weight - torch.Size([256]): 
PretrainedInit: load from data/pretrained/resnet50_msra-5891d200.pth 

backbone.layer3.2.bn2.bias - torch.Size([256]): 
PretrainedInit: load from data/pretrained/resnet50_msra-5891d200.pth 

backbone.layer3.2.conv3.weight - torch.Size([1024, 256, 1, 1]): 
PretrainedInit: load from data/pretrained/resnet50_msra-5891d200.pth 

backbone.layer3.2.bn3.weight - torch.Size([1024]): 
PretrainedInit: load from data/pretrained/resnet50_msra-5891d200.pth 

backbone.layer3.2.bn3.bias - torch.Size([1024]): 
PretrainedInit: load from data/pretrained/resnet50_msra-5891d200.pth 

backbone.layer3.3.conv1.weight - torch.Size([256, 1024, 1, 1]): 
PretrainedInit: load from data/pretrained/resnet50_msra-5891d200.pth 

backbone.layer3.3.bn1.weight - torch.Size([256]): 
PretrainedInit: load from data/pretrained/resnet50_msra-5891d200.pth 

backbone.layer3.3.bn1.bias - torch.Size([256]): 
PretrainedInit: load from data/pretrained/resnet50_msra-5891d200.pth 

backbone.layer3.3.conv2.weight - torch.Size([256, 256, 3, 3]): 
PretrainedInit: load from data/pretrained/resnet50_msra-5891d200.pth 

backbone.layer3.3.bn2.weight - torch.Size([256]): 
PretrainedInit: load from data/pretrained/resnet50_msra-5891d200.pth 

backbone.layer3.3.bn2.bias - torch.Size([256]): 
PretrainedInit: load from data/pretrained/resnet50_msra-5891d200.pth 

backbone.layer3.3.conv3.weight - torch.Size([1024, 256, 1, 1]): 
PretrainedInit: load from data/pretrained/resnet50_msra-5891d200.pth 

backbone.layer3.3.bn3.weight - torch.Size([1024]): 
PretrainedInit: load from data/pretrained/resnet50_msra-5891d200.pth 

backbone.layer3.3.bn3.bias - torch.Size([1024]): 
PretrainedInit: load from data/pretrained/resnet50_msra-5891d200.pth 

backbone.layer3.4.conv1.weight - torch.Size([256, 1024, 1, 1]): 
PretrainedInit: load from data/pretrained/resnet50_msra-5891d200.pth 

backbone.layer3.4.bn1.weight - torch.Size([256]): 
PretrainedInit: load from data/pretrained/resnet50_msra-5891d200.pth 

backbone.layer3.4.bn1.bias - torch.Size([256]): 
PretrainedInit: load from data/pretrained/resnet50_msra-5891d200.pth 

backbone.layer3.4.conv2.weight - torch.Size([256, 256, 3, 3]): 
PretrainedInit: load from data/pretrained/resnet50_msra-5891d200.pth 

backbone.layer3.4.bn2.weight - torch.Size([256]): 
PretrainedInit: load from data/pretrained/resnet50_msra-5891d200.pth 

backbone.layer3.4.bn2.bias - torch.Size([256]): 
PretrainedInit: load from data/pretrained/resnet50_msra-5891d200.pth 

backbone.layer3.4.conv3.weight - torch.Size([1024, 256, 1, 1]): 
PretrainedInit: load from data/pretrained/resnet50_msra-5891d200.pth 

backbone.layer3.4.bn3.weight - torch.Size([1024]): 
PretrainedInit: load from data/pretrained/resnet50_msra-5891d200.pth 

backbone.layer3.4.bn3.bias - torch.Size([1024]): 
PretrainedInit: load from data/pretrained/resnet50_msra-5891d200.pth 

backbone.layer3.5.conv1.weight - torch.Size([256, 1024, 1, 1]): 
PretrainedInit: load from data/pretrained/resnet50_msra-5891d200.pth 

backbone.layer3.5.bn1.weight - torch.Size([256]): 
PretrainedInit: load from data/pretrained/resnet50_msra-5891d200.pth 

backbone.layer3.5.bn1.bias - torch.Size([256]): 
PretrainedInit: load from data/pretrained/resnet50_msra-5891d200.pth 

backbone.layer3.5.conv2.weight - torch.Size([256, 256, 3, 3]): 
PretrainedInit: load from data/pretrained/resnet50_msra-5891d200.pth 

backbone.layer3.5.bn2.weight - torch.Size([256]): 
PretrainedInit: load from data/pretrained/resnet50_msra-5891d200.pth 

backbone.layer3.5.bn2.bias - torch.Size([256]): 
PretrainedInit: load from data/pretrained/resnet50_msra-5891d200.pth 

backbone.layer3.5.conv3.weight - torch.Size([1024, 256, 1, 1]): 
PretrainedInit: load from data/pretrained/resnet50_msra-5891d200.pth 

backbone.layer3.5.bn3.weight - torch.Size([1024]): 
PretrainedInit: load from data/pretrained/resnet50_msra-5891d200.pth 

backbone.layer3.5.bn3.bias - torch.Size([1024]): 
PretrainedInit: load from data/pretrained/resnet50_msra-5891d200.pth 

backbone.layer4.0.conv1.weight - torch.Size([512, 1024, 1, 1]): 
PretrainedInit: load from data/pretrained/resnet50_msra-5891d200.pth 

backbone.layer4.0.bn1.weight - torch.Size([512]): 
PretrainedInit: load from data/pretrained/resnet50_msra-5891d200.pth 

backbone.layer4.0.bn1.bias - torch.Size([512]): 
PretrainedInit: load from data/pretrained/resnet50_msra-5891d200.pth 

backbone.layer4.0.conv2.weight - torch.Size([512, 512, 3, 3]): 
PretrainedInit: load from data/pretrained/resnet50_msra-5891d200.pth 

backbone.layer4.0.bn2.weight - torch.Size([512]): 
PretrainedInit: load from data/pretrained/resnet50_msra-5891d200.pth 

backbone.layer4.0.bn2.bias - torch.Size([512]): 
PretrainedInit: load from data/pretrained/resnet50_msra-5891d200.pth 

backbone.layer4.0.conv3.weight - torch.Size([2048, 512, 1, 1]): 
PretrainedInit: load from data/pretrained/resnet50_msra-5891d200.pth 

backbone.layer4.0.bn3.weight - torch.Size([2048]): 
PretrainedInit: load from data/pretrained/resnet50_msra-5891d200.pth 

backbone.layer4.0.bn3.bias - torch.Size([2048]): 
PretrainedInit: load from data/pretrained/resnet50_msra-5891d200.pth 

backbone.layer4.0.downsample.0.weight - torch.Size([2048, 1024, 1, 1]): 
PretrainedInit: load from data/pretrained/resnet50_msra-5891d200.pth 

backbone.layer4.0.downsample.1.weight - torch.Size([2048]): 
PretrainedInit: load from data/pretrained/resnet50_msra-5891d200.pth 

backbone.layer4.0.downsample.1.bias - torch.Size([2048]): 
PretrainedInit: load from data/pretrained/resnet50_msra-5891d200.pth 

backbone.layer4.1.conv1.weight - torch.Size([512, 2048, 1, 1]): 
PretrainedInit: load from data/pretrained/resnet50_msra-5891d200.pth 

backbone.layer4.1.bn1.weight - torch.Size([512]): 
PretrainedInit: load from data/pretrained/resnet50_msra-5891d200.pth 

backbone.layer4.1.bn1.bias - torch.Size([512]): 
PretrainedInit: load from data/pretrained/resnet50_msra-5891d200.pth 

backbone.layer4.1.conv2.weight - torch.Size([512, 512, 3, 3]): 
PretrainedInit: load from data/pretrained/resnet50_msra-5891d200.pth 

backbone.layer4.1.bn2.weight - torch.Size([512]): 
PretrainedInit: load from data/pretrained/resnet50_msra-5891d200.pth 

backbone.layer4.1.bn2.bias - torch.Size([512]): 
PretrainedInit: load from data/pretrained/resnet50_msra-5891d200.pth 

backbone.layer4.1.conv3.weight - torch.Size([2048, 512, 1, 1]): 
PretrainedInit: load from data/pretrained/resnet50_msra-5891d200.pth 

backbone.layer4.1.bn3.weight - torch.Size([2048]): 
PretrainedInit: load from data/pretrained/resnet50_msra-5891d200.pth 

backbone.layer4.1.bn3.bias - torch.Size([2048]): 
PretrainedInit: load from data/pretrained/resnet50_msra-5891d200.pth 

backbone.layer4.2.conv1.weight - torch.Size([512, 2048, 1, 1]): 
PretrainedInit: load from data/pretrained/resnet50_msra-5891d200.pth 

backbone.layer4.2.bn1.weight - torch.Size([512]): 
PretrainedInit: load from data/pretrained/resnet50_msra-5891d200.pth 

backbone.layer4.2.bn1.bias - torch.Size([512]): 
PretrainedInit: load from data/pretrained/resnet50_msra-5891d200.pth 

backbone.layer4.2.conv2.weight - torch.Size([512, 512, 3, 3]): 
PretrainedInit: load from data/pretrained/resnet50_msra-5891d200.pth 

backbone.layer4.2.bn2.weight - torch.Size([512]): 
PretrainedInit: load from data/pretrained/resnet50_msra-5891d200.pth 

backbone.layer4.2.bn2.bias - torch.Size([512]): 
PretrainedInit: load from data/pretrained/resnet50_msra-5891d200.pth 

backbone.layer4.2.conv3.weight - torch.Size([2048, 512, 1, 1]): 
PretrainedInit: load from data/pretrained/resnet50_msra-5891d200.pth 

backbone.layer4.2.bn3.weight - torch.Size([2048]): 
PretrainedInit: load from data/pretrained/resnet50_msra-5891d200.pth 

backbone.layer4.2.bn3.bias - torch.Size([2048]): 
PretrainedInit: load from data/pretrained/resnet50_msra-5891d200.pth 

neck.lateral_convs.0.conv.weight - torch.Size([256, 256, 1, 1]): 
XavierInit: gain=1, distribution=uniform, bias=0 

neck.lateral_convs.0.conv.bias - torch.Size([256]): 
The value is the same before and after calling `init_weights` of FCOS  

neck.lateral_convs.1.conv.weight - torch.Size([256, 512, 1, 1]): 
XavierInit: gain=1, distribution=uniform, bias=0 

neck.lateral_convs.1.conv.bias - torch.Size([256]): 
The value is the same before and after calling `init_weights` of FCOS  

neck.lateral_convs.2.conv.weight - torch.Size([256, 1024, 1, 1]): 
XavierInit: gain=1, distribution=uniform, bias=0 

neck.lateral_convs.2.conv.bias - torch.Size([256]): 
The value is the same before and after calling `init_weights` of FCOS  

neck.lateral_convs.3.conv.weight - torch.Size([256, 2048, 1, 1]): 
XavierInit: gain=1, distribution=uniform, bias=0 

neck.lateral_convs.3.conv.bias - torch.Size([256]): 
The value is the same before and after calling `init_weights` of FCOS  

neck.fpn_convs.0.conv.weight - torch.Size([256, 256, 3, 3]): 
XavierInit: gain=1, distribution=uniform, bias=0 

neck.fpn_convs.0.conv.bias - torch.Size([256]): 
The value is the same before and after calling `init_weights` of FCOS  

neck.fpn_convs.1.conv.weight - torch.Size([256, 256, 3, 3]): 
XavierInit: gain=1, distribution=uniform, bias=0 

neck.fpn_convs.1.conv.bias - torch.Size([256]): 
The value is the same before and after calling `init_weights` of FCOS  

neck.fpn_convs.2.conv.weight - torch.Size([256, 256, 3, 3]): 
XavierInit: gain=1, distribution=uniform, bias=0 

neck.fpn_convs.2.conv.bias - torch.Size([256]): 
The value is the same before and after calling `init_weights` of FCOS  

neck.fpn_convs.3.conv.weight - torch.Size([256, 256, 3, 3]): 
XavierInit: gain=1, distribution=uniform, bias=0 

neck.fpn_convs.3.conv.bias - torch.Size([256]): 
The value is the same before and after calling `init_weights` of FCOS  

neck.fpn_convs.4.conv.weight - torch.Size([256, 256, 3, 3]): 
XavierInit: gain=1, distribution=uniform, bias=0 

neck.fpn_convs.4.conv.bias - torch.Size([256]): 
The value is the same before and after calling `init_weights` of FCOS  

bbox_head.cls_convs.0.conv.weight - torch.Size([256, 256, 3, 3]): 
NormalInit: mean=0, std=0.01, bias=0 

bbox_head.cls_convs.0.gn.weight - torch.Size([256]): 
The value is the same before and after calling `init_weights` of FCOS  

bbox_head.cls_convs.0.gn.bias - torch.Size([256]): 
The value is the same before and after calling `init_weights` of FCOS  

bbox_head.cls_convs.1.conv.weight - torch.Size([256, 256, 3, 3]): 
NormalInit: mean=0, std=0.01, bias=0 

bbox_head.cls_convs.1.gn.weight - torch.Size([256]): 
The value is the same before and after calling `init_weights` of FCOS  

bbox_head.cls_convs.1.gn.bias - torch.Size([256]): 
The value is the same before and after calling `init_weights` of FCOS  

bbox_head.cls_convs.2.conv.weight - torch.Size([256, 256, 3, 3]): 
NormalInit: mean=0, std=0.01, bias=0 

bbox_head.cls_convs.2.gn.weight - torch.Size([256]): 
The value is the same before and after calling `init_weights` of FCOS  

bbox_head.cls_convs.2.gn.bias - torch.Size([256]): 
The value is the same before and after calling `init_weights` of FCOS  

bbox_head.cls_convs.3.conv.weight - torch.Size([256, 256, 3, 3]): 
NormalInit: mean=0, std=0.01, bias=0 

bbox_head.cls_convs.3.gn.weight - torch.Size([256]): 
The value is the same before and after calling `init_weights` of FCOS  

bbox_head.cls_convs.3.gn.bias - torch.Size([256]): 
The value is the same before and after calling `init_weights` of FCOS  

bbox_head.reg_convs.0.conv.weight - torch.Size([256, 256, 3, 3]): 
NormalInit: mean=0, std=0.01, bias=0 

bbox_head.reg_convs.0.gn.weight - torch.Size([256]): 
The value is the same before and after calling `init_weights` of FCOS  

bbox_head.reg_convs.0.gn.bias - torch.Size([256]): 
The value is the same before and after calling `init_weights` of FCOS  

bbox_head.reg_convs.1.conv.weight - torch.Size([256, 256, 3, 3]): 
NormalInit: mean=0, std=0.01, bias=0 

bbox_head.reg_convs.1.gn.weight - torch.Size([256]): 
The value is the same before and after calling `init_weights` of FCOS  

bbox_head.reg_convs.1.gn.bias - torch.Size([256]): 
The value is the same before and after calling `init_weights` of FCOS  

bbox_head.reg_convs.2.conv.weight - torch.Size([256, 256, 3, 3]): 
NormalInit: mean=0, std=0.01, bias=0 

bbox_head.reg_convs.2.gn.weight - torch.Size([256]): 
The value is the same before and after calling `init_weights` of FCOS  

bbox_head.reg_convs.2.gn.bias - torch.Size([256]): 
The value is the same before and after calling `init_weights` of FCOS  

bbox_head.reg_convs.3.conv.weight - torch.Size([256, 256, 3, 3]): 
NormalInit: mean=0, std=0.01, bias=0 

bbox_head.reg_convs.3.gn.weight - torch.Size([256]): 
The value is the same before and after calling `init_weights` of FCOS  

bbox_head.reg_convs.3.gn.bias - torch.Size([256]): 
The value is the same before and after calling `init_weights` of FCOS  

bbox_head.conv_cls.weight - torch.Size([8, 256, 3, 3]): 
NormalInit: mean=0, std=0.01, bias=-4.59511985013459 

bbox_head.conv_cls.bias - torch.Size([8]): 
NormalInit: mean=0, std=0.01, bias=-4.59511985013459 

bbox_head.conv_reg.weight - torch.Size([4, 256, 3, 3]): 
NormalInit: mean=0, std=0.01, bias=0 

bbox_head.conv_reg.bias - torch.Size([4]): 
NormalInit: mean=0, std=0.01, bias=0 

bbox_head.conv_centerness.weight - torch.Size([1, 256, 3, 3]): 
NormalInit: mean=0, std=0.01, bias=0 

bbox_head.conv_centerness.bias - torch.Size([1]): 
NormalInit: mean=0, std=0.01, bias=0 

bbox_head.scales.0.scale - torch.Size([]): 
The value is the same before and after calling `init_weights` of FCOS  

bbox_head.scales.1.scale - torch.Size([]): 
The value is the same before and after calling `init_weights` of FCOS  

bbox_head.scales.2.scale - torch.Size([]): 
The value is the same before and after calling `init_weights` of FCOS  

bbox_head.scales.3.scale - torch.Size([]): 
The value is the same before and after calling `init_weights` of FCOS  

bbox_head.scales.4.scale - torch.Size([]): 
The value is the same before and after calling `init_weights` of FCOS  
2026/08/21 22:12:11 - mmengine - WARNING - "FileClient" will be deprecated in future. Please use io functions in https://mmengine.readthedocs.io/en/latest/api/fileio.html#file-io
2026/08/21 22:12:11 - mmengine - WARNING - "HardDiskBackend" is the alias of "LocalBackend" and the former will be deprecated in future.
2026/08/21 22:12:11 - mmengine - INFO - Checkpoints will be saved to /root/tiny-object-research/outputs/PRT-002/PDD/seed0.
2026/08/21 22:12:29 - mmengine - INFO - Epoch(train)  [1][  50/2804]  base_lr: 2.3226e-03 lr: 2.3226e-03  eta: 3:20:43  time: 0.3278  data_time: 0.0027  memory: 8665  grad_norm: 265.1392  loss: 6.2494  loss_cls: 4.8772  loss_bbox: 0.7053  loss_centerness: 0.6669
2026/08/21 22:12:45 - mmengine - INFO - Epoch(train)  [1][ 100/2804]  base_lr: 2.9920e-03 lr: 2.9920e-03  eta: 3:11:32  time: 0.3263  data_time: 0.0024  memory: 9578  grad_norm: 8.2311  loss: 2.3451  loss_cls: 0.9703  loss_bbox: 0.7081  loss_centerness: 0.6668
2026/08/21 22:13:02 - mmengine - INFO - Epoch(train)  [1][ 150/2804]  base_lr: 3.6613e-03 lr: 3.6613e-03  eta: 3:08:45  time: 0.3401  data_time: 0.0026  memory: 8900  grad_norm: 14.7947  loss: 3.0476  loss_cls: 1.6707  loss_bbox: 0.7107  loss_centerness: 0.6661
2026/08/21 22:13:18 - mmengine - INFO - Epoch(train)  [1][ 200/2804]  base_lr: 4.3307e-03 lr: 4.3307e-03  eta: 3:06:48  time: 0.3266  data_time: 0.0025  memory: 8841  grad_norm: 5.5347  loss: 3.0833  loss_cls: 1.7281  loss_bbox: 0.6883  loss_centerness: 0.6668
2026/08/21 22:13:35 - mmengine - INFO - Epoch(train)  [1][ 250/2804]  base_lr: 5.0000e-03 lr: 5.0000e-03  eta: 3:05:35  time: 0.3238  data_time: 0.0025  memory: 9675  grad_norm: 24.3481  loss: 2.9974  loss_cls: 1.6472  loss_bbox: 0.6832  loss_centerness: 0.6670
2026/08/21 22:13:51 - mmengine - INFO - Epoch(train)  [1][ 300/2804]  base_lr: 5.0000e-03 lr: 5.0000e-03  eta: 3:04:51  time: 0.3281  data_time: 0.0017  memory: 10890  grad_norm: 23.6188  loss: 2.9766  loss_cls: 1.6254  loss_bbox: 0.6819  loss_centerness: 0.6694
2026/08/21 22:14:07 - mmengine - INFO - Epoch(train)  [1][ 350/2804]  base_lr: 5.0000e-03 lr: 5.0000e-03  eta: 3:04:02  time: 0.3250  data_time: 0.0016  memory: 9276  grad_norm: 4.9364  loss: 2.3467  loss_cls: 0.9870  loss_bbox: 0.6926  loss_centerness: 0.6671
2026/08/21 22:14:23 - mmengine - INFO - Epoch(train)  [1][ 400/2804]  base_lr: 5.0000e-03 lr: 5.0000e-03  eta: 3:03:19  time: 0.3265  data_time: 0.0018  memory: 9901  grad_norm: 3.4001  loss: 3.6623  loss_cls: 2.3158  loss_bbox: 0.6811  loss_centerness: 0.6654
2026/08/21 22:14:40 - mmengine - INFO - Epoch(train)  [1][ 450/2804]  base_lr: 5.0000e-03 lr: 5.0000e-03  eta: 3:02:46  time: 0.3252  data_time: 0.0017  memory: 9322  grad_norm: 3.8927  loss: 2.5346  loss_cls: 1.1697  loss_bbox: 0.7013  loss_centerness: 0.6637
2026/08/21 22:14:56 - mmengine - INFO - Epoch(train)  [1][ 500/2804]  base_lr: 5.0000e-03 lr: 5.0000e-03  eta: 3:02:19  time: 0.3287  data_time: 0.0019  memory: 10897  grad_norm: 4.2181  loss: 2.3179  loss_cls: 0.9373  loss_bbox: 0.7156  loss_centerness: 0.6651
2026/08/21 22:15:13 - mmengine - INFO - Epoch(train)  [1][ 550/2804]  base_lr: 5.0000e-03 lr: 5.0000e-03  eta: 3:02:02  time: 0.3374  data_time: 0.0021  memory: 9276  grad_norm: 2.5595  loss: 2.7739  loss_cls: 1.3872  loss_bbox: 0.7261  loss_centerness: 0.6606
2026/08/21 22:15:29 - mmengine - INFO - Epoch(train)  [1][ 600/2804]  base_lr: 5.0000e-03 lr: 5.0000e-03  eta: 3:01:45  time: 0.3310  data_time: 0.0019  memory: 8697  grad_norm: 4.6370  loss: 2.3264  loss_cls: 0.9950  loss_bbox: 0.6680  loss_centerness: 0.6633
2026/08/21 22:15:45 - mmengine - INFO - Epoch(train)  [1][ 650/2804]  base_lr: 5.0000e-03 lr: 5.0000e-03  eta: 3:01:18  time: 0.3259  data_time: 0.0017  memory: 9100  grad_norm: 3.3236  loss: 2.2712  loss_cls: 0.9559  loss_bbox: 0.6531  loss_centerness: 0.6622
2026/08/21 22:16:02 - mmengine - INFO - Epoch(train)  [1][ 700/2804]  base_lr: 5.0000e-03 lr: 5.0000e-03  eta: 3:00:56  time: 0.3275  data_time: 0.0019  memory: 10826  grad_norm: 2.7200  loss: 2.2187  loss_cls: 0.8708  loss_bbox: 0.6857  loss_centerness: 0.6622
2026/08/21 22:16:18 - mmengine - INFO - Epoch(train)  [1][ 750/2804]  base_lr: 5.0000e-03 lr: 5.0000e-03  eta: 3:00:35  time: 0.3240  data_time: 0.0018  memory: 9563  grad_norm: 2.0999  loss: 2.5485  loss_cls: 1.2057  loss_bbox: 0.6780  loss_centerness: 0.6648
2026/08/21 22:16:34 - mmengine - INFO - Epoch(train)  [1][ 800/2804]  base_lr: 5.0000e-03 lr: 5.0000e-03  eta: 3:00:00  time: 0.3249  data_time: 0.0017  memory: 8830  grad_norm: 2.0067  loss: 2.8393  loss_cls: 1.4876  loss_bbox: 0.6846  loss_centerness: 0.6671
2026/08/21 22:16:51 - mmengine - INFO - Epoch(train)  [1][ 850/2804]  base_lr: 5.0000e-03 lr: 5.0000e-03  eta: 2:59:39  time: 0.3263  data_time: 0.0017  memory: 8850  grad_norm: 3.0640  loss: 2.1833  loss_cls: 0.8454  loss_bbox: 0.6761  loss_centerness: 0.6618
2026/08/21 22:17:07 - mmengine - INFO - Epoch(train)  [1][ 900/2804]  base_lr: 5.0000e-03 lr: 5.0000e-03  eta: 2:59:21  time: 0.3275  data_time: 0.0017  memory: 9642  grad_norm: 1.7259  loss: 2.1729  loss_cls: 0.8498  loss_bbox: 0.6585  loss_centerness: 0.6646
2026/08/21 22:17:23 - mmengine - INFO - Epoch(train)  [1][ 950/2804]  base_lr: 5.0000e-03 lr: 5.0000e-03  eta: 2:59:00  time: 0.3261  data_time: 0.0018  memory: 10845  grad_norm: 1.4300  loss: 2.1428  loss_cls: 0.7814  loss_bbox: 0.6963  loss_centerness: 0.6652
2026/08/21 22:17:40 - mmengine - INFO - Exp name: fcos_r50_pdd_p2p6_aitodv2_20260821_221159
2026/08/21 22:17:40 - mmengine - INFO - Epoch(train)  [1][1000/2804]  base_lr: 5.0000e-03 lr: 5.0000e-03  eta: 2:58:40  time: 0.3236  data_time: 0.0017  memory: 9325  grad_norm: 1.0786  loss: 2.3059  loss_cls: 0.9544  loss_bbox: 0.6810  loss_centerness: 0.6705
2026/08/21 22:17:56 - mmengine - INFO - Epoch(train)  [1][1050/2804]  base_lr: 5.0000e-03 lr: 5.0000e-03  eta: 2:58:23  time: 0.3253  data_time: 0.0016  memory: 9256  grad_norm: 1.6680  loss: 2.1086  loss_cls: 0.8084  loss_bbox: 0.6376  loss_centerness: 0.6625
2026/08/21 22:18:12 - mmengine - INFO - Epoch(train)  [1][1100/2804]  base_lr: 5.0000e-03 lr: 5.0000e-03  eta: 2:58:04  time: 0.3262  data_time: 0.0017  memory: 9428  grad_norm: 1.4052  loss: 2.2173  loss_cls: 0.8863  loss_bbox: 0.6675  loss_centerness: 0.6635
2026/08/21 22:18:29 - mmengine - INFO - Epoch(train)  [1][1150/2804]  base_lr: 5.0000e-03 lr: 5.0000e-03  eta: 2:57:45  time: 0.3282  data_time: 0.0019  memory: 9105  grad_norm: 1.4571  loss: 2.2321  loss_cls: 0.8981  loss_bbox: 0.6687  loss_centerness: 0.6653
2026/08/21 22:18:45 - mmengine - INFO - Epoch(train)  [1][1200/2804]  base_lr: 5.0000e-03 lr: 5.0000e-03  eta: 2:57:27  time: 0.3238  data_time: 0.0018  memory: 9276  grad_norm: 1.1463  loss: 2.1507  loss_cls: 0.8297  loss_bbox: 0.6583  loss_centerness: 0.6627
2026/08/21 22:19:01 - mmengine - INFO - Epoch(train)  [1][1250/2804]  base_lr: 5.0000e-03 lr: 5.0000e-03  eta: 2:57:07  time: 0.3258  data_time: 0.0016  memory: 9289  grad_norm: 1.2010  loss: 2.1539  loss_cls: 0.8231  loss_bbox: 0.6693  loss_centerness: 0.6615
2026/08/21 22:19:17 - mmengine - INFO - Epoch(train)  [1][1300/2804]  base_lr: 5.0000e-03 lr: 5.0000e-03  eta: 2:56:46  time: 0.3268  data_time: 0.0020  memory: 9760  grad_norm: 1.2645  loss: 2.1371  loss_cls: 0.7984  loss_bbox: 0.6743  loss_centerness: 0.6644
2026/08/21 22:19:34 - mmengine - INFO - Epoch(train)  [1][1350/2804]  base_lr: 5.0000e-03 lr: 5.0000e-03  eta: 2:56:28  time: 0.3266  data_time: 0.0018  memory: 10554  grad_norm: 1.8285  loss: 2.1415  loss_cls: 0.8089  loss_bbox: 0.6687  loss_centerness: 0.6639
2026/08/21 22:19:50 - mmengine - INFO - Epoch(train)  [1][1400/2804]  base_lr: 5.0000e-03 lr: 5.0000e-03  eta: 2:56:08  time: 0.3250  data_time: 0.0017  memory: 11584  grad_norm: 1.2787  loss: 2.3282  loss_cls: 0.9679  loss_bbox: 0.6991  loss_centerness: 0.6613
2026/08/21 22:20:06 - mmengine - INFO - Epoch(train)  [1][1450/2804]  base_lr: 5.0000e-03 lr: 5.0000e-03  eta: 2:55:51  time: 0.3284  data_time: 0.0019  memory: 9086  grad_norm: 1.3489  loss: 2.1378  loss_cls: 0.8073  loss_bbox: 0.6698  loss_centerness: 0.6608
2026/08/21 22:20:23 - mmengine - INFO - Epoch(train)  [1][1500/2804]  base_lr: 5.0000e-03 lr: 5.0000e-03  eta: 2:55:34  time: 0.3259  data_time: 0.0018  memory: 10832  grad_norm: 1.0591  loss: 2.1582  loss_cls: 0.8068  loss_bbox: 0.6893  loss_centerness: 0.6621
2026/08/21 22:20:39 - mmengine - INFO - Epoch(train)  [1][1550/2804]  base_lr: 5.0000e-03 lr: 5.0000e-03  eta: 2:55:15  time: 0.3257  data_time: 0.0017  memory: 11415  grad_norm: 1.1542  loss: 2.2377  loss_cls: 0.9095  loss_bbox: 0.6636  loss_centerness: 0.6646
2026/08/21 22:20:55 - mmengine - INFO - Epoch(train)  [1][1600/2804]  base_lr: 5.0000e-03 lr: 5.0000e-03  eta: 2:54:57  time: 0.3270  data_time: 0.0016  memory: 9357  grad_norm: 1.5333  loss: 2.2646  loss_cls: 0.9626  loss_bbox: 0.6408  loss_centerness: 0.6613
2026/08/21 22:21:12 - mmengine - INFO - Epoch(train)  [1][1650/2804]  base_lr: 5.0000e-03 lr: 5.0000e-03  eta: 2:54:40  time: 0.3265  data_time: 0.0016  memory: 12480  grad_norm: 1.6478  loss: 2.3368  loss_cls: 0.9423  loss_bbox: 0.7343  loss_centerness: 0.6602
2026/08/21 22:21:28 - mmengine - INFO - Epoch(train)  [1][1700/2804]  base_lr: 5.0000e-03 lr: 5.0000e-03  eta: 2:54:23  time: 0.3286  data_time: 0.0019  memory: 11733  grad_norm: 1.3394  loss: 2.2062  loss_cls: 0.8238  loss_bbox: 0.7162  loss_centerness: 0.6662
2026/08/21 22:21:44 - mmengine - INFO - Epoch(train)  [1][1750/2804]  base_lr: 5.0000e-03 lr: 5.0000e-03  eta: 2:54:05  time: 0.3266  data_time: 0.0016  memory: 9154  grad_norm: 1.3264  loss: 2.1946  loss_cls: 0.8575  loss_bbox: 0.6759  loss_centerness: 0.6612
2026/08/21 22:22:00 - mmengine - INFO - Epoch(train)  [1][1800/2804]  base_lr: 5.0000e-03 lr: 5.0000e-03  eta: 2:53:46  time: 0.3260  data_time: 0.0017  memory: 8948  grad_norm: 0.8940  loss: 2.1477  loss_cls: 0.7988  loss_bbox: 0.6844  loss_centerness: 0.6646
2026/08/21 22:22:17 - mmengine - INFO - Epoch(train)  [1][1850/2804]  base_lr: 5.0000e-03 lr: 5.0000e-03  eta: 2:53:28  time: 0.3261  data_time: 0.0016  memory: 9718  grad_norm: 0.9172  loss: 2.0839  loss_cls: 0.7598  loss_bbox: 0.6594  loss_centerness: 0.6646
2026/08/21 22:22:33 - mmengine - INFO - Epoch(train)  [1][1900/2804]  base_lr: 5.0000e-03 lr: 5.0000e-03  eta: 2:53:14  time: 0.3272  data_time: 0.0016  memory: 8621  grad_norm: 1.0892  loss: 2.1566  loss_cls: 0.8240  loss_bbox: 0.6702  loss_centerness: 0.6625
2026/08/21 22:22:50 - mmengine - INFO - Epoch(train)  [1][1950/2804]  base_lr: 5.0000e-03 lr: 5.0000e-03  eta: 2:52:58  time: 0.3273  data_time: 0.0018  memory: 9061  grad_norm: 0.7679  loss: 2.0280  loss_cls: 0.7090  loss_bbox: 0.6555  loss_centerness: 0.6635
2026/08/21 22:23:06 - mmengine - INFO - Exp name: fcos_r50_pdd_p2p6_aitodv2_20260821_221159
2026/08/21 22:23:06 - mmengine - INFO - Epoch(train)  [1][2000/2804]  base_lr: 5.0000e-03 lr: 5.0000e-03  eta: 2:52:38  time: 0.3231  data_time: 0.0017  memory: 9496  grad_norm: 0.8871  loss: 2.1629  loss_cls: 0.8156  loss_bbox: 0.6823  loss_centerness: 0.6650
2026/08/21 22:23:22 - mmengine - INFO - Epoch(train)  [1][2050/2804]  base_lr: 5.0000e-03 lr: 5.0000e-03  eta: 2:52:16  time: 0.3181  data_time: 0.0018  memory: 9055  grad_norm: 0.9874  loss: 2.1533  loss_cls: 0.7941  loss_bbox: 0.6961  loss_centerness: 0.6630
2026/08/21 22:23:38 - mmengine - INFO - Epoch(train)  [1][2100/2804]  base_lr: 5.0000e-03 lr: 5.0000e-03  eta: 2:52:00  time: 0.3258  data_time: 0.0017  memory: 9599  grad_norm: 1.1285  loss: 2.1958  loss_cls: 0.8479  loss_bbox: 0.6836  loss_centerness: 0.6643
2026/08/21 22:23:55 - mmengine - INFO - Epoch(train)  [1][2150/2804]  base_lr: 5.0000e-03 lr: 5.0000e-03  eta: 2:51:44  time: 0.3309  data_time: 0.0023  memory: 8791  grad_norm: 1.3070  loss: 2.1893  loss_cls: 0.8581  loss_bbox: 0.6680  loss_centerness: 0.6632
2026/08/21 22:24:11 - mmengine - INFO - Epoch(train)  [1][2200/2804]  base_lr: 5.0000e-03 lr: 5.0000e-03  eta: 2:51:29  time: 0.3278  data_time: 0.0016  memory: 11913  grad_norm: 1.1884  loss: 2.1454  loss_cls: 0.8218  loss_bbox: 0.6638  loss_centerness: 0.6597
2026/08/21 22:24:27 - mmengine - INFO - Epoch(train)  [1][2250/2804]  base_lr: 5.0000e-03 lr: 5.0000e-03  eta: 2:51:13  time: 0.3334  data_time: 0.0019  memory: 9969  grad_norm: 1.3537  loss: 2.2701  loss_cls: 0.9035  loss_bbox: 0.7007  loss_centerness: 0.6659
2026/08/21 22:24:44 - mmengine - INFO - Epoch(train)  [1][2300/2804]  base_lr: 5.0000e-03 lr: 5.0000e-03  eta: 2:51:01  time: 0.3318  data_time: 0.0022  memory: 9167  grad_norm: 1.0453  loss: 2.0225  loss_cls: 0.7016  loss_bbox: 0.6567  loss_centerness: 0.6643
2026/08/21 22:25:01 - mmengine - INFO - Epoch(train)  [1][2350/2804]  base_lr: 5.0000e-03 lr: 5.0000e-03  eta: 2:50:46  time: 0.3370  data_time: 0.0021  memory: 8717  grad_norm: 1.5423  loss: 2.2553  loss_cls: 0.9009  loss_bbox: 0.6931  loss_centerness: 0.6614
2026/08/21 22:25:17 - mmengine - INFO - Epoch(train)  [1][2400/2804]  base_lr: 5.0000e-03 lr: 5.0000e-03  eta: 2:50:32  time: 0.3300  data_time: 0.0019  memory: 9248  grad_norm: 1.0276  loss: 2.0673  loss_cls: 0.7240  loss_bbox: 0.6797  loss_centerness: 0.6636
2026/08/21 22:25:34 - mmengine - INFO - Epoch(train)  [1][2450/2804]  base_lr: 5.0000e-03 lr: 5.0000e-03  eta: 2:50:16  time: 0.3270  data_time: 0.0017  memory: 11500  grad_norm: 1.3652  loss: 2.1958  loss_cls: 0.8649  loss_bbox: 0.6648  loss_centerness: 0.6662
2026/08/21 22:25:50 - mmengine - INFO - Epoch(train)  [1][2500/2804]  base_lr: 5.0000e-03 lr: 5.0000e-03  eta: 2:50:01  time: 0.3279  data_time: 0.0017  memory: 8613  grad_norm: 1.1813  loss: 2.1782  loss_cls: 0.8458  loss_bbox: 0.6703  loss_centerness: 0.6622
2026/08/21 22:26:06 - mmengine - INFO - Epoch(train)  [1][2550/2804]  base_lr: 5.0000e-03 lr: 5.0000e-03  eta: 2:49:46  time: 0.3313  data_time: 0.0020  memory: 9414  grad_norm: 0.9330  loss: 2.1221  loss_cls: 0.8017  loss_bbox: 0.6594  loss_centerness: 0.6610
2026/08/21 22:26:23 - mmengine - INFO - Epoch(train)  [1][2600/2804]  base_lr: 5.0000e-03 lr: 5.0000e-03  eta: 2:49:30  time: 0.3281  data_time: 0.0018  memory: 8805  grad_norm: 1.1563  loss: 2.1648  loss_cls: 0.8334  loss_bbox: 0.6677  loss_centerness: 0.6637
2026/08/21 22:26:39 - mmengine - INFO - Epoch(train)  [1][2650/2804]  base_lr: 5.0000e-03 lr: 5.0000e-03  eta: 2:49:15  time: 0.3293  data_time: 0.0020  memory: 9567  grad_norm: 0.9559  loss: 2.2211  loss_cls: 0.8611  loss_bbox: 0.6963  loss_centerness: 0.6638
2026/08/21 22:26:56 - mmengine - INFO - Epoch(train)  [1][2700/2804]  base_lr: 5.0000e-03 lr: 5.0000e-03  eta: 2:49:01  time: 0.3280  data_time: 0.0017  memory: 9723  grad_norm: 1.1783  loss: 2.1915  loss_cls: 0.8536  loss_bbox: 0.6732  loss_centerness: 0.6647
2026/08/21 22:27:12 - mmengine - INFO - Epoch(train)  [1][2750/2804]  base_lr: 5.0000e-03 lr: 5.0000e-03  eta: 2:48:44  time: 0.3265  data_time: 0.0017  memory: 8773  grad_norm: 1.2295  loss: 2.2542  loss_cls: 0.8984  loss_bbox: 0.6869  loss_centerness: 0.6689
2026/08/21 22:27:29 - mmengine - INFO - Epoch(train)  [1][2800/2804]  base_lr: 5.0000e-03 lr: 5.0000e-03  eta: 2:48:29  time: 0.3217  data_time: 0.0010  memory: 8750  grad_norm: 1.0766  loss: 2.0386  loss_cls: 0.7035  loss_bbox: 0.6699  loss_centerness: 0.6652
2026/08/21 22:27:30 - mmengine - INFO - Exp name: fcos_r50_pdd_p2p6_aitodv2_20260821_221159
2026/08/21 22:27:30 - mmengine - INFO - Saving checkpoint at 1 epochs
2026/08/21 22:27:49 - mmengine - INFO - Epoch(train)  [2][  50/2804]  base_lr: 5.0000e-03 lr: 5.0000e-03  eta: 2:48:19  time: 0.3293  data_time: 0.0019  memory: 11583  grad_norm: 1.2773  loss: 2.2584  loss_cls: 0.9011  loss_bbox: 0.6919  loss_centerness: 0.6654
2026/08/21 22:28:05 - mmengine - INFO - Epoch(train)  [2][ 100/2804]  base_lr: 5.0000e-03 lr: 5.0000e-03  eta: 2:48:03  time: 0.3322  data_time: 0.0017  memory: 9320  grad_norm: 0.9265  loss: 2.0983  loss_cls: 0.7516  loss_bbox: 0.6860  loss_centerness: 0.6608
2026/08/21 22:28:22 - mmengine - INFO - Epoch(train)  [2][ 150/2804]  base_lr: 5.0000e-03 lr: 5.0000e-03  eta: 2:47:47  time: 0.3292  data_time: 0.0020  memory: 8837  grad_norm: 1.0517  loss: 2.1224  loss_cls: 0.7931  loss_bbox: 0.6635  loss_centerness: 0.6658
2026/08/21 22:28:36 - mmengine - INFO - Exp name: fcos_r50_pdd_p2p6_aitodv2_20260821_221159
2026/08/21 22:28:38 - mmengine - INFO - Epoch(train)  [2][ 200/2804]  base_lr: 5.0000e-03 lr: 5.0000e-03  eta: 2:47:29  time: 0.3258  data_time: 0.0016  memory: 10556  grad_norm: 1.0822  loss: 2.1286  loss_cls: 0.8050  loss_bbox: 0.6612  loss_centerness: 0.6624
2026/08/21 22:28:54 - mmengine - INFO - Epoch(train)  [2][ 250/2804]  base_lr: 5.0000e-03 lr: 5.0000e-03  eta: 2:47:11  time: 0.3251  data_time: 0.0015  memory: 8863  grad_norm: 1.1854  loss: 2.1671  loss_cls: 0.8177  loss_bbox: 0.6832  loss_centerness: 0.6662
2026/08/21 22:29:10 - mmengine - INFO - Epoch(train)  [2][ 300/2804]  base_lr: 5.0000e-03 lr: 5.0000e-03  eta: 2:46:55  time: 0.3272  data_time: 0.0015  memory: 9972  grad_norm: 1.1608  loss: 2.1627  loss_cls: 0.8089  loss_bbox: 0.6905  loss_centerness: 0.6633
2026/08/21 22:29:27 - mmengine - INFO - Epoch(train)  [2][ 350/2804]  base_lr: 5.0000e-03 lr: 5.0000e-03  eta: 2:46:39  time: 0.3281  data_time: 0.0017  memory: 10831  grad_norm: 1.5882  loss: 2.2155  loss_cls: 0.8362  loss_bbox: 0.7150  loss_centerness: 0.6643
2026/08/21 22:29:43 - mmengine - INFO - Epoch(train)  [2][ 400/2804]  base_lr: 5.0000e-03 lr: 5.0000e-03  eta: 2:46:23  time: 0.3270  data_time: 0.0019  memory: 9647  grad_norm: 1.2630  loss: 2.0938  loss_cls: 0.7493  loss_bbox: 0.6796  loss_centerness: 0.6648
2026/08/21 22:30:00 - mmengine - INFO - Epoch(train)  [2][ 450/2804]  base_lr: 5.0000e-03 lr: 5.0000e-03  eta: 2:46:07  time: 0.3272  data_time: 0.0017  memory: 11913  grad_norm: 1.3563  loss: 2.2387  loss_cls: 0.8705  loss_bbox: 0.7066  loss_centerness: 0.6616
2026/08/21 22:30:16 - mmengine - INFO - Epoch(train)  [2][ 500/2804]  base_lr: 5.0000e-03 lr: 5.0000e-03  eta: 2:45:53  time: 0.3327  data_time: 0.0018  memory: 10315  grad_norm: 0.9398  loss: 2.0824  loss_cls: 0.7508  loss_bbox: 0.6720  loss_centerness: 0.6596
2026/08/21 22:30:33 - mmengine - INFO - Epoch(train)  [2][ 550/2804]  base_lr: 5.0000e-03 lr: 5.0000e-03  eta: 2:45:37  time: 0.3254  data_time: 0.0017  memory: 9170  grad_norm: 1.0974  loss: 2.0668  loss_cls: 0.7618  loss_bbox: 0.6423  loss_centerness: 0.6627
2026/08/21 22:30:49 - mmengine - INFO - Epoch(train)  [2][ 600/2804]  base_lr: 5.0000e-03 lr: 5.0000e-03  eta: 2:45:21  time: 0.3256  data_time: 0.0016  memory: 9495  grad_norm: 0.9546  loss: 2.0663  loss_cls: 0.7306  loss_bbox: 0.6711  loss_centerness: 0.6645
2026/08/21 22:31:06 - mmengine - INFO - Epoch(train)  [2][ 650/2804]  base_lr: 5.0000e-03 lr: 5.0000e-03  eta: 2:45:04  time: 0.3251  data_time: 0.0015  memory: 9073  grad_norm: 1.2886  loss: 2.2149  loss_cls: 0.8421  loss_bbox: 0.7094  loss_centerness: 0.6634
2026/08/21 22:31:22 - mmengine - INFO - Epoch(train)  [2][ 700/2804]  base_lr: 5.0000e-03 lr: 5.0000e-03  eta: 2:44:47  time: 0.3266  data_time: 0.0016  memory: 10897  grad_norm: 0.9026  loss: 2.1808  loss_cls: 0.8513  loss_bbox: 0.6655  loss_centerness: 0.6641
2026/08/21 22:31:38 - mmengine - INFO - Epoch(train)  [2][ 750/2804]  base_lr: 5.0000e-03 lr: 5.0000e-03  eta: 2:44:30  time: 0.3251  data_time: 0.0016  memory: 12477  grad_norm: 1.1994  loss: 2.1404  loss_cls: 0.8179  loss_bbox: 0.6579  loss_centerness: 0.6647
2026/08/21 22:31:55 - mmengine - INFO - Epoch(train)  [2][ 800/2804]  base_lr: 5.0000e-03 lr: 5.0000e-03  eta: 2:44:14  time: 0.3260  data_time: 0.0014  memory: 8855  grad_norm: 1.7586  loss: 2.3019  loss_cls: 0.9670  loss_bbox: 0.6741  loss_centerness: 0.6609
2026/08/21 22:32:11 - mmengine - INFO - Epoch(train)  [2][ 850/2804]  base_lr: 5.0000e-03 lr: 5.0000e-03  eta: 2:43:56  time: 0.3250  data_time: 0.0014  memory: 9897  grad_norm: 1.0380  loss: 2.1789  loss_cls: 0.8149  loss_bbox: 0.7006  loss_centerness: 0.6634
2026/08/21 22:32:27 - mmengine - INFO - Epoch(train)  [2][ 900/2804]  base_lr: 5.0000e-03 lr: 5.0000e-03  eta: 2:43:39  time: 0.3185  data_time: 0.0018  memory: 9720  grad_norm: 0.9084  loss: 2.2077  loss_cls: 0.8717  loss_bbox: 0.6731  loss_centerness: 0.6628
2026/08/21 22:32:44 - mmengine - INFO - Epoch(train)  [2][ 950/2804]  base_lr: 5.0000e-03 lr: 5.0000e-03  eta: 2:43:23  time: 0.3276  data_time: 0.0018  memory: 9578  grad_norm: 1.2068  loss: 2.1714  loss_cls: 0.8298  loss_bbox: 0.6784  loss_centerness: 0.6632
2026/08/21 22:33:00 - mmengine - INFO - Epoch(train)  [2][1000/2804]  base_lr: 5.0000e-03 lr: 5.0000e-03  eta: 2:43:07  time: 0.3280  data_time: 0.0015  memory: 8827  grad_norm: 1.1576  loss: 2.1688  loss_cls: 0.8168  loss_bbox: 0.6881  loss_centerness: 0.6639
2026/08/21 22:33:17 - mmengine - INFO - Epoch(train)  [2][1050/2804]  base_lr: 5.0000e-03 lr: 5.0000e-03  eta: 2:42:50  time: 0.3243  data_time: 0.0015  memory: 9642  grad_norm: 1.1688  loss: 2.1808  loss_cls: 0.8388  loss_bbox: 0.6799  loss_centerness: 0.6621
2026/08/21 22:33:33 - mmengine - INFO - Epoch(train)  [2][1100/2804]  base_lr: 5.0000e-03 lr: 5.0000e-03  eta: 2:42:34  time: 0.3253  data_time: 0.0018  memory: 11735  grad_norm: 1.2391  loss: 2.2119  loss_cls: 0.8818  loss_bbox: 0.6688  loss_centerness: 0.6612
2026/08/21 22:33:49 - mmengine - INFO - Epoch(train)  [2][1150/2804]  base_lr: 5.0000e-03 lr: 5.0000e-03  eta: 2:42:16  time: 0.3240  data_time: 0.0017  memory: 8886  grad_norm: 1.1958  loss: 2.2623  loss_cls: 0.9313  loss_bbox: 0.6640  loss_centerness: 0.6670
2026/08/21 22:34:04 - mmengine - INFO - Exp name: fcos_r50_pdd_p2p6_aitodv2_20260821_221159
2026/08/21 22:34:06 - mmengine - INFO - Epoch(train)  [2][1200/2804]  base_lr: 5.0000e-03 lr: 5.0000e-03  eta: 2:42:00  time: 0.3252  data_time: 0.0017  memory: 8871  grad_norm: 1.3208  loss: 2.2544  loss_cls: 0.9127  loss_bbox: 0.6794  loss_centerness: 0.6623
2026/08/21 22:34:22 - mmengine - INFO - Epoch(train)  [2][1250/2804]  base_lr: 5.0000e-03 lr: 5.0000e-03  eta: 2:41:43  time: 0.3268  data_time: 0.0015  memory: 10845  grad_norm: 1.0261  loss: 2.0961  loss_cls: 0.7549  loss_bbox: 0.6785  loss_centerness: 0.6627
2026/08/21 22:34:38 - mmengine - INFO - Epoch(train)  [2][1300/2804]  base_lr: 5.0000e-03 lr: 5.0000e-03  eta: 2:41:26  time: 0.3238  data_time: 0.0016  memory: 8606  grad_norm: 0.8427  loss: 2.1282  loss_cls: 0.7895  loss_bbox: 0.6748  loss_centerness: 0.6640
2026/08/21 22:34:55 - mmengine - INFO - Epoch(train)  [2][1350/2804]  base_lr: 5.0000e-03 lr: 5.0000e-03  eta: 2:41:09  time: 0.3407  data_time: 0.0016  memory: 9080  grad_norm: 0.9225  loss: 2.0717  loss_cls: 0.7618  loss_bbox: 0.6499  loss_centerness: 0.6599
2026/08/21 22:35:11 - mmengine - INFO - Epoch(train)  [2][1400/2804]  base_lr: 5.0000e-03 lr: 5.0000e-03  eta: 2:40:52  time: 0.3246  data_time: 0.0017  memory: 11496  grad_norm: 1.4584  loss: 2.1972  loss_cls: 0.8671  loss_bbox: 0.6683  loss_centerness: 0.6617
2026/08/21 22:35:27 - mmengine - INFO - Epoch(train)  [2][1450/2804]  base_lr: 5.0000e-03 lr: 5.0000e-03  eta: 2:40:35  time: 0.3331  data_time: 0.0019  memory: 9764  grad_norm: 1.4149  loss: 2.2810  loss_cls: 0.9311  loss_bbox: 0.6853  loss_centerness: 0.6647
2026/08/21 22:35:44 - mmengine - INFO - Epoch(train)  [2][1500/2804]  base_lr: 5.0000e-03 lr: 5.0000e-03  eta: 2:40:19  time: 0.3250  data_time: 0.0015  memory: 9037  grad_norm: 0.9241  loss: 2.1413  loss_cls: 0.7751  loss_bbox: 0.7009  loss_centerness: 0.6653
2026/08/21 22:36:00 - mmengine - INFO - Epoch(train)  [2][1550/2804]  base_lr: 5.0000e-03 lr: 5.0000e-03  eta: 2:40:03  time: 0.3328  data_time: 0.0014  memory: 8934  grad_norm: 1.1800  loss: 2.0957  loss_cls: 0.7300  loss_bbox: 0.7022  loss_centerness: 0.6635
2026/08/21 22:36:17 - mmengine - INFO - Epoch(train)  [2][1600/2804]  base_lr: 5.0000e-03 lr: 5.0000e-03  eta: 2:39:48  time: 0.3289  data_time: 0.0015  memory: 8739  grad_norm: 1.3002  loss: 2.2486  loss_cls: 0.8678  loss_bbox: 0.7143  loss_centerness: 0.6664
2026/08/21 22:36:33 - mmengine - INFO - Epoch(train)  [2][1650/2804]  base_lr: 5.0000e-03 lr: 5.0000e-03  eta: 2:39:32  time: 0.3355  data_time: 0.0018  memory: 9129  grad_norm: 1.4617  loss: 2.2401  loss_cls: 0.8807  loss_bbox: 0.6947  loss_centerness: 0.6647
2026/08/21 22:36:49 - mmengine - INFO - Epoch(train)  [2][1700/2804]  base_lr: 5.0000e-03 lr: 5.0000e-03  eta: 2:39:14  time: 0.3264  data_time: 0.0014  memory: 9088  grad_norm: 1.1670  loss: 2.1748  loss_cls: 0.8176  loss_bbox: 0.6950  loss_centerness: 0.6623
2026/08/21 22:37:06 - mmengine - INFO - Epoch(train)  [2][1750/2804]  base_lr: 5.0000e-03 lr: 5.0000e-03  eta: 2:38:58  time: 0.3245  data_time: 0.0014  memory: 9125  grad_norm: 1.9399  loss: 2.3863  loss_cls: 0.9786  loss_bbox: 0.7457  loss_centerness: 0.6620
2026/08/21 22:37:22 - mmengine - INFO - Epoch(train)  [2][1800/2804]  base_lr: 5.0000e-03 lr: 5.0000e-03  eta: 2:38:41  time: 0.3262  data_time: 0.0018  memory: 9198  grad_norm: 1.1887  loss: 2.0487  loss_cls: 0.7292  loss_bbox: 0.6549  loss_centerness: 0.6645
2026/08/21 22:37:38 - mmengine - INFO - Epoch(train)  [2][1850/2804]  base_lr: 5.0000e-03 lr: 5.0000e-03  eta: 2:38:24  time: 0.3249  data_time: 0.0016  memory: 9654  grad_norm: 1.6035  loss: 2.2358  loss_cls: 0.8683  loss_bbox: 0.7053  loss_centerness: 0.6621
2026/08/21 22:37:55 - mmengine - INFO - Epoch(train)  [2][1900/2804]  base_lr: 5.0000e-03 lr: 5.0000e-03  eta: 2:38:07  time: 0.3256  data_time: 0.0016  memory: 9328  grad_norm: 1.1894  loss: 2.1732  loss_cls: 0.8222  loss_bbox: 0.6856  loss_centerness: 0.6654
2026/08/21 22:38:11 - mmengine - INFO - Epoch(train)  [2][1950/2804]  base_lr: 5.0000e-03 lr: 5.0000e-03  eta: 2:37:50  time: 0.3273  data_time: 0.0016  memory: 8702  grad_norm: 1.0106  loss: 2.1507  loss_cls: 0.8256  loss_bbox: 0.6620  loss_centerness: 0.6632
2026/08/21 22:38:27 - mmengine - INFO - Epoch(train)  [2][2000/2804]  base_lr: 5.0000e-03 lr: 5.0000e-03  eta: 2:37:33  time: 0.3261  data_time: 0.0015  memory: 9157  grad_norm: 0.7915  loss: 2.1675  loss_cls: 0.7879  loss_bbox: 0.7143  loss_centerness: 0.6653
2026/08/21 22:38:44 - mmengine - INFO - Epoch(train)  [2][2050/2804]  base_lr: 5.0000e-03 lr: 5.0000e-03  eta: 2:37:16  time: 0.3236  data_time: 0.0015  memory: 9188  grad_norm: 1.2117  loss: 2.0515  loss_cls: 0.7155  loss_bbox: 0.6706  loss_centerness: 0.6653
2026/08/21 22:39:00 - mmengine - INFO - Epoch(train)  [2][2100/2804]  base_lr: 5.0000e-03 lr: 5.0000e-03  eta: 2:36:59  time: 0.3251  data_time: 0.0016  memory: 9288  grad_norm: 1.2735  loss: 2.1829  loss_cls: 0.8269  loss_bbox: 0.6930  loss_centerness: 0.6630
2026/08/21 22:39:16 - mmengine - INFO - Epoch(train)  [2][2150/2804]  base_lr: 5.0000e-03 lr: 5.0000e-03  eta: 2:36:42  time: 0.3270  data_time: 0.0020  memory: 9279  grad_norm: 1.2339  loss: 2.0904  loss_cls: 0.7534  loss_bbox: 0.6754  loss_centerness: 0.6617
2026/08/21 22:39:31 - mmengine - INFO - Exp name: fcos_r50_pdd_p2p6_aitodv2_20260821_221159
2026/08/21 22:39:32 - mmengine - INFO - Epoch(train)  [2][2200/2804]  base_lr: 5.0000e-03 lr: 5.0000e-03  eta: 2:36:25  time: 0.3263  data_time: 0.0017  memory: 10826  grad_norm: 1.1919  loss: 2.1387  loss_cls: 0.7969  loss_bbox: 0.6801  loss_centerness: 0.6617
2026/08/21 22:39:49 - mmengine - INFO - Epoch(train)  [2][2250/2804]  base_lr: 5.0000e-03 lr: 5.0000e-03  eta: 2:36:09  time: 0.3279  data_time: 0.0016  memory: 8784  grad_norm: 1.0323  loss: 2.2957  loss_cls: 0.9421  loss_bbox: 0.6884  loss_centerness: 0.6653
2026/08/21 22:40:05 - mmengine - INFO - Epoch(train)  [2][2300/2804]  base_lr: 5.0000e-03 lr: 5.0000e-03  eta: 2:35:54  time: 0.3284  data_time: 0.0016  memory: 9677  grad_norm: 1.1493  loss: 2.1438  loss_cls: 0.8282  loss_bbox: 0.6556  loss_centerness: 0.6600
2026/08/21 22:40:22 - mmengine - INFO - Epoch(train)  [2][2350/2804]  base_lr: 5.0000e-03 lr: 5.0000e-03  eta: 2:35:37  time: 0.3262  data_time: 0.0017  memory: 8812  grad_norm: 1.1105  loss: 2.1768  loss_cls: 0.8238  loss_bbox: 0.6867  loss_centerness: 0.6662
2026/08/21 22:40:38 - mmengine - INFO - Epoch(train)  [2][2400/2804]  base_lr: 5.0000e-03 lr: 5.0000e-03  eta: 2:35:20  time: 0.3257  data_time: 0.0016  memory: 9337  grad_norm: 1.1346  loss: 2.1141  loss_cls: 0.7720  loss_bbox: 0.6799  loss_centerness: 0.6623
2026/08/21 22:40:54 - mmengine - INFO - Epoch(train)  [2][2450/2804]  base_lr: 5.0000e-03 lr: 5.0000e-03  eta: 2:35:03  time: 0.3246  data_time: 0.0015  memory: 9004  grad_norm: 1.3366  loss: 2.1772  loss_cls: 0.8479  loss_bbox: 0.6649  loss_centerness: 0.6643
2026/08/21 22:41:11 - mmengine - INFO - Epoch(train)  [2][2500/2804]  base_lr: 5.0000e-03 lr: 5.0000e-03  eta: 2:34:47  time: 0.3269  data_time: 0.0014  memory: 8883  grad_norm: 1.3517  loss: 2.1244  loss_cls: 0.7689  loss_bbox: 0.6907  loss_centerness: 0.6648
2026/08/21 22:41:27 - mmengine - INFO - Epoch(train)  [2][2550/2804]  base_lr: 5.0000e-03 lr: 5.0000e-03  eta: 2:34:30  time: 0.3252  data_time: 0.0015  memory: 10258  grad_norm: 1.2945  loss: 2.3507  loss_cls: 1.0197  loss_bbox: 0.6676  loss_centerness: 0.6634
2026/08/21 22:41:43 - mmengine - INFO - Epoch(train)  [2][2600/2804]  base_lr: 5.0000e-03 lr: 5.0000e-03  eta: 2:34:13  time: 0.3269  data_time: 0.0014  memory: 8913  grad_norm: 1.1615  loss: 2.2373  loss_cls: 0.8551  loss_bbox: 0.7232  loss_centerness: 0.6590
2026/08/21 22:42:00 - mmengine - INFO - Epoch(train)  [2][2650/2804]  base_lr: 5.0000e-03 lr: 5.0000e-03  eta: 2:33:57  time: 0.3265  data_time: 0.0016  memory: 10891  grad_norm: 1.1622  loss: 2.0949  loss_cls: 0.7734  loss_bbox: 0.6593  loss_centerness: 0.6622
2026/08/21 22:42:16 - mmengine - INFO - Epoch(train)  [2][2700/2804]  base_lr: 5.0000e-03 lr: 5.0000e-03  eta: 2:33:40  time: 0.3284  data_time: 0.0017  memory: 9063  grad_norm: 1.2545  loss: 2.2176  loss_cls: 0.8906  loss_bbox: 0.6653  loss_centerness: 0.6618
2026/08/21 22:42:32 - mmengine - INFO - Epoch(train)  [2][2750/2804]  base_lr: 5.0000e-03 lr: 5.0000e-03  eta: 2:33:25  time: 0.3274  data_time: 0.0016  memory: 9086  grad_norm: 1.0385  loss: 2.0925  loss_cls: 0.7600  loss_bbox: 0.6688  loss_centerness: 0.6637
2026/08/21 22:42:49 - mmengine - INFO - Epoch(train)  [2][2800/2804]  base_lr: 5.0000e-03 lr: 5.0000e-03  eta: 2:33:09  time: 0.3235  data_time: 0.0013  memory: 9724  grad_norm: 1.2666  loss: 2.2305  loss_cls: 0.9162  loss_bbox: 0.6514  loss_centerness: 0.6629
2026/08/21 22:42:50 - mmengine - INFO - Exp name: fcos_r50_pdd_p2p6_aitodv2_20260821_221159
2026/08/21 22:42:50 - mmengine - INFO - Saving checkpoint at 2 epochs
2026/08/21 22:43:09 - mmengine - INFO - Epoch(train)  [3][  50/2804]  base_lr: 5.0000e-03 lr: 5.0000e-03  eta: 2:32:53  time: 0.3291  data_time: 0.0017  memory: 9580  grad_norm: 0.9185  loss: 2.0756  loss_cls: 0.7434  loss_bbox: 0.6677  loss_centerness: 0.6645
2026/08/21 22:43:25 - mmengine - INFO - Epoch(train)  [3][ 100/2804]  base_lr: 5.0000e-03 lr: 5.0000e-03  eta: 2:32:38  time: 0.3323  data_time: 0.0020  memory: 9157  grad_norm: 0.9532  loss: 2.0064  loss_cls: 0.6798  loss_bbox: 0.6624  loss_centerness: 0.6642
2026/08/21 22:43:42 - mmengine - INFO - Epoch(train)  [3][ 150/2804]  base_lr: 5.0000e-03 lr: 5.0000e-03  eta: 2:32:23  time: 0.3337  data_time: 0.0017  memory: 9355  grad_norm: 0.9653  loss: 2.1548  loss_cls: 0.8290  loss_bbox: 0.6654  loss_centerness: 0.6605
2026/08/21 22:43:59 - mmengine - INFO - Epoch(train)  [3][ 200/2804]  base_lr: 5.0000e-03 lr: 5.0000e-03  eta: 2:32:07  time: 0.3312  data_time: 0.0019  memory: 11912  grad_norm: 1.5452  loss: 2.1341  loss_cls: 0.7592  loss_bbox: 0.7125  loss_centerness: 0.6625
2026/08/21 22:44:15 - mmengine - INFO - Epoch(train)  [3][ 250/2804]  base_lr: 5.0000e-03 lr: 5.0000e-03  eta: 2:31:52  time: 0.3345  data_time: 0.0018  memory: 9677  grad_norm: 1.2390  loss: 2.1381  loss_cls: 0.8266  loss_bbox: 0.6478  loss_centerness: 0.6636
2026/08/21 22:44:32 - mmengine - INFO - Epoch(train)  [3][ 300/2804]  base_lr: 5.0000e-03 lr: 5.0000e-03  eta: 2:31:38  time: 0.3396  data_time: 0.0020  memory: 9039  grad_norm: 1.2889  loss: 2.2464  loss_cls: 0.9060  loss_bbox: 0.6789  loss_centerness: 0.6615
2026/08/21 22:44:49 - mmengine - INFO - Epoch(train)  [3][ 350/2804]  base_lr: 5.0000e-03 lr: 5.0000e-03  eta: 2:31:24  time: 0.3341  data_time: 0.0019  memory: 8917  grad_norm: 0.9533  loss: 2.2048  loss_cls: 0.8785  loss_bbox: 0.6639  loss_centerness: 0.6624
2026/08/21 22:45:03 - mmengine - INFO - Exp name: fcos_r50_pdd_p2p6_aitodv2_20260821_221159
2026/08/21 22:45:06 - mmengine - INFO - Epoch(train)  [3][ 400/2804]  base_lr: 5.0000e-03 lr: 5.0000e-03  eta: 2:31:10  time: 0.3374  data_time: 0.0020  memory: 9200  grad_norm: 1.0113  loss: 2.0991  loss_cls: 0.7737  loss_bbox: 0.6618  loss_centerness: 0.6636
2026/08/21 22:45:22 - mmengine - INFO - Epoch(train)  [3][ 450/2804]  base_lr: 5.0000e-03 lr: 5.0000e-03  eta: 2:30:53  time: 0.3333  data_time: 0.0017  memory: 10258  grad_norm: 0.8062  loss: 2.1262  loss_cls: 0.7676  loss_bbox: 0.6953  loss_centerness: 0.6633
2026/08/21 22:45:39 - mmengine - INFO - Epoch(train)  [3][ 500/2804]  base_lr: 5.0000e-03 lr: 5.0000e-03  eta: 2:30:38  time: 0.3324  data_time: 0.0018  memory: 9425  grad_norm: 1.4200  loss: 2.1651  loss_cls: 0.8383  loss_bbox: 0.6621  loss_centerness: 0.6647
2026/08/21 22:45:56 - mmengine - INFO - Epoch(train)  [3][ 550/2804]  base_lr: 5.0000e-03 lr: 5.0000e-03  eta: 2:30:22  time: 0.3342  data_time: 0.0017  memory: 11734  grad_norm: 1.2121  loss: 2.0809  loss_cls: 0.7395  loss_bbox: 0.6788  loss_centerness: 0.6626
2026/08/21 22:46:12 - mmengine - INFO - Epoch(train)  [3][ 600/2804]  base_lr: 5.0000e-03 lr: 5.0000e-03  eta: 2:30:07  time: 0.3323  data_time: 0.0018  memory: 8892  grad_norm: 1.1919  loss: 2.1569  loss_cls: 0.8293  loss_bbox: 0.6649  loss_centerness: 0.6627
2026/08/21 22:46:29 - mmengine - INFO - Epoch(train)  [3][ 650/2804]  base_lr: 5.0000e-03 lr: 5.0000e-03  eta: 2:29:52  time: 0.3317  data_time: 0.0018  memory: 8760  grad_norm: 1.1911  loss: 2.1597  loss_cls: 0.8046  loss_bbox: 0.6944  loss_centerness: 0.6607
2026/08/21 22:46:45 - mmengine - INFO - Epoch(train)  [3][ 700/2804]  base_lr: 5.0000e-03 lr: 5.0000e-03  eta: 2:29:35  time: 0.3255  data_time: 0.0021  memory: 9761  grad_norm: 1.0436  loss: 2.2727  loss_cls: 0.9331  loss_bbox: 0.6767  loss_centerness: 0.6630
2026/08/21 22:47:02 - mmengine - INFO - Epoch(train)  [3][ 750/2804]  base_lr: 5.0000e-03 lr: 5.0000e-03  eta: 2:29:19  time: 0.3396  data_time: 0.0020  memory: 11417  grad_norm: 1.1627  loss: 2.2625  loss_cls: 0.9132  loss_bbox: 0.6848  loss_centerness: 0.6644
2026/08/21 22:47:18 - mmengine - INFO - Epoch(train)  [3][ 800/2804]  base_lr: 5.0000e-03 lr: 5.0000e-03  eta: 2:29:03  time: 0.3322  data_time: 0.0018  memory: 9345  grad_norm: 1.1533  loss: 2.1721  loss_cls: 0.8704  loss_bbox: 0.6370  loss_centerness: 0.6647
2026/08/21 22:47:35 - mmengine - INFO - Epoch(train)  [3][ 850/2804]  base_lr: 5.0000e-03 lr: 5.0000e-03  eta: 2:28:48  time: 0.3345  data_time: 0.0018  memory: 8826  grad_norm: 0.8406  loss: 2.1290  loss_cls: 0.8202  loss_bbox: 0.6436  loss_centerness: 0.6652
2026/08/21 22:47:52 - mmengine - INFO - Epoch(train)  [3][ 900/2804]  base_lr: 5.0000e-03 lr: 5.0000e-03  eta: 2:28:32  time: 0.3360  data_time: 0.0018  memory: 10825  grad_norm: 1.2243  loss: 2.2998  loss_cls: 0.9616  loss_bbox: 0.6767  loss_centerness: 0.6615
2026/08/21 22:48:08 - mmengine - INFO - Epoch(train)  [3][ 950/2804]  base_lr: 5.0000e-03 lr: 5.0000e-03  eta: 2:28:17  time: 0.3291  data_time: 0.0016  memory: 8809  grad_norm: 1.0449  loss: 2.2086  loss_cls: 0.8656  loss_bbox: 0.6820  loss_centerness: 0.6609
2026/08/21 22:48:25 - mmengine - INFO - Epoch(train)  [3][1000/2804]  base_lr: 5.0000e-03 lr: 5.0000e-03  eta: 2:28:02  time: 0.3316  data_time: 0.0016  memory: 8781  grad_norm: 1.2983  loss: 2.2785  loss_cls: 0.9259  loss_bbox: 0.6874  loss_centerness: 0.6652
2026/08/21 22:48:42 - mmengine - INFO - Epoch(train)  [3][1050/2804]  base_lr: 5.0000e-03 lr: 5.0000e-03  eta: 2:27:46  time: 0.3334  data_time: 0.0018  memory: 9720  grad_norm: 0.8096  loss: 2.0643  loss_cls: 0.7379  loss_bbox: 0.6644  loss_centerness: 0.6621
2026/08/21 22:48:58 - mmengine - INFO - Epoch(train)  [3][1100/2804]  base_lr: 5.0000e-03 lr: 5.0000e-03  eta: 2:27:31  time: 0.3347  data_time: 0.0020  memory: 8821  grad_norm: 1.1128  loss: 2.1469  loss_cls: 0.8098  loss_bbox: 0.6750  loss_centerness: 0.6621
2026/08/21 22:49:15 - mmengine - INFO - Epoch(train)  [3][1150/2804]  base_lr: 5.0000e-03 lr: 5.0000e-03  eta: 2:27:16  time: 0.3332  data_time: 0.0018  memory: 9327  grad_norm: 0.9913  loss: 2.1618  loss_cls: 0.8373  loss_bbox: 0.6619  loss_centerness: 0.6626
2026/08/21 22:49:32 - mmengine - INFO - Epoch(train)  [3][1200/2804]  base_lr: 5.0000e-03 lr: 5.0000e-03  eta: 2:27:01  time: 0.3371  data_time: 0.0022  memory: 10898  grad_norm: 1.4720  loss: 2.1638  loss_cls: 0.7752  loss_bbox: 0.7274  loss_centerness: 0.6611
2026/08/21 22:49:49 - mmengine - INFO - Epoch(train)  [3][1250/2804]  base_lr: 5.0000e-03 lr: 5.0000e-03  eta: 2:26:46  time: 0.3383  data_time: 0.0023  memory: 10891  grad_norm: 0.8896  loss: 2.1616  loss_cls: 0.7865  loss_bbox: 0.7104  loss_centerness: 0.6647
2026/08/21 22:50:06 - mmengine - INFO - Epoch(train)  [3][1300/2804]  base_lr: 5.0000e-03 lr: 5.0000e-03  eta: 2:26:31  time: 0.3373  data_time: 0.0019  memory: 12477  grad_norm: 1.1682  loss: 2.0591  loss_cls: 0.7399  loss_bbox: 0.6552  loss_centerness: 0.6640
2026/08/21 22:50:22 - mmengine - INFO - Epoch(train)  [3][1350/2804]  base_lr: 5.0000e-03 lr: 5.0000e-03  eta: 2:26:15  time: 0.3296  data_time: 0.0019  memory: 9274  grad_norm: 1.0184  loss: 2.1533  loss_cls: 0.8560  loss_bbox: 0.6364  loss_centerness: 0.6609
2026/08/21 22:50:36 - mmengine - INFO - Exp name: fcos_r50_pdd_p2p6_aitodv2_20260821_221159
2026/08/21 22:50:39 - mmengine - INFO - Epoch(train)  [3][1400/2804]  base_lr: 5.0000e-03 lr: 5.0000e-03  eta: 2:25:59  time: 0.3260  data_time: 0.0017  memory: 9274  grad_norm: 0.9044  loss: 2.1250  loss_cls: 0.7767  loss_bbox: 0.6819  loss_centerness: 0.6665
2026/08/21 22:50:55 - mmengine - INFO - Epoch(train)  [3][1450/2804]  base_lr: 5.0000e-03 lr: 5.0000e-03  eta: 2:25:42  time: 0.3285  data_time: 0.0016  memory: 9323  grad_norm: 1.3159  loss: 2.1872  loss_cls: 0.8419  loss_bbox: 0.6829  loss_centerness: 0.6625
2026/08/21 22:51:11 - mmengine - INFO - Epoch(train)  [3][1500/2804]  base_lr: 5.0000e-03 lr: 5.0000e-03  eta: 2:25:25  time: 0.3279  data_time: 0.0019  memory: 8977  grad_norm: 0.9860  loss: 2.0849  loss_cls: 0.7569  loss_bbox: 0.6659  loss_centerness: 0.6621
2026/08/21 22:51:28 - mmengine - INFO - Epoch(train)  [3][1550/2804]  base_lr: 5.0000e-03 lr: 5.0000e-03  eta: 2:25:09  time: 0.3307  data_time: 0.0018  memory: 9418  grad_norm: 1.2077  loss: 2.2112  loss_cls: 0.8744  loss_bbox: 0.6746  loss_centerness: 0.6622
2026/08/21 22:51:44 - mmengine - INFO - Epoch(train)  [3][1600/2804]  base_lr: 5.0000e-03 lr: 5.0000e-03  eta: 2:24:52  time: 0.3278  data_time: 0.0019  memory: 8908  grad_norm: 1.1067  loss: 2.1806  loss_cls: 0.8514  loss_bbox: 0.6645  loss_centerness: 0.6647
2026/08/21 22:52:01 - mmengine - INFO - Epoch(train)  [3][1650/2804]  base_lr: 5.0000e-03 lr: 5.0000e-03  eta: 2:24:36  time: 0.3283  data_time: 0.0018  memory: 9565  grad_norm: 0.9071  loss: 2.1764  loss_cls: 0.8258  loss_bbox: 0.6874  loss_centerness: 0.6632
2026/08/21 22:52:17 - mmengine - INFO - Epoch(train)  [3][1700/2804]  base_lr: 5.0000e-03 lr: 5.0000e-03  eta: 2:24:19  time: 0.3270  data_time: 0.0019  memory: 8799  grad_norm: 1.1458  loss: 2.1678  loss_cls: 0.8077  loss_bbox: 0.6958  loss_centerness: 0.6644
2026/08/21 22:52:34 - mmengine - INFO - Epoch(train)  [3][1750/2804]  base_lr: 5.0000e-03 lr: 5.0000e-03  eta: 2:24:03  time: 0.3306  data_time: 0.0023  memory: 9653  grad_norm: 1.4180  loss: 2.2160  loss_cls: 0.8783  loss_bbox: 0.6718  loss_centerness: 0.6660
2026/08/21 22:52:50 - mmengine - INFO - Epoch(train)  [3][1800/2804]  base_lr: 5.0000e-03 lr: 5.0000e-03  eta: 2:23:47  time: 0.3443  data_time: 0.0017  memory: 8953  grad_norm: 1.1614  loss: 2.1600  loss_cls: 0.7952  loss_bbox: 0.7012  loss_centerness: 0.6636
2026/08/21 22:53:07 - mmengine - INFO - Epoch(train)  [3][1850/2804]  base_lr: 5.0000e-03 lr: 5.0000e-03  eta: 2:23:31  time: 0.3294  data_time: 0.0017  memory: 9049  grad_norm: 1.2808  loss: 2.2337  loss_cls: 0.8655  loss_bbox: 0.7062  loss_centerness: 0.6620
2026/08/21 22:53:23 - mmengine - INFO - Epoch(train)  [3][1900/2804]  base_lr: 5.0000e-03 lr: 5.0000e-03  eta: 2:23:14  time: 0.3235  data_time: 0.0017  memory: 9147  grad_norm: 1.1564  loss: 2.2882  loss_cls: 0.9064  loss_bbox: 0.7186  loss_centerness: 0.6633
2026/08/21 22:53:39 - mmengine - INFO - Epoch(train)  [3][1950/2804]  base_lr: 5.0000e-03 lr: 5.0000e-03  eta: 2:22:58  time: 0.3310  data_time: 0.0017  memory: 9081  grad_norm: 1.2916  loss: 2.3083  loss_cls: 0.9354  loss_bbox: 0.7112  loss_centerness: 0.6616
2026/08/21 22:53:56 - mmengine - INFO - Epoch(train)  [3][2000/2804]  base_lr: 5.0000e-03 lr: 5.0000e-03  eta: 2:22:41  time: 0.3324  data_time: 0.0016  memory: 9479  grad_norm: 1.1104  loss: 2.1994  loss_cls: 0.8298  loss_bbox: 0.7032  loss_centerness: 0.6663
2026/08/21 22:54:13 - mmengine - INFO - Epoch(train)  [3][2050/2804]  base_lr: 5.0000e-03 lr: 5.0000e-03  eta: 2:22:25  time: 0.3311  data_time: 0.0016  memory: 8715  grad_norm: 1.0736  loss: 2.1043  loss_cls: 0.7548  loss_bbox: 0.6844  loss_centerness: 0.6651
2026/08/21 22:54:29 - mmengine - INFO - Epoch(train)  [3][2100/2804]  base_lr: 5.0000e-03 lr: 5.0000e-03  eta: 2:22:09  time: 0.3264  data_time: 0.0016  memory: 9129  grad_norm: 1.0225  loss: 2.2450  loss_cls: 0.8550  loss_bbox: 0.7245  loss_centerness: 0.6656
2026/08/21 22:54:46 - mmengine - INFO - Epoch(train)  [3][2150/2804]  base_lr: 5.0000e-03 lr: 5.0000e-03  eta: 2:21:53  time: 0.3320  data_time: 0.0017  memory: 10830  grad_norm: 1.0485  loss: 2.0956  loss_cls: 0.7802  loss_bbox: 0.6550  loss_centerness: 0.6604
2026/08/21 22:55:02 - mmengine - INFO - Epoch(train)  [3][2200/2804]  base_lr: 5.0000e-03 lr: 5.0000e-03  eta: 2:21:37  time: 0.3331  data_time: 0.0017  memory: 9901  grad_norm: 1.0713  loss: 2.1929  loss_cls: 0.8202  loss_bbox: 0.7101  loss_centerness: 0.6625
2026/08/21 22:55:19 - mmengine - INFO - Epoch(train)  [3][2250/2804]  base_lr: 5.0000e-03 lr: 5.0000e-03  eta: 2:21:21  time: 0.3296  data_time: 0.0017  memory: 10845  grad_norm: 1.0304  loss: 2.0763  loss_cls: 0.7506  loss_bbox: 0.6643  loss_centerness: 0.6613
2026/08/21 22:55:35 - mmengine - INFO - Epoch(train)  [3][2300/2804]  base_lr: 5.0000e-03 lr: 5.0000e-03  eta: 2:21:04  time: 0.3257  data_time: 0.0016  memory: 9115  grad_norm: 1.3943  loss: 2.2621  loss_cls: 0.9012  loss_bbox: 0.6976  loss_centerness: 0.6634
2026/08/21 22:55:51 - mmengine - INFO - Epoch(train)  [3][2350/2804]  base_lr: 5.0000e-03 lr: 5.0000e-03  eta: 2:20:47  time: 0.3282  data_time: 0.0016  memory: 9567  grad_norm: 1.5687  loss: 2.4051  loss_cls: 1.0645  loss_bbox: 0.6755  loss_centerness: 0.6650
2026/08/21 22:56:05 - mmengine - INFO - Exp name: fcos_r50_pdd_p2p6_aitodv2_20260821_221159
2026/08/21 22:56:08 - mmengine - INFO - Epoch(train)  [3][2400/2804]  base_lr: 5.0000e-03 lr: 5.0000e-03  eta: 2:20:31  time: 0.3277  data_time: 0.0017  memory: 11586  grad_norm: 1.2917  loss: 2.1200  loss_cls: 0.7768  loss_bbox: 0.6785  loss_centerness: 0.6647
2026/08/21 22:56:24 - mmengine - INFO - Epoch(train)  [3][2450/2804]  base_lr: 5.0000e-03 lr: 5.0000e-03  eta: 2:20:14  time: 0.3267  data_time: 0.0017  memory: 9019  grad_norm: 0.9563  loss: 2.1911  loss_cls: 0.8509  loss_bbox: 0.6768  loss_centerness: 0.6635
2026/08/21 22:56:41 - mmengine - INFO - Epoch(train)  [3][2500/2804]  base_lr: 5.0000e-03 lr: 5.0000e-03  eta: 2:19:57  time: 0.3277  data_time: 0.0017  memory: 8850  grad_norm: 1.1993  loss: 2.0667  loss_cls: 0.7520  loss_bbox: 0.6493  loss_centerness: 0.6655
2026/08/21 22:56:57 - mmengine - INFO - Epoch(train)  [3][2550/2804]  base_lr: 5.0000e-03 lr: 5.0000e-03  eta: 2:19:41  time: 0.3272  data_time: 0.0017  memory: 9971  grad_norm: 1.0841  loss: 2.2133  loss_cls: 0.8477  loss_bbox: 0.7030  loss_centerness: 0.6626
2026/08/21 22:57:13 - mmengine - INFO - Epoch(train)  [3][2600/2804]  base_lr: 5.0000e-03 lr: 5.0000e-03  eta: 2:19:24  time: 0.3272  data_time: 0.0019  memory: 11498  grad_norm: 1.1842  loss: 2.1863  loss_cls: 0.8553  loss_bbox: 0.6654  loss_centerness: 0.6657
2026/08/21 22:57:30 - mmengine - INFO - Epoch(train)  [3][2650/2804]  base_lr: 5.0000e-03 lr: 5.0000e-03  eta: 2:19:08  time: 0.3274  data_time: 0.0016  memory: 9644  grad_norm: 0.8821  loss: 2.1185  loss_cls: 0.8220  loss_bbox: 0.6344  loss_centerness: 0.6621
2026/08/21 22:57:46 - mmengine - INFO - Epoch(train)  [3][2700/2804]  base_lr: 5.0000e-03 lr: 5.0000e-03  eta: 2:18:51  time: 0.3260  data_time: 0.0017  memory: 9495  grad_norm: 0.9979  loss: 2.1369  loss_cls: 0.8244  loss_bbox: 0.6506  loss_centerness: 0.6619
2026/08/21 22:58:03 - mmengine - INFO - Epoch(train)  [3][2750/2804]  base_lr: 5.0000e-03 lr: 5.0000e-03  eta: 2:18:35  time: 0.3276  data_time: 0.0017  memory: 10554  grad_norm: 0.9959  loss: 2.1408  loss_cls: 0.7695  loss_bbox: 0.7038  loss_centerness: 0.6674
2026/08/21 22:58:19 - mmengine - INFO - Epoch(train)  [3][2800/2804]  base_lr: 5.0000e-03 lr: 5.0000e-03  eta: 2:18:18  time: 0.3232  data_time: 0.0012  memory: 8753  grad_norm: 0.9480  loss: 2.2141  loss_cls: 0.8870  loss_bbox: 0.6634  loss_centerness: 0.6636
2026/08/21 22:58:20 - mmengine - INFO - Exp name: fcos_r50_pdd_p2p6_aitodv2_20260821_221159
2026/08/21 22:58:20 - mmengine - INFO - Saving checkpoint at 3 epochs
2026/08/21 22:58:38 - mmengine - INFO - Epoch(train)  [4][  50/2804]  base_lr: 5.0000e-03 lr: 5.0000e-03  eta: 2:18:00  time: 0.3274  data_time: 0.0018  memory: 9125  grad_norm: 1.0230  loss: 2.1421  loss_cls: 0.8106  loss_bbox: 0.6690  loss_centerness: 0.6625
2026/08/21 22:58:55 - mmengine - INFO - Epoch(train)  [4][ 100/2804]  base_lr: 5.0000e-03 lr: 5.0000e-03  eta: 2:17:44  time: 0.3292  data_time: 0.0016  memory: 9760  grad_norm: 1.3285  loss: 2.1724  loss_cls: 0.8238  loss_bbox: 0.6859  loss_centerness: 0.6627
2026/08/21 22:59:11 - mmengine - INFO - Epoch(train)  [4][ 150/2804]  base_lr: 5.0000e-03 lr: 5.0000e-03  eta: 2:17:27  time: 0.3272  data_time: 0.0017  memory: 9276  grad_norm: 1.7026  loss: 2.2703  loss_cls: 0.9295  loss_bbox: 0.6810  loss_centerness: 0.6599
2026/08/21 22:59:27 - mmengine - INFO - Epoch(train)  [4][ 200/2804]  base_lr: 5.0000e-03 lr: 5.0000e-03  eta: 2:17:11  time: 0.3287  data_time: 0.0017  memory: 8827  grad_norm: 1.0431  loss: 2.1737  loss_cls: 0.8249  loss_bbox: 0.6826  loss_centerness: 0.6662
2026/08/21 22:59:44 - mmengine - INFO - Epoch(train)  [4][ 250/2804]  base_lr: 5.0000e-03 lr: 5.0000e-03  eta: 2:16:54  time: 0.3262  data_time: 0.0019  memory: 9292  grad_norm: 0.8080  loss: 2.0505  loss_cls: 0.7199  loss_bbox: 0.6693  loss_centerness: 0.6614
2026/08/21 23:00:00 - mmengine - INFO - Epoch(train)  [4][ 300/2804]  base_lr: 5.0000e-03 lr: 5.0000e-03  eta: 2:16:38  time: 0.3260  data_time: 0.0017  memory: 10553  grad_norm: 1.1623  loss: 2.2286  loss_cls: 0.8680  loss_bbox: 0.6959  loss_centerness: 0.6647
2026/08/21 23:00:17 - mmengine - INFO - Epoch(train)  [4][ 350/2804]  base_lr: 5.0000e-03 lr: 5.0000e-03  eta: 2:16:21  time: 0.3261  data_time: 0.0016  memory: 9673  grad_norm: 1.0393  loss: 2.1224  loss_cls: 0.7756  loss_bbox: 0.6819  loss_centerness: 0.6649
2026/08/21 23:00:33 - mmengine - INFO - Epoch(train)  [4][ 400/2804]  base_lr: 5.0000e-03 lr: 5.0000e-03  eta: 2:16:04  time: 0.3258  data_time: 0.0017  memory: 8819  grad_norm: 0.7534  loss: 2.1537  loss_cls: 0.8204  loss_bbox: 0.6677  loss_centerness: 0.6656
2026/08/21 23:00:49 - mmengine - INFO - Epoch(train)  [4][ 450/2804]  base_lr: 5.0000e-03 lr: 5.0000e-03  eta: 2:15:48  time: 0.3261  data_time: 0.0016  memory: 8719  grad_norm: 0.7666  loss: 2.1757  loss_cls: 0.8232  loss_bbox: 0.6879  loss_centerness: 0.6645
2026/08/21 23:01:06 - mmengine - INFO - Epoch(train)  [4][ 500/2804]  base_lr: 5.0000e-03 lr: 5.0000e-03  eta: 2:15:31  time: 0.3252  data_time: 0.0017  memory: 8977  grad_norm: 1.0606  loss: 2.1520  loss_cls: 0.7990  loss_bbox: 0.6907  loss_centerness: 0.6622
2026/08/21 23:01:22 - mmengine - INFO - Epoch(train)  [4][ 550/2804]  base_lr: 5.0000e-03 lr: 5.0000e-03  eta: 2:15:15  time: 0.3255  data_time: 0.0016  memory: 9567  grad_norm: 1.0245  loss: 2.2076  loss_cls: 0.8495  loss_bbox: 0.6918  loss_centerness: 0.6662
2026/08/21 23:01:34 - mmengine - INFO - Exp name: fcos_r50_pdd_p2p6_aitodv2_20260821_221159
2026/08/21 23:01:38 - mmengine - INFO - Epoch(train)  [4][ 600/2804]  base_lr: 5.0000e-03 lr: 5.0000e-03  eta: 2:14:58  time: 0.3262  data_time: 0.0017  memory: 9127  grad_norm: 1.0512  loss: 2.1076  loss_cls: 0.7279  loss_bbox: 0.7150  loss_centerness: 0.6647
2026/08/21 23:01:55 - mmengine - INFO - Epoch(train)  [4][ 650/2804]  base_lr: 5.0000e-03 lr: 5.0000e-03  eta: 2:14:41  time: 0.3259  data_time: 0.0016  memory: 10847  grad_norm: 1.0096  loss: 2.1945  loss_cls: 0.8391  loss_bbox: 0.6905  loss_centerness: 0.6649
2026/08/21 23:02:11 - mmengine - INFO - Epoch(train)  [4][ 700/2804]  base_lr: 5.0000e-03 lr: 5.0000e-03  eta: 2:14:24  time: 0.3260  data_time: 0.0017  memory: 9657  grad_norm: 1.0885  loss: 2.1877  loss_cls: 0.8478  loss_bbox: 0.6738  loss_centerness: 0.6661
2026/08/21 23:02:27 - mmengine - INFO - Epoch(train)  [4][ 750/2804]  base_lr: 5.0000e-03 lr: 5.0000e-03  eta: 2:14:07  time: 0.3276  data_time: 0.0018  memory: 9357  grad_norm: 0.9949  loss: 2.1364  loss_cls: 0.7933  loss_bbox: 0.6791  loss_centerness: 0.6640
2026/08/21 23:02:44 - mmengine - INFO - Epoch(train)  [4][ 800/2804]  base_lr: 5.0000e-03 lr: 5.0000e-03  eta: 2:13:51  time: 0.3258  data_time: 0.0015  memory: 9288  grad_norm: 0.9257  loss: 2.0828  loss_cls: 0.7670  loss_bbox: 0.6548  loss_centerness: 0.6609
2026/08/21 23:03:00 - mmengine - INFO - Epoch(train)  [4][ 850/2804]  base_lr: 5.0000e-03 lr: 5.0000e-03  eta: 2:13:34  time: 0.3255  data_time: 0.0016  memory: 9969  grad_norm: 0.9341  loss: 2.2208  loss_cls: 0.8615  loss_bbox: 0.6977  loss_centerness: 0.6615
2026/08/21 23:03:16 - mmengine - INFO - Epoch(train)  [4][ 900/2804]  base_lr: 5.0000e-03 lr: 5.0000e-03  eta: 2:13:17  time: 0.3262  data_time: 0.0016  memory: 8810  grad_norm: 1.2081  loss: 2.1724  loss_cls: 0.8052  loss_bbox: 0.7030  loss_centerness: 0.6642
2026/08/21 23:03:32 - mmengine - INFO - Epoch(train)  [4][ 950/2804]  base_lr: 5.0000e-03 lr: 5.0000e-03  eta: 2:13:00  time: 0.3254  data_time: 0.0017  memory: 9647  grad_norm: 1.4998  loss: 2.2920  loss_cls: 0.9757  loss_bbox: 0.6555  loss_centerness: 0.6608
2026/08/21 23:03:49 - mmengine - INFO - Epoch(train)  [4][1000/2804]  base_lr: 5.0000e-03 lr: 5.0000e-03  eta: 2:12:44  time: 0.3272  data_time: 0.0018  memory: 11498  grad_norm: 1.2204  loss: 2.1064  loss_cls: 0.7487  loss_bbox: 0.6931  loss_centerness: 0.6647
2026/08/21 23:04:05 - mmengine - INFO - Epoch(train)  [4][1050/2804]  base_lr: 5.0000e-03 lr: 5.0000e-03  eta: 2:12:27  time: 0.3258  data_time: 0.0017  memory: 9340  grad_norm: 0.9288  loss: 2.1558  loss_cls: 0.8279  loss_bbox: 0.6658  loss_centerness: 0.6620
2026/08/21 23:04:22 - mmengine - INFO - Epoch(train)  [4][1100/2804]  base_lr: 5.0000e-03 lr: 5.0000e-03  eta: 2:12:10  time: 0.3261  data_time: 0.0016  memory: 9186  grad_norm: 1.3543  loss: 2.1781  loss_cls: 0.8269  loss_bbox: 0.6909  loss_centerness: 0.6604
2026/08/21 23:04:38 - mmengine - INFO - Epoch(train)  [4][1150/2804]  base_lr: 5.0000e-03 lr: 5.0000e-03  eta: 2:11:54  time: 0.3252  data_time: 0.0016  memory: 10313  grad_norm: 1.3448  loss: 2.2252  loss_cls: 0.8593  loss_bbox: 0.7008  loss_centerness: 0.6651
2026/08/21 23:04:54 - mmengine - INFO - Epoch(train)  [4][1200/2804]  base_lr: 5.0000e-03 lr: 5.0000e-03  eta: 2:11:37  time: 0.3231  data_time: 0.0014  memory: 8888  grad_norm: 0.8406  loss: 2.1463  loss_cls: 0.8324  loss_bbox: 0.6530  loss_centerness: 0.6608
2026/08/21 23:05:10 - mmengine - INFO - Epoch(train)  [4][1250/2804]  base_lr: 5.0000e-03 lr: 5.0000e-03  eta: 2:11:20  time: 0.3257  data_time: 0.0016  memory: 11912  grad_norm: 1.0782  loss: 2.1744  loss_cls: 0.8587  loss_bbox: 0.6529  loss_centerness: 0.6628
2026/08/21 23:05:27 - mmengine - INFO - Epoch(train)  [4][1300/2804]  base_lr: 5.0000e-03 lr: 5.0000e-03  eta: 2:11:03  time: 0.3263  data_time: 0.0017  memory: 8787  grad_norm: 0.8591  loss: 2.1417  loss_cls: 0.8110  loss_bbox: 0.6657  loss_centerness: 0.6650
2026/08/21 23:05:43 - mmengine - INFO - Epoch(train)  [4][1350/2804]  base_lr: 5.0000e-03 lr: 5.0000e-03  eta: 2:10:46  time: 0.3257  data_time: 0.0016  memory: 9242  grad_norm: 1.0814  loss: 2.1518  loss_cls: 0.7964  loss_bbox: 0.6938  loss_centerness: 0.6616
2026/08/21 23:05:59 - mmengine - INFO - Epoch(train)  [4][1400/2804]  base_lr: 5.0000e-03 lr: 5.0000e-03  eta: 2:10:30  time: 0.3276  data_time: 0.0017  memory: 8847  grad_norm: 0.9451  loss: 2.1536  loss_cls: 0.8020  loss_bbox: 0.6836  loss_centerness: 0.6680
2026/08/21 23:06:16 - mmengine - INFO - Epoch(train)  [4][1450/2804]  base_lr: 5.0000e-03 lr: 5.0000e-03  eta: 2:10:14  time: 0.3273  data_time: 0.0018  memory: 11735  grad_norm: 1.0109  loss: 2.2159  loss_cls: 0.8938  loss_bbox: 0.6543  loss_centerness: 0.6678
2026/08/21 23:06:32 - mmengine - INFO - Epoch(train)  [4][1500/2804]  base_lr: 5.0000e-03 lr: 5.0000e-03  eta: 2:09:57  time: 0.3267  data_time: 0.0018  memory: 9580  grad_norm: 1.4067  loss: 2.3532  loss_cls: 1.0170  loss_bbox: 0.6766  loss_centerness: 0.6595
2026/08/21 23:06:49 - mmengine - INFO - Epoch(train)  [4][1550/2804]  base_lr: 5.0000e-03 lr: 5.0000e-03  eta: 2:09:41  time: 0.3270  data_time: 0.0016  memory: 12477  grad_norm: 1.5361  loss: 2.1642  loss_cls: 0.8167  loss_bbox: 0.6840  loss_centerness: 0.6635
2026/08/21 23:07:01 - mmengine - INFO - Exp name: fcos_r50_pdd_p2p6_aitodv2_20260821_221159
2026/08/21 23:07:05 - mmengine - INFO - Epoch(train)  [4][1600/2804]  base_lr: 5.0000e-03 lr: 5.0000e-03  eta: 2:09:24  time: 0.3259  data_time: 0.0015  memory: 8810  grad_norm: 0.7832  loss: 2.1624  loss_cls: 0.8155  loss_bbox: 0.6847  loss_centerness: 0.6622
2026/08/21 23:07:21 - mmengine - INFO - Epoch(train)  [4][1650/2804]  base_lr: 5.0000e-03 lr: 5.0000e-03  eta: 2:09:07  time: 0.3271  data_time: 0.0016  memory: 8781  grad_norm: 1.0285  loss: 2.2076  loss_cls: 0.8179  loss_bbox: 0.7245  loss_centerness: 0.6651
2026/08/21 23:07:38 - mmengine - INFO - Epoch(train)  [4][1700/2804]  base_lr: 5.0000e-03 lr: 5.0000e-03  eta: 2:08:51  time: 0.3269  data_time: 0.0016  memory: 9644  grad_norm: 0.8843  loss: 2.1001  loss_cls: 0.7605  loss_bbox: 0.6741  loss_centerness: 0.6655
2026/08/21 23:07:54 - mmengine - INFO - Epoch(train)  [4][1750/2804]  base_lr: 5.0000e-03 lr: 5.0000e-03  eta: 2:08:34  time: 0.3245  data_time: 0.0015  memory: 8879  grad_norm: 1.1759  loss: 2.0249  loss_cls: 0.6857  loss_bbox: 0.6772  loss_centerness: 0.6619
2026/08/21 23:08:10 - mmengine - INFO - Epoch(train)  [4][1800/2804]  base_lr: 5.0000e-03 lr: 5.0000e-03  eta: 2:08:17  time: 0.3248  data_time: 0.0015  memory: 9479  grad_norm: 0.8749  loss: 2.1479  loss_cls: 0.8457  loss_bbox: 0.6414  loss_centerness: 0.6608
2026/08/21 23:08:26 - mmengine - INFO - Epoch(train)  [4][1850/2804]  base_lr: 5.0000e-03 lr: 5.0000e-03  eta: 2:08:00  time: 0.3248  data_time: 0.0015  memory: 9900  grad_norm: 1.0074  loss: 2.0809  loss_cls: 0.7536  loss_bbox: 0.6650  loss_centerness: 0.6623
2026/08/21 23:08:43 - mmengine - INFO - Epoch(train)  [4][1900/2804]  base_lr: 5.0000e-03 lr: 5.0000e-03  eta: 2:07:44  time: 0.3256  data_time: 0.0016  memory: 9599  grad_norm: 1.1704  loss: 2.2556  loss_cls: 0.8898  loss_bbox: 0.7012  loss_centerness: 0.6646
2026/08/21 23:08:59 - mmengine - INFO - Epoch(train)  [4][1950/2804]  base_lr: 5.0000e-03 lr: 5.0000e-03  eta: 2:07:27  time: 0.3257  data_time: 0.0015  memory: 9187  grad_norm: 1.4132  loss: 2.2489  loss_cls: 0.8876  loss_bbox: 0.6990  loss_centerness: 0.6623
2026/08/21 23:09:15 - mmengine - INFO - Epoch(train)  [4][2000/2804]  base_lr: 5.0000e-03 lr: 5.0000e-03  eta: 2:07:10  time: 0.3244  data_time: 0.0014  memory: 11587  grad_norm: 0.9902  loss: 2.1979  loss_cls: 0.8761  loss_bbox: 0.6573  loss_centerness: 0.6644
2026/08/21 23:09:32 - mmengine - INFO - Epoch(train)  [4][2050/2804]  base_lr: 5.0000e-03 lr: 5.0000e-03  eta: 2:06:54  time: 0.3254  data_time: 0.0017  memory: 8680  grad_norm: 1.0257  loss: 2.1435  loss_cls: 0.8186  loss_bbox: 0.6620  loss_centerness: 0.6630
2026/08/21 23:09:48 - mmengine - INFO - Epoch(train)  [4][2100/2804]  base_lr: 5.0000e-03 lr: 5.0000e-03  eta: 2:06:37  time: 0.3256  data_time: 0.0016  memory: 10827  grad_norm: 0.9095  loss: 2.0760  loss_cls: 0.7640  loss_bbox: 0.6520  loss_centerness: 0.6601
2026/08/21 23:10:04 - mmengine - INFO - Epoch(train)  [4][2150/2804]  base_lr: 5.0000e-03 lr: 5.0000e-03  eta: 2:06:20  time: 0.3256  data_time: 0.0015  memory: 8887  grad_norm: 0.9462  loss: 2.2112  loss_cls: 0.8995  loss_bbox: 0.6519  loss_centerness: 0.6598
2026/08/21 23:10:20 - mmengine - INFO - Epoch(train)  [4][2200/2804]  base_lr: 5.0000e-03 lr: 5.0000e-03  eta: 2:06:03  time: 0.3251  data_time: 0.0014  memory: 9276  grad_norm: 0.8346  loss: 2.1552  loss_cls: 0.8171  loss_bbox: 0.6759  loss_centerness: 0.6622
2026/08/21 23:10:37 - mmengine - INFO - Epoch(train)  [4][2250/2804]  base_lr: 5.0000e-03 lr: 5.0000e-03  eta: 2:05:47  time: 0.3251  data_time: 0.0016  memory: 11416  grad_norm: 0.8849  loss: 2.1188  loss_cls: 0.7741  loss_bbox: 0.6837  loss_centerness: 0.6611
2026/08/21 23:10:53 - mmengine - INFO - Epoch(train)  [4][2300/2804]  base_lr: 5.0000e-03 lr: 5.0000e-03  eta: 2:05:30  time: 0.3276  data_time: 0.0016  memory: 9126  grad_norm: 0.7022  loss: 2.1156  loss_cls: 0.7819  loss_bbox: 0.6714  loss_centerness: 0.6623
2026/08/21 23:11:10 - mmengine - INFO - Epoch(train)  [4][2350/2804]  base_lr: 5.0000e-03 lr: 5.0000e-03  eta: 2:05:14  time: 0.3272  data_time: 0.0015  memory: 8911  grad_norm: 1.1732  loss: 2.1467  loss_cls: 0.8107  loss_bbox: 0.6706  loss_centerness: 0.6654
2026/08/21 23:11:26 - mmengine - INFO - Epoch(train)  [4][2400/2804]  base_lr: 5.0000e-03 lr: 5.0000e-03  eta: 2:04:57  time: 0.3257  data_time: 0.0015  memory: 10891  grad_norm: 0.8755  loss: 2.1333  loss_cls: 0.8078  loss_bbox: 0.6627  loss_centerness: 0.6628
2026/08/21 23:11:42 - mmengine - INFO - Epoch(train)  [4][2450/2804]  base_lr: 5.0000e-03 lr: 5.0000e-03  eta: 2:04:40  time: 0.3254  data_time: 0.0015  memory: 10897  grad_norm: 1.1307  loss: 2.1469  loss_cls: 0.8320  loss_bbox: 0.6531  loss_centerness: 0.6618
2026/08/21 23:11:58 - mmengine - INFO - Epoch(train)  [4][2500/2804]  base_lr: 5.0000e-03 lr: 5.0000e-03  eta: 2:04:24  time: 0.3264  data_time: 0.0015  memory: 9282  grad_norm: 0.7862  loss: 2.1139  loss_cls: 0.8062  loss_bbox: 0.6474  loss_centerness: 0.6603
2026/08/21 23:12:15 - mmengine - INFO - Epoch(train)  [4][2550/2804]  base_lr: 5.0000e-03 lr: 5.0000e-03  eta: 2:04:07  time: 0.3291  data_time: 0.0014  memory: 8719  grad_norm: 1.1425  loss: 2.2226  loss_cls: 0.8733  loss_bbox: 0.6897  loss_centerness: 0.6596
2026/08/21 23:12:27 - mmengine - INFO - Exp name: fcos_r50_pdd_p2p6_aitodv2_20260821_221159
2026/08/21 23:12:31 - mmengine - INFO - Epoch(train)  [4][2600/2804]  base_lr: 5.0000e-03 lr: 5.0000e-03  eta: 2:03:51  time: 0.3263  data_time: 0.0016  memory: 10832  grad_norm: 1.0509  loss: 2.1650  loss_cls: 0.7971  loss_bbox: 0.7064  loss_centerness: 0.6616
2026/08/21 23:12:47 - mmengine - INFO - Epoch(train)  [4][2650/2804]  base_lr: 5.0000e-03 lr: 5.0000e-03  eta: 2:03:34  time: 0.3302  data_time: 0.0018  memory: 9007  grad_norm: 0.9782  loss: 2.1424  loss_cls: 0.8091  loss_bbox: 0.6713  loss_centerness: 0.6620
2026/08/21 23:13:04 - mmengine - INFO - Epoch(train)  [4][2700/2804]  base_lr: 5.0000e-03 lr: 5.0000e-03  eta: 2:03:18  time: 0.3286  data_time: 0.0019  memory: 9170  grad_norm: 1.0236  loss: 2.1839  loss_cls: 0.8233  loss_bbox: 0.6975  loss_centerness: 0.6632
2026/08/21 23:13:20 - mmengine - INFO - Epoch(train)  [4][2750/2804]  base_lr: 5.0000e-03 lr: 5.0000e-03  eta: 2:03:01  time: 0.3247  data_time: 0.0017  memory: 9724  grad_norm: 1.0126  loss: 2.2026  loss_cls: 0.8906  loss_bbox: 0.6523  loss_centerness: 0.6596
2026/08/21 23:13:36 - mmengine - INFO - Epoch(train)  [4][2800/2804]  base_lr: 5.0000e-03 lr: 5.0000e-03  eta: 2:02:44  time: 0.3216  data_time: 0.0010  memory: 8981  grad_norm: 1.1139  loss: 2.2154  loss_cls: 0.8542  loss_bbox: 0.6926  loss_centerness: 0.6686
2026/08/21 23:13:38 - mmengine - INFO - Exp name: fcos_r50_pdd_p2p6_aitodv2_20260821_221159
2026/08/21 23:13:38 - mmengine - INFO - Saving checkpoint at 4 epochs
